Date,DBC,EURUSD=X,IWMO.MI,IWQU.MI,IWVL.MI,MVOL.MI,SWDA.MI,VNQ
2003-12-01,,1.19650137424469,,,,,,
2003-12-02,,1.2088974714279175,,,,,,
2003-12-03,,1.2122975587844849,,,,,,
2003-12-04,,1.2080942392349243,,,,,,
2003-12-05,,1.2186946868896484,,,,,,
2003-12-08,,1.2220009565353394,,,,,,
2003-12-09,,1.2249947786331177,,,,,,
2003-12-10,,1.2190959453582764,,,,,,
2003-12-11,,1.2224042415618896,,,,,,
2003-12-12,,1.2278977632522583,,,,,,
2003-12-15,,1.2319974899291992,,,,,,
2003-12-16,,1.2321947813034058,,,,,,
2003-12-17,,1.2402024269104004,,,,,,
2003-12-18,,1.2422977685928345,,,,,,
2003-12-19,,1.2384973764419556,,,,,,
2003-12-22,,1.2398948669433594,,,,,,
2003-12-23,,1.2400025129318237,,,,,,
2003-12-24,,1.245298981666565,,,,,,
2003-12-25,,1.2448029518127441,,,,,,
2003-12-26,,1.243193507194519,,,,,,
2003-12-29,,1.2483927011489868,,,,,,
2003-12-30,,1.2548940181732178,,,,,,
2003-12-31,,1.2590018510818481,,,,,,
2004-01-01,,1.2581939697265625,,,,,,
2004-01-02,,1.2581939697265625,,,,,,
2004-01-05,,1.2686975002288818,,,,,,
2004-01-06,,1.2721028327941895,,,,,,
2004-01-07,,1.2640947103500366,,,,,,
2004-01-08,,1.2774981260299683,,,,,,
2004-01-09,,1.2858924865722656,,,,,,
2004-01-12,,1.2740962505340576,,,,,,
2004-01-13,,1.278592586517334,,,,,,
2004-01-14,,1.2651021480560303,,,,,,
2004-01-15,,1.260096549987793,,,,,,
2004-01-16,,1.239802598953247,,,,,,
2004-01-19,,1.235406756401062,,,,,,
2004-01-20,,1.2589067220687866,,,,,,
2004-01-21,,1.2659028768539429,,,,,,
2004-01-22,,1.2725075483322144,,,,,,
2004-01-23,,1.2583048343658447,,,,,,
2004-01-26,,1.2487980127334595,,,,,,
2004-01-27,,1.2636953592300415,,,,,,
2004-01-28,,1.2441989183425903,,,,,,
2004-01-29,,1.2410026788711548,,,,,,
2004-01-30,,1.2468050718307495,,,,,,
2004-02-02,,1.2433016300201416,,,,,,
2004-02-03,,1.2534940242767334,,,,,,
2004-02-04,,1.2539970874786377,,,,,,
2004-02-05,,1.2571974992752075,,,,,,
2004-02-06,,1.2700024843215942,,,,,,
2004-02-09,,1.2694060802459717,,,,,,
2004-02-10,,1.26850426197052,,,,,,
2004-02-11,,1.2830052375793457,,,,,,
2004-02-12,,1.2818048000335693,,,,,,
2004-02-13,,1.272799015045166,,,,,,
2004-02-16,,1.2765034437179565,,,,,,
2004-02-17,,1.2857933044433594,,,,,,
2004-02-18,,1.2725075483322144,,,,,,
2004-02-19,,1.2757054567337036,,,,,,
2004-02-20,,1.2542015314102173,,,,,,
2004-02-23,,1.2571974992752075,,,,,,
2004-02-24,,1.2677966356277466,,,,,,
2004-02-25,,1.249703288078308,,,,,,
2004-02-26,,1.2448029518127441,,,,,,
2004-02-27,,1.2494065761566162,,,,,,
2004-03-01,,1.2448029518127441,,,,,,
2004-03-02,,1.220405101776123,,,,,,
2004-03-03,,1.2190959453582764,,,,,,
2004-03-04,,1.220703125,,,,,,
2004-03-05,,1.2367972135543823,,,,,,
2004-03-08,,1.242606520652771,,,,,,
2004-03-09,,1.2319064140319824,,,,,,
2004-03-10,,1.2231967449188232,,,,,,
2004-03-11,,1.235101580619812,,,,,,
2004-03-12,,1.2224042415618896,,,,,,
2004-03-15,,1.22720468044281,,,,,,
2004-03-16,,1.2261061668395996,,,,,,
2004-03-17,,1.2227030992507935,,,,,,
2004-03-18,,1.2388964891433716,,,,,,
2004-03-19,,1.2269035577774048,,,,,,
2004-03-22,,1.2345983982086182,,,,,,
2004-03-23,,1.2345069646835327,,,,,,
2004-03-24,,1.2139016389846802,,,,,,
2004-03-25,,1.2136952877044678,,,,,,
2004-03-26,,1.212694525718689,,,,,,
2004-03-29,,1.216604232788086,,,,,,
2004-03-30,,1.2185016870498657,,,,,,
2004-03-31,,1.231299638748169,,,,,,
2004-04-01,,1.2365065813064575,,,,,,
2004-04-02,,1.2129004001617432,,,,,,
2004-04-05,,1.201302170753479,,,,,,
2004-04-06,,1.213106393814087,,,,,,
2004-04-07,,1.216604232788086,,,,,,
2004-04-08,,1.2077003717422485,,,,,,
2004-04-09,,1.208605170249939,,,,,,
2004-04-12,,1.2073066234588623,,,,,,
2004-04-13,,1.193801760673523,,,,,,
2004-04-14,,1.1947003602981567,,,,,,
2004-04-15,,1.1986957788467407,,,,,,
2004-04-16,,1.2002928256988525,,,,,,
2004-04-19,,1.2006964683532715,,,,,,
2004-04-20,,1.184805989265442,,,,,,
2004-04-21,,1.1810001134872437,,,,,,
2004-04-22,,1.1925063133239746,,,,,,
2004-04-23,,1.1850025653839111,,,,,,
2004-04-26,,1.1861974000930786,,,,,,
2004-04-27,,1.1929045915603638,,,,,,
2004-04-28,,1.1843008995056152,,,,,,
2004-04-29,,1.196000576019287,,,,,,
2004-04-30,,1.198293685913086,,,,,,
2004-05-03,,1.193602204322815,,,,,,
2004-05-04,,1.2105072736740112,,,,,,
2004-05-05,,1.215894103050232,,,,,,
2004-05-06,,1.2077003717422485,,,,,,
2004-05-07,,1.1880011558532715,,,,,,
2004-05-10,,1.1845955848693848,,,,,,
2004-05-11,,1.1881988048553467,,,,,,
2004-05-12,,1.190504550933838,,,,,,
2004-05-13,,1.1804006099700928,,,,,,
2004-05-14,,1.1881988048553467,,,,,,
2004-05-17,,1.2025011777877808,,,,,,
2004-05-18,,1.1945005655288696,,,,,,
2004-05-19,,1.2003936767578125,,,,,,
2004-05-20,,1.1957002878189087,,,,,,
2004-05-21,,1.2028049230575562,,,,,,
2004-05-24,,1.199903964996338,,,,,,
2004-05-25,,1.210097074508667,,,,,,
2004-05-26,,1.2110936641693115,,,,,,
2004-05-27,,1.227596402168274,,,,,,
2004-05-28,,1.2218068838119507,,,,,,
2004-05-31,,1.2198989391326904,,,,,,
2004-06-01,,1.2244998216629028,,,,,,
2004-06-02,,1.2218962907791138,,,,,,
2004-06-03,,1.2221053838729858,,,,,,
2004-06-04,,1.2275059223175049,,,,,,
2004-06-07,,1.2318001985549927,,,,,,
2004-06-08,,1.2261061668395996,,,,,,
2004-06-09,,1.2042969465255737,,,,,,
2004-06-10,,1.2109030485153198,,,,,,
2004-06-11,,1.2015043497085571,,,,,,
2004-06-14,,1.2061998844146729,,,,,,
2004-06-15,,1.216604232788086,,,,,,
2004-06-16,,1.2006964683532715,,,,,,
2004-06-17,,1.20339834690094,,,,,,
2004-06-18,,1.2145060300827026,,,,,,
2004-06-21,,1.2126061916351318,,,,,,
2004-06-22,,1.2121946811676025,,,,,,
2004-06-23,,1.208605170249939,,,,,,
2004-06-24,,1.2174040079116821,,,,,,
2004-06-25,,1.2203009128570557,,,,,,
2004-06-28,,1.2186946868896484,,,,,,
2004-06-29,,1.2098042964935303,,,,,,
2004-06-30,,1.218397855758667,,,,,,
2004-07-01,,1.2162047624588013,,,,,,
2004-07-02,,1.2311025857925415,,,,,,
2004-07-05,,1.229997158050537,,,,,,
2004-07-06,,1.2285012006759644,,,,,,
2004-07-07,,1.2371032238006592,,,,,,
2004-07-08,,1.2394952774047852,,,,,,
2004-07-09,,1.241896629333496,,,,,,
2004-07-12,,1.240802526473999,,,,,,
2004-07-13,,1.2333041429519653,,,,,,
2004-07-14,,1.2384973764419556,,,,,,
2004-07-15,,1.235605239868164,,,,,,
2004-07-16,,1.245593786239624,,,,,,
2004-07-19,,1.2439976930618286,,,,,,
2004-07-20,,1.2333954572677612,,,,,,
2004-07-21,,1.226301670074463,,,,,,
2004-07-22,,1.2255953550338745,,,,,,
2004-07-23,,1.2095993757247925,,,,,,
2004-07-26,,1.2139016389846802,,,,,,
2004-07-27,,1.2064036130905151,,,,,,
2004-07-28,,1.2043983936309814,,,,,,
2004-07-29,,1.2038040161132812,,,,,,
2004-07-30,,1.2016053199768066,,,,,,
2004-08-02,,1.2021976709365845,,,,,,
2004-08-03,,1.2052984237670898,,,,,,
2004-08-04,,1.2059961557388306,,,,,,
2004-08-05,,1.2051968574523926,,,,,,
2004-08-06,,1.2307995557785034,,,,,,
2004-08-09,,1.2272950410842896,,,,,,
2004-08-10,,1.2236007452011108,,,,,,
2004-08-11,,1.222195029258728,,,,,,
2004-08-12,,1.223900318145752,,,,,,
2004-08-13,,1.237593173980713,,,,,,
2004-08-16,,1.2358952760696411,,,,,,
2004-08-17,,1.2345069646835327,,,,,,
2004-08-18,,1.2340041399002075,,,,,,
2004-08-19,,1.2371950149536133,,,,,,
2004-08-20,,1.2321947813034058,,,,,,
2004-08-23,,1.2151997089385986,,,,,,
2004-08-24,,1.2081964015960693,,,,,,
2004-08-25,,1.208605170249939,,,,,,
2004-08-26,,1.2099066972732544,,,,,,
2004-08-27,,1.2019952535629272,,,,,,
2004-08-30,,1.2049063444137573,,,,,,
2004-08-31,,1.2178043127059937,,,,,,
2004-09-01,,1.2190067768096924,,,,,,
2004-09-02,,1.217300295829773,,,,,,
2004-09-03,,1.205501914024353,,,,,,
2004-09-06,,1.2065927982330322,,,,,,
2004-09-07,,1.2099066972732544,,,,,,
2004-09-08,,1.2189027070999146,,,,,,
2004-09-09,,1.2242000102996826,,,,,,
2004-09-10,,1.2272950410842896,,,,,,
2004-09-13,,1.2264070510864258,,,,,,
2004-09-14,,1.2260010242462158,,,,,,
2004-09-15,,1.215701937675476,,,,,,
2004-09-16,,1.2190067768096924,,,,,,
2004-09-17,,1.2182048559188843,,,,,,
2004-09-20,,1.2174040079116821,,,,,,
2004-09-21,,1.2328935861587524,,,,,,
2004-09-22,,1.2266929149627686,,,,,,
2004-09-23,,1.22720468044281,,,,,,
2004-09-24,,1.227596402168274,,,,,,
2004-09-27,,1.2307995557785034,,,,,,
2004-09-28,,1.232103705406189,,,,,,
2004-09-29,,1.2336997985839844,,,,,,19.328250885009766
2004-09-30,,1.2433944940567017,,,,,,19.483339309692383
2004-10-01,,1.2414957284927368,,,,,,19.843929290771484
2004-10-04,,1.2289994955062866,,,,,,19.929227828979492
2004-10-05,,1.2316029071807861,,,,,,19.925352096557617
2004-10-06,,1.2280938625335693,,,,,,20.018407821655273
2004-10-07,,1.229906439781189,,,,,,19.812908172607422
2004-10-08,,1.2410026788711548,,,,,,19.909847259521484
2004-10-11,,1.238405466079712,,,,,,19.832304000854492
2004-10-12,,1.232103705406189,,,,,,19.898204803466797
2004-10-13,,1.234903335571289,,,,,,19.94861602783203
2004-10-14,,1.2388964891433716,,,,,,20.10370635986328
2004-10-15,,1.2478941679000854,,,,,,20.309200286865234
2004-10-18,,1.248907208442688,,,,,,20.417776107788086
2004-10-19,,1.2518935203552246,,,,,,20.309200286865234
2004-10-20,,1.2578933238983154,,,,,,20.212270736694336
2004-10-21,,1.2620048522949219,,,,,,20.417776107788086
2004-10-22,,1.2690999507904053,,,,,,20.254928588867188
2004-10-25,,1.28109872341156,,,,,,20.157989501953125
2004-10-26,,1.2765034437179565,,,,,,20.347965240478516
2004-10-27,,1.270599603652954,,,,,,20.588361740112305
2004-10-28,,,,,,,,20.599994659423828
2004-10-29,,1.2791976928710938,,,,,,20.588361740112305
2004-11-01,,1.2745997905731201,,,,,,20.78998565673828
2004-11-02,,1.2720056772232056,,,,,,20.588361740112305
2004-11-03,,1.282495141029358,,,,,,20.797740936279297
2004-11-04,,1.2872995138168335,,,,,,21.111799240112305
2004-11-05,,1.2966973781585693,,,,,,20.541841506958008
2004-11-08,,1.2908055782318115,,,,,,20.59611701965332
2004-11-09,,1.2899065017700195,,,,,,20.673669815063477
2004-11-10,,1.2885932922363281,,,,,,20.82100486755371
2004-11-11,,1.2910054922103882,,,,,,20.991601943969727
2004-11-12,,1.2970000505447388,,,,,,21.40260124206543
2004-11-15,,1.2939958572387695,,,,,,21.674007415771484
2004-11-16,,1.2961931228637695,,,,,,21.54217529296875
2004-11-17,,1.303797960281372,,,,,,21.04200553894043
2004-11-18,,1.29490065574646,,,,,,21.007110595703125
2004-11-19,,1.3039000034332275,,,,,,20.78998565673828
2004-11-22,,1.3040019273757935,,,,,,20.933439254760742
2004-11-23,,1.309706211090088,,,,,,21.022621154785156
2004-11-24,,1.317800760269165,,,,,,21.387083053588867
2004-11-25,,1.3258028030395508,,,,,,
2004-11-26,,1.329504370689392,,,,,,21.363819122314453
2004-11-29,,1.32650625705719,,,,,,21.286273956298828
2004-11-30,,1.3298048973083496,,,,,,21.40260124206543
2004-12-01,,1.3345967531204224,,,,,,21.81746482849121
2004-12-02,,1.3261016607284546,,,,,,21.63136100769043
2004-12-03,,1.3466018438339233,,,,,,21.922157287597656
2004-12-06,,1.3396027088165283,,,,,,22.026844024658203
2004-12-07,,1.3430931568145752,,,,,,21.74766731262207
2004-12-08,,1.334507703781128,,,,,,21.805831909179688
2004-12-09,,1.3304064273834229,,,,,,21.964799880981445
2004-12-10,,1.3215975761413574,,,,,,22.150901794433594
2004-12-13,,1.3320013284683228,,,,,,22.0888729095459
2004-12-14,,1.3309022188186646,,,,,,22.069490432739258
2004-12-15,,1.3403927087783813,,,,,,22.112133026123047
2004-12-16,,1.325100064277649,,,,,,21.9105167388916
2004-12-17,,1.3312920331954956,,,,,,22.158668518066406
2004-12-20,,1.3392080068588257,,,,,,22.08112144470215
2004-12-21,,1.3368983268737793,,,,,,22.333145141601562
2004-12-22,,1.3391003608703613,,,,,,22.499662399291992
2004-12-23,,1.3512052297592163,,,,,,22.329185485839844
2004-12-24,,1.3538029193878174,,,,,,
2004-12-27,,1.3623977899551392,,,,,,22.16266632080078
2004-12-28,,1.359397530555725,,,,,,22.24592399597168
2004-12-29,,1.3606922626495361,,,,,,22.372791290283203
2004-12-30,,1.3628062009811401,,,,,,22.479835510253906
2004-12-31,,1.3565024137496948,,,,,,22.420364379882812
2005-01-03,,1.3470009565353394,,,,,,22.15869140625
2005-01-04,,1.3281975984573364,,,,,,21.825664520263672
2005-01-05,,1.3280036449432373,,,,,,21.10012435913086
2005-01-06,,1.3183046579360962,,,,,,21.26267433166504
2005-01-07,,1.3060967922210693,,,,,,21.215105056762695
2005-01-10,,1.310994029045105,,,,,,21.147706985473633
2005-01-11,,1.3116990327835083,,,,,,20.933609008789062
2005-01-12,,1.3255919218063354,,,,,,20.83448600769043
2005-01-13,,1.3211086988449097,,,,,,20.83448600769043
2005-01-14,,1.3098949193954468,,,,,,21.092191696166992
2005-01-17,,1.3051081895828247,,,,,,
2005-01-18,,1.3017951250076294,,,,,,21.298355102539062
2005-01-19,,1.3003056049346924,,,,,,21.31818389892578
2005-01-20,,1.29629385471344,,,,,,21.25078010559082
2005-01-21,,1.299899935722351,,,,,,21.27060317993164
2005-01-24,,1.3039000034332275,,,,,,21.10012435913086
2005-01-25,,1.2971009016036987,,,,,,20.703655242919922
2005-01-26,,1.307805061340332,,,,,,20.640214920043945
2005-01-27,,1.304103970527649,,,,,,20.493526458740234
2005-01-28,,1.3044953346252441,,,,,,20.525230407714844
2005-01-31,,1.305193305015564,,,,,,20.501447677612305
2005-02-01,,1.3039000034332275,,,,,,20.652109146118164
2005-02-02,,1.3032032251358032,,,,,,20.882061004638672
2005-02-03,,1.2972019910812378,,,,,,20.94549560546875
2005-02-04,,1.2857933044433594,,,,,,21.2309513092041
2005-02-07,,1.2764055728912354,,,,,,21.15959930419922
2005-02-08,,1.2769924402236938,,,,,,21.21113395690918
2005-02-09,,1.281295657157898,,,,,,21.345943450927734
2005-02-10,,1.287597894668579,,,,,,21.508480072021484
2005-02-11,,1.2856941223144531,,,,,,21.57192611694336
2005-02-14,,1.2973029613494873,,,,,,21.575889587402344
2005-02-15,,1.3016934394836426,,,,,,21.671035766601562
2005-02-16,,1.3023037910461426,,,,,,21.79790687561035
2005-02-17,,1.307497262954712,,,,,,21.782047271728516
2005-02-18,,1.3068991899490356,,,,,,21.591745376586914
2005-02-21,,1.3064039945602417,,,,,,
2005-02-22,,1.3261016607284546,,,,,,20.97325325012207
2005-02-23,,1.3203063011169434,,,,,,20.893959045410156
2005-02-24,,1.3183046579360962,,,,,,20.90981674194336
2005-02-25,,1.3246086835861206,,,,,,21.21113395690918
2005-02-28,,1.3217023611068726,,,,,,21.15166664123535
2005-03-01,,1.3171932697296143,,,,,,21.37368392944336
2005-03-02,,1.3135944604873657,,,,,,21.2309513092041
2005-03-03,,1.3105987310409546,,,,,,21.345943450927734
2005-03-04,,1.3246963024139404,,,,,,21.746366500854492
2005-03-07,,1.3221917152404785,,,,,,21.849451065063477
2005-03-08,,1.3352025747299194,,,,,,21.726547241210938
2005-03-09,,1.3377031087875366,,,,,,21.112014770507812
2005-03-10,,1.3437970876693726,,,,,,21.25474739074707
2005-03-11,,1.3472912311553955,,,,,,21.01685905456543
2005-03-14,,1.3365052938461304,,,,,,21.31024932861328
2005-03-15,,1.3310085535049438,,,,,,21.28249740600586
2005-03-16,,1.3410937786102295,,,,,,21.028759002685547
2005-03-17,,1.3379000425338745,,,,,,21.25078010559082
2005-03-18,,1.332196593284607,,,,,,21.175451278686523
2005-03-21,,1.3161011934280396,,,,,,21.032718658447266
2005-03-22,,1.3077024221420288,,,,,,20.656078338623047
2005-03-23,,1.299291968345642,,,,,,20.620397567749023
2005-03-24,,1.2931926250457764,,,,,,20.662128448486328
2005-03-25,,1.2956053018569946,,,,,,
2005-03-28,,1.289507269859314,,,,,,20.557798385620117
2005-03-29,,1.2937949895858765,,,,,,20.565828323364258
2005-03-30,,1.2915056943893433,,,,,,20.83864974975586
2005-03-31,,1.2966973781585693,,,,,,20.79050636291504
2005-04-01,,1.2909055948257446,,,,,,20.802539825439453
2005-04-04,,1.285000205039978,,,,,,20.710269927978516
2005-04-05,,1.2857933044433594,,,,,,20.662128448486328
2005-04-06,,1.2867032289505005,,,,,,20.770456314086914
2005-04-07,,1.285000205039978,,,,,,20.959012985229492
2005-04-08,,1.2934937477111816,,,,,,20.862728118896484
2005-04-11,,1.2971009016036987,,,,,,20.882780075073242
2005-04-12,,1.2915056943893433,,,,,,21.163631439208984
2005-04-13,,1.291205644607544,,,,,,21.187700271606445
2005-04-14,,1.2794922590255737,,,,,,20.98710060119629
2005-04-15,,1.2870012521743774,,,,,,21.14356803894043
2005-04-18,,1.3017951250076294,,,,,,21.11146354675293
2005-04-19,,1.3065063953399658,,,,,,21.215791702270508
2005-04-20,,1.3086949586868286,,,,,,21.163631439208984
2005-04-21,,1.3046995401382446,,,,,,21.15961456298828
2005-04-22,,1.3061991930007935,,,,,,21.32411003112793
2005-04-25,,1.2993931770324707,,,,,,21.556808471679688
2005-04-26,,1.2984988689422607,,,,,,21.584896087646484
2005-04-27,,1.2921065092086792,,,,,,21.75340461730957
2005-04-28,,1.2905057668685913,,,,,,21.701248168945312
2005-04-29,,1.287597894668579,,,,,,21.9901123046875
2005-05-02,,1.2846039533615112,,,,,,21.974061965942383
2005-05-03,,1.2886930704116821,,,,,,22.006160736083984
2005-05-04,,1.2950012683868408,,,,,,22.02621841430664
2005-05-05,,1.2956053018569946,,,,,,22.307064056396484
2005-05-06,,1.2811970710754395,,,,,,22.02621841430664
2005-05-09,,1.2854957580566406,,,,,,22.407367706298828
2005-05-10,,1.2886930704116821,,,,,,22.407367706298828
2005-05-11,,1.2813942432403564,,,,,,22.41940689086914
2005-05-12,,1.2681021690368652,,,,,,22.194721221923828
2005-05-13,,1.2616068124771118,,,,,,22.18669891357422
2005-05-16,,1.2639987468719482,,,,,,22.291017532348633
2005-05-17,,1.2603029012680054,,,,,,22.487613677978516
2005-05-18,,1.2681021690368652,,,,,,22.70827293395996
2005-05-19,,1.2635036706924438,,,,,,23.009174346923828
2005-05-20,,1.2556977272033691,,,,,,23.057323455810547
2005-05-23,,1.257102608680725,,,,,,23.10947608947754
2005-05-24,,1.2568024396896362,,,,,,22.788509368896484
2005-05-25,,1.2599060535430908,,,,,,22.50766944885254
2005-05-26,,1.251392126083374,,,,,,22.411378860473633
2005-05-27,,1.2581939697265625,,,,,,22.527721405029297
2005-05-30,,1.248299241065979,,,,,,
2005-05-31,,1.2307995557785034,,,,,,22.764442443847656
2005-06-01,,1.2196015119552612,,,,,,23.02522850036621
2005-06-02,,1.2266929149627686,,,,,,22.944988250732422
2005-06-03,,1.223002314567566,,,,,,22.948993682861328
2005-06-06,,1.2260010242462158,,,,,,23.12151527404785
2005-06-07,,1.2278977632522583,,,,,,23.318105697631836
2005-06-08,,1.2237954139709473,,,,,,23.414398193359375
2005-06-09,,1.2227928638458252,,,,,,23.438467025756836
2005-06-10,,1.2136952877044678,,,,,,23.39032554626465
2005-06-13,,1.211798071861267,,,,,,23.498647689819336
2005-06-14,,1.202602505683899,,,,,,23.691225051879883
2005-06-15,,1.2121946811676025,,,,,,23.74338150024414
2005-06-16,,1.2099066972732544,,,,,,23.7674617767334
2005-06-17,,1.2278977632522583,,,,,,24.036270141601562
2005-06-20,,1.2151997089385986,,,,,,24.01620864868164
2005-06-21,,1.2174040079116821,,,,,,23.811582565307617
2005-06-22,,1.212106466293335,,,,,,23.775489807128906
2005-06-23,,1.2029062509536743,,,,,,23.691225051879883
2005-06-24,,1.2098042964935303,,,,,,23.643085479736328
2005-06-27,,1.2163970470428467,,,,,,23.61225128173828
2005-06-28,,1.2073066234588623,,,,,,23.729890823364258
2005-06-29,,1.207802414894104,,,,,,23.806976318359375
2005-06-30,,1.2091021537780762,,,,,,23.811010360717773
2005-07-01,,1.193602204322815,,,,,,24.013845443725586
2005-07-04,,1.190901517868042,,,,,,
2005-07-05,,1.1931037902832031,,,,,,24.318056106567383
2005-07-06,,1.1929045915603638,,,,,,24.25722312927246
2005-07-07,,1.1945005655288696,,,,,,24.281551361083984
2005-07-08,,1.1981070041656494,,,,,,24.69532012939453
2005-07-11,,1.20689857006073,,,,,,24.995479583740234
2005-07-12,,1.223002314567566,,,,,,24.99142074584961
2005-07-13,,1.208006739616394,,,,,,24.84539031982422
2005-07-14,,1.2093945741653442,,,,,,24.431644439697266
2005-07-15,,1.204601526260376,,,,,,24.533058166503906
2005-07-18,,1.2056035995483398,,,,,,24.59795379638672
2005-07-19,,1.2029930353164673,,,,,,24.7845516204834
2005-07-20,,1.2158055305480957,,,,,,25.003599166870117
2005-07-21,,1.2161011695861816,,,,,,24.650693893432617
2005-07-22,,1.2060980796813965,,,,,,24.84539031982422
2005-07-25,,1.2065054178237915,,,,,,24.84539031982422
2005-07-26,,1.2017064094543457,,,,,,25.121227264404297
2005-07-27,,1.2066947221755981,,,,,,25.190189361572266
2005-07-28,,1.213194727897644,,,,,,25.543100357055664
2005-07-29,,1.2124004364013672,,,,,,25.51064682006836
2005-08-01,,1.218397855758667,,,,,,25.494421005249023
2005-08-02,,1.219393253326416,,,,,,25.676952362060547
2005-08-03,,1.23350191116333,,,,,,25.616119384765625
2005-08-04,,1.2384973764419556,,,,,,25.182079315185547
2005-08-05,,1.2365983724594116,,,,,,24.309955596923828
2005-08-08,,1.235101580619812,,,,,,23.433773040771484
2005-08-09,,1.2378076314926147,,,,,,23.543298721313477
2005-08-10,,1.2386049032211304,,,,,,23.77045440673828
2005-08-11,,1.247302770614624,,,,,,24.08685302734375
2005-08-12,,1.2444931268692017,,,,,,24.066574096679688
2005-08-15,,1.2371032238006592,,,,,,24.293733596801758
2005-08-16,,1.234994888305664,,,,,,24.43570327758789
2005-08-17,,1.2278074026107788,,,,,,24.24100112915039
2005-08-18,,1.218397855758667,,,,,,24.0787410736084
2005-08-19,,1.2154951095581055,,,,,,23.993555068969727
2005-08-22,,1.223406195640564,,,,,,24.066574096679688
2005-08-23,,1.2234959602355957,,,,,,24.16798210144043
2005-08-24,,1.227400541305542,,,,,,24.253171920776367
2005-08-25,,1.230193853378296,,,,,,24.281551361083984
2005-08-26,,1.2294074296951294,,,,,,23.981380462646484
2005-08-29,,1.2234959602355957,,,,,,23.985445022583008
2005-08-30,,1.2218068838119507,,,,,,24.058454513549805
2005-08-31,,1.234095573425293,,,,,,24.476266860961914
2005-09-01,,1.2490007877349854,,,,,,24.69532012939453
2005-09-02,,1.2533055543899536,,,,,,24.63040542602539
2005-09-05,,1.2526932954788208,,,,,,
2005-09-06,,1.245795488357544,,,,,,25.157739639282227
2005-09-07,,1.2416036128997803,,,,,,25.104999542236328
2005-09-08,,1.2394031286239624,,,,,,24.9427490234375
2005-09-09,,1.2410951852798462,,,,,,25.06848907470703
2005-09-12,,1.2291052341461182,,,,,,24.99142074584961
2005-09-13,,1.2280033826828003,,,,,,24.80076789855957
2005-09-14,,1.2278977632522583,,,,,,24.78050422668457
2005-09-15,,1.2236007452011108,,,,,,24.79265785217285
2005-09-16,,1.223900318145752,,,,,,24.84539031982422
2005-09-19,,1.2139016389846802,,,,,,24.650693893432617
2005-09-20,,1.2119008302688599,,,,,,24.46004295349121
2005-09-21,,,,,,,,23.9205322265625
2005-09-22,,1.2154065370559692,,,,,,24.050344467163086
2005-09-23,,1.2040939331054688,,,,,,24.07063102722168
2005-09-26,,1.2073066234588623,,,,,,24.2618408203125
2005-09-27,,1.2018941640853882,,,,,,24.200281143188477
2005-09-28,,1.2061998844146729,,,,,,23.966405868530273
2005-09-29,,1.2020964622497559,,,,,,24.413639068603516
2005-09-30,,1.2028049230575562,,,,,,24.80344009399414
2005-10-03,,1.1912987232208252,,,,,,24.72960090637207
2005-10-04,,1.1918951272964478,,,,,,24.311063766479492
2005-10-05,,1.2012012004852295,,,,,,23.933584213256836
2005-10-06,,1.2171964645385742,,,,,,23.9007568359375
2005-10-07,,1.213003396987915,,,,,,23.654569625854492
2005-10-10,,1.2049063444137573,,,,,,23.350933074951172
2005-10-11,,1.1984946727752686,,,,,,23.248353958129883
2005-10-12,,1.2028049230575562,,,,,,22.829837799072266
2005-10-13,,1.2018941640853882,,,,,,22.83394432067871
2005-10-14,,1.2077003717422485,,,,,,23.36324119567871
2005-10-17,,1.20110023021698,,,,,,23.498653411865234
2005-10-18,,1.195500135421753,,,,,,23.272979736328125
2005-10-19,,1.1974040269851685,,,,,,23.535572052001953
2005-10-20,,1.2017930746078491,,,,,,23.162195205688477
2005-10-21,,1.1954001188278198,,,,,,23.383758544921875
2005-10-24,,1.197604775428772,,,,,,23.859722137451172
2005-10-25,,1.2111963033676147,,,,,,23.76125144958496
2005-10-26,,1.2063016891479492,,,,,,23.5191650390625
2005-10-27,,1.2142995595932007,,,,,,23.264774322509766
2005-10-28,,1.2071025371551514,,,,,,23.966405868530273
2005-10-31,,1.1988970041275024,,,,,,24.089496612548828
2005-11-01,,1.2023999691009521,,,,,,23.55609130859375
2005-11-02,,1.206752896308899,,,,,,23.773555755615234
2005-11-03,,1.1952000856399536,,,,,,23.70380973815918
2005-11-04,,1.1813069581985474,,,,,,23.568403244018555
2005-11-07,,1.1793009042739868,,,,,,23.679183959960938
2005-11-08,,1.1768028736114502,,,,,,23.613544464111328
2005-11-09,,1.1778008937835693,,,,,,23.880239486694336
2005-11-10,,1.1675559282302856,,,,,,24.446475982666016
2005-11-11,,1.1735023260116577,,,,,,24.544944763183594
2005-11-14,,1.1691941022872925,,,,,,24.524438858032227
2005-11-15,,1.1731994152069092,,,,,,24.512121200561523
2005-11-16,,1.1677058935165405,,,,,,24.37261962890625
2005-11-17,,1.1747982501983643,,,,,,24.77472496032715
2005-11-18,,1.1776067018508911,,,,,,24.864992141723633
2005-11-21,,1.1736950874328613,,,,,,24.988088607788086
2005-11-22,,1.181404709815979,,,,,,25.308128356933594
2005-11-23,,1.1808048486709595,,,,,,25.418926239013672
2005-11-24,,1.1781060695648193,,,,,,
2005-11-25,,1.1724978685379028,,,,,,25.505088806152344
2005-11-28,,1.1850025653839111,,,,,,25.226072311401367
2005-11-29,,1.1768028736114502,,,,,,25.242488861083984
2005-11-30,,1.1804981231689453,,,,,,25.09067153930664
2005-12-01,,1.1742050647735596,,,,,,25.455852508544922
2005-12-02,,1.1718933582305908,,,,,,25.328645706176758
2005-12-05,,1.1787031888961792,,,,,,25.234275817871094
2005-12-06,,1.1798018217086792,,,,,,25.1522159576416
2005-12-07,,1.1717971563339233,,,,,,25.020910263061523
2005-12-08,,1.1813069581985474,,,,,,25.20965003967285
2005-12-09,,1.181404709815979,,,,,,25.27530860900879
2005-12-12,,1.1956002712249756,,,,,,25.291725158691406
2005-12-13,,1.1949001550674438,,,,,,25.4148006439209
2005-12-14,,1.1974040269851685,,,,,,25.464054107666016
2005-12-15,,1.1967018842697144,,,,,,25.271202087402344
2005-12-16,,1.2014031410217285,,,,,,25.361478805541992
2005-12-19,,1.2006964683532715,,,,,,25.02911376953125
2005-12-20,,1.1874933242797852,,,,,,25.06194496154785
2005-12-21,,1.1834039688110352,,,,,,25.21375846862793
2005-12-22,,1.187295913696289,,,,,,25.35736083984375
2005-12-23,,1.187197208404541,,,,,,25.44353485107422
2005-12-26,,1.1837962865829468,,,,,,
2005-12-27,,1.1856067180633545,,,,,,25.328508377075195
2005-12-28,,1.184805989265442,,,,,,25.29899787902832
2005-12-29,,1.1850025653839111,,,,,,25.168376922607422
2005-12-30,,1.184104561805725,,,,,,25.096742630004883
2006-01-02,,1.1816978454589844,,,,,,
2006-01-03,,1.2032970190048218,,,,,,25.60239028930664
2006-01-04,,1.2111963033676147,,,,,,25.79200553894043
2006-01-05,,1.2106977701187134,,,,,,25.99004554748535
2006-01-06,,1.2154065370559692,,,,,,26.23444938659668
2006-01-09,,1.207496166229248,,,,,,26.45777130126953
2006-01-10,,1.2064036130905151,,,,,,26.617891311645508
2006-01-11,,1.2139016389846802,,,,,,26.6600284576416
2006-01-12,,1.2045000791549683,,,,,,26.58418846130371
2006-01-13,,1.2142995595932007,,,,,,26.25550651550293
2006-01-16,,1.2116072177886963,,,,,,
2006-01-17,,1.2108443975448608,,,,,,26.15017318725586
2006-01-18,,1.210800290107727,,,,,,26.145965576171875
2006-01-19,,1.2091021537780762,,,,,,26.474624633789062
2006-01-20,,1.2136069536209106,,,,,,26.217586517333984
2006-01-23,,1.2304056882858276,,,,,,26.3355712890625
2006-01-24,,1.2264971733093262,,,,,,26.533618927001953
2006-01-25,,1.2244998216629028,,,,,,26.550474166870117
2006-01-26,,1.2214934825897217,,,,,,26.63896369934082
2006-01-27,,1.2093945741653442,,,,,,26.938125610351562
2006-01-30,,1.208605170249939,,,,,,26.917062759399414
2006-01-31,,1.2148454189300537,,,,,,26.988698959350586
2006-02-01,,1.2066947221755981,,,,,,27.11510467529297
2006-02-02,,1.208400845527649,,,,,,26.925491333007812
2006-02-03,,1.2027037143707275,,,,,,26.689516067504883
2006-02-06,19.18509864807129,1.196300983428955,,,,,,26.790660858154297
2006-02-07,18.630157470703125,1.1992995738983154,,,,,,26.579959869384766
2006-02-08,18.550880432128906,1.19650137424469,,,,,,26.461994171142578
2006-02-09,18.725290298461914,1.1994003057479858,,,,,,26.588401794433594
2006-02-10,18.384395599365234,1.19070303440094,,,,,,26.613672256469727
2006-02-13,18.0989990234375,1.1911994218826294,,,,,,26.651594161987305
2006-02-14,17.948373794555664,1.1915968656539917,,,,,,26.7990779876709
2006-02-15,17.686756134033203,1.1885942220687866,,,,,,27.035051345825195
2006-02-16,17.900806427001953,1.19070303440094,,,,,,27.21623420715332
2006-02-17,18.154495239257812,1.1942009925842285,,,,,,27.506975173950195
2006-02-20,,1.193402886390686,,,,,,
2006-02-21,18.455747604370117,1.191994547843933,,,,,,27.473278045654297
2006-02-22,18.154495239257812,1.1915968656539917,,,,,,27.780868530273438
2006-02-23,18.09107208251953,1.1921935081481934,,,,,,27.734525680541992
2006-02-24,18.582590103149414,1.1878036260604858,,,,,,27.587038040161133
2006-02-27,18.217912673950195,1.1850025653839111,,,,,,27.591251373291016
2006-02-28,18.463674545288086,1.1930042505264282,,,,,,27.490121841430664
2006-03-01,18.424036026000977,1.191994547843933,,,,,,27.650251388549805
2006-03-02,18.756999969482422,1.203905463218689,,,,,,27.616540908813477
2006-03-03,18.931411743164062,1.204601526260376,,,,,,27.464841842651367
2006-03-06,18.630157470703125,1.2016053199768066,,,,,,27.962051391601562
2006-03-07,18.30512046813965,1.1890040636062622,,,,,,27.624950408935547
2006-03-08,18.011791229248047,1.1927053928375244,,,,,,27.768230438232422
2006-03-09,18.19413185119629,1.1904053688049316,,,,,,27.995769500732422
2006-03-10,18.11485481262207,1.1911001205444336,,,,,,28.248594284057617
2006-03-13,18.35268783569336,1.1967018842697144,,,,,,28.063194274902344
2006-03-14,18.622228622436523,1.2018941640853882,,,,,,28.265443801879883
2006-03-15,18.416109085083008,1.2071025371551514,,,,,,28.80058479309082
2006-03-16,18.574663162231445,1.217492938041687,,,,,,29.099761962890625
2006-03-17,18.487457275390625,1.2192000150680542,,,,,,29.361013412475586
2006-03-20,18.106931686401367,1.216293454170227,,,,,,28.8668212890625
2006-03-21,18.170352935791016,1.210800290107727,,,,,,28.532001495361328
2006-03-22,18.13863754272461,1.2079044580459595,,,,,,28.595577239990234
2006-03-23,18.447818756103516,1.197203278541565,,,,,,28.671863555908203
2006-03-24,18.40818214416504,1.2034997940063477,,,,,,28.62948989868164
2006-03-27,18.519168853759766,1.20110023021698,,,,,,28.298892974853516
2006-03-28,18.756999969482422,1.20110023021698,,,,,,28.61252784729004
2006-03-29,18.88384437561035,1.2030943632125854,,,,,,29.14655113220215
2006-03-30,19.11374855041504,1.2167967557907104,,,,,,28.72696876525879
2006-03-31,18.97897720336914,1.2115044593811035,,,,,,28.786298751831055
2006-04-03,19.066179275512695,1.2139016389846802,,,,,,28.290420532226562
2006-04-04,18.963119506835938,1.2260010242462158,,,,,,28.095455169677734
2006-04-05,19.0820369720459,1.2288031578063965,,,,,,28.2480411529541
2006-04-06,19.422931671142578,1.2214038372039795,,,,,,28.133588790893555
2006-04-07,19.335725784301758,1.2094969749450684,,,,,,27.70977783203125
2006-04-10,19.69247055053711,1.2111963033676147,,,,,,27.44700050354004
2006-04-11,19.771751403808594,1.2148010730743408,,,,,,27.379188537597656
2006-04-12,19.732107162475586,1.2114017009735107,,,,,,27.379188537597656
2006-04-13,19.85895347595215,1.2116072177886963,,,,,,27.018930435180664
2006-04-14,,1.2111963033676147,,,,,,
2006-04-17,20.0730037689209,1.2254000902175903,,,,,,26.942657470703125
2006-04-18,20.334619522094727,1.2367054224014282,,,,,,27.599590301513672
2006-04-19,20.53281021118164,1.2378076314926147,,,,,,27.938640594482422
2006-04-20,20.29498291015625,1.230905532836914,,,,,,27.96831703186035
2006-04-21,20.72307777404785,1.234095573425293,,,,,,27.97254180908203
2006-04-24,20.310834884643555,1.2388964891433716,,,,,,27.82845115661621
2006-04-25,20.37425994873047,1.2428998947143555,,,,,,27.616533279418945
2006-04-26,20.29498291015625,1.2448959350585938,,,,,,27.53176498413086
2006-04-27,19.977872848510742,1.2531956434249878,,,,,,27.705541610717773
2006-04-28,20.310834884643555,1.2635995149612427,,,,,,27.807270050048828
2006-05-01,20.53281021118164,1.258004069328308,,,,,,27.472423553466797
2006-05-02,20.770641326904297,1.261702299118042,,,,,,27.192712783813477
2006-05-03,20.398040771484375,1.2623074054718018,,,,,,27.24357032775879
2006-05-04,20.152280807495117,1.270099401473999,,,,,,27.629255294799805
2006-05-05,20.37425994873047,1.272799015045166,,,,,,27.985258102416992
2006-05-08,20.318761825561523,1.27029287815094,,,,,,28.108169555664062
2006-05-09,20.63587188720703,1.2766989469528198,,,,,,28.095455169677734
2006-05-10,21.151174545288086,1.2774492502212524,,,,,,27.993749618530273
2006-05-11,21.3572940826416,1.2851983308792114,,,,,,27.476680755615234
2006-05-12,21.285947799682617,1.2929919958114624,,,,,,27.129135131835938
2006-05-15,20.56452178955078,1.2790013551712036,,,,,,27.502098083496094
2006-05-16,20.627946853637695,1.285000205039978,,,,,,27.39615249633789
2006-05-17,20.596233367919922,1.2741937637329102,,,,,,26.883316040039062
2006-05-18,20.604162216186523,1.2850992679595947,,,,,,26.675634384155273
2006-05-19,20.152280807495117,1.2766989469528198,,,,,,26.739219665527344
2006-05-22,20.310834884643555,1.2852975130081177,,,,,,26.66716194152832
2006-05-23,20.627946853637695,1.2782983779907227,,,,,,26.374725341796875
2006-05-24,20.10471534729004,1.277400255203247,,,,,,26.417102813720703
2006-05-25,20.453533172607422,1.2810001373291016,,,,,,26.91299057006836
2006-05-26,20.6517276763916,1.2739015817642212,,,,,,27.23509407043457
2006-05-29,,1.2751035690307617,,,,,,
2006-05-30,20.540739059448242,1.2865046262741089,,,,,,27.010473251342773
2006-05-31,20.2315616607666,1.2816076278686523,,,,,,27.057077407836914
2006-06-01,19.985797882080078,1.28109872341156,,,,,,27.552955627441406
2006-06-02,20.38218116760254,1.2918059825897217,,,,,,27.870838165283203
2006-06-05,20.326688766479492,1.290106177330017,,,,,,28.006465911865234
2006-06-06,20.152280807495117,1.2821991443634033,,,,,,27.671627044677734
2006-06-07,20.017507553100586,1.2801966667175293,,,,,,27.86658477783203
2006-06-08,19.8034610748291,1.2648941278457642,,,,,,27.807270050048828
2006-06-09,19.83517074584961,1.2640947103500366,,,,,,27.989498138427734
2006-06-12,19.597339630126953,1.258605718612671,,,,,,27.654685974121094
2006-06-13,19.066179275512695,1.2545949220657349,,,,,,27.370716094970703
2006-06-14,19.058256149291992,1.2609069347381592,,,,,,27.13761329650879
2006-06-15,19.264375686645508,1.2639987468719482,,,,,,27.705541610717773
2006-06-16,19.304014205932617,1.2644941806793213,,,,,,27.65043830871582
2006-06-19,18.947265625,1.258004069328308,,,,,,27.459726333618164
2006-06-20,19.105819702148438,1.2589067220687866,,,,,,27.315629959106445
2006-06-21,19.3832950592041,1.2660951614379883,,,,,,27.633495330810547
2006-06-22,19.375364303588867,1.2584948539733887,,,,,,27.43852996826172
2006-06-23,19.335725784301758,1.2523951530456543,,,,,,27.230854034423828
2006-06-26,19.549774169921875,1.2589067220687866,,,,,,27.521270751953125
2006-06-27,19.621122360229492,1.256897211074829,,,,,,27.491287231445312
2006-06-28,19.54184341430664,1.2545949220657349,,,,,,27.572673797607422
2006-06-29,19.96994400024414,1.26639986038208,,,,,,28.185216903686523
2006-06-30,20.057144165039062,1.2782983779907227,,,,,,28.399377822875977
2006-07-03,20.58830451965332,1.28009831905365,,,,,,28.926246643066406
2006-07-04,,1.2790013551712036,,,,,,
2006-07-05,20.429752349853516,1.2733986377716064,,,,,,28.879131317138672
2006-07-06,20.56452178955078,1.2775959968566895,,,,,,28.94766616821289
2006-07-07,20.413896560668945,1.2823965549468994,,,,,,28.827716827392578
2006-07-10,20.271198272705078,1.2745022773742676,,,,,,29.054758071899414
2006-07-11,20.715147018432617,1.2767478227615356,,,,,,29.101871490478516
2006-07-12,20.921268463134766,1.2711971998214722,,,,,,29.17898178100586
2006-07-13,20.913345336914062,1.2696961164474487,,,,,,28.784881591796875
2006-07-14,21.008472442626953,1.2643983364105225,,,,,,28.390819549560547
2006-07-17,20.53281021118164,1.251799464225769,,,,,,28.390819549560547
2006-07-18,20.405967712402344,1.2502031326293945,,,,,,28.819156646728516
2006-07-19,20.477317810058594,1.2599060535430908,,,,,,29.264636993408203
2006-07-20,20.263269424438477,1.263296127319336,,,,,,29.024761199951172
2006-07-21,20.207775115966797,1.270599603652954,,,,,,28.549299240112305
2006-07-24,20.29498291015625,1.262403130531311,,,,,,29.02047348022461
2006-07-25,20.12056541442871,1.2583998441696167,,,,,,29.170412063598633
2006-07-26,19.985797882080078,1.2712942361831665,,,,,,29.273218154907227
2006-07-27,20.37425994873047,1.269599437713623,,,,,,29.17898178100586
2006-07-28,20.302907943725586,1.2751035690307617,,,,,,29.60304069519043
2006-07-31,20.501102447509766,1.277400255203247,,,,,,29.504520416259766
2006-08-01,20.596233367919922,1.2820019721984863,,,,,,29.350317001342773
2006-08-02,20.87370491027832,1.2791976928710938,,,,,,29.294628143310547
2006-08-03,20.675512313842773,1.2799016237258911,,,,,,29.57305145263672
2006-08-04,20.6517276763916,1.2878963947296143,,,,,,30.039949417114258
2006-08-07,20.976760864257812,1.2819033861160278,,,,,,29.744384765625
2006-08-08,20.68343734741211,1.2766989469528198,,,,,,29.303199768066406
2006-08-09,20.715147018432617,1.2874983549118042,,,,,,29.123292922973633
2006-08-10,20.445606231689453,1.2792959213256836,,,,,,29.144712448120117
2006-08-11,20.247411727905273,1.2725075483322144,,,,,,28.964797973632812
2006-08-14,20.057144165039062,1.2722970247268677,,,,,,29.243213653564453
2006-08-15,20.08885955810547,1.2790995836257935,,,,,,29.57732391357422
2006-08-16,19.87480926513672,1.2843070030212402,,,,,,29.63302230834961
2006-08-17,19.565631866455078,1.283202886581421,,,,,,29.590194702148438
2006-08-18,19.668689727783203,1.2828078269958496,,,,,,29.72298240661621
2006-08-21,19.827245712280273,1.2872995138168335,,,,,,29.894311904907227
2006-08-22,19.7955322265625,1.2811970710754395,,,,,,30.104196548461914
2006-08-23,19.589412689208984,1.2781022787094116,,,,,,29.87289810180664
2006-08-24,19.87480926513672,1.2761938571929932,,,,,,29.98856544494629
2006-08-25,19.866880416870117,1.2757054567337036,,,,,,29.967130661010742
2006-08-28,19.557701110839844,1.2792466878890991,,,,,,30.322650909423828
2006-08-29,19.525991439819336,1.2829065322875977,,,,,,30.326942443847656
2006-08-30,19.81931495666504,1.284092664718628,,,,,,30.506837844848633
2006-08-31,19.81931495666504,1.2809016704559326,,,,,,30.532556533813477
2006-09-01,19.779680252075195,1.2835981845855713,,,,,,30.356929779052734
2006-09-04,,1.2856941223144531,,,,,,
2006-09-05,19.747966766357422,1.2823965549468994,,,,,,30.66533088684082
2006-09-06,19.644908905029297,1.2819033861160278,,,,,,30.519697189331055
2006-09-07,19.581483840942383,1.2732040882110596,,,,,,30.271251678466797
2006-09-08,19.422931671142578,1.2672985792160034,,,,,,30.558244705200195
2006-09-11,18.971050262451172,1.2710033655166626,,,,,,30.656768798828125
2006-09-12,18.669795989990234,1.2695027589797974,,,,,,31.050846099853516
2006-09-13,18.622228622436523,1.2696961164474487,,,,,,31.226476669311523
2006-09-14,18.51124382019043,1.2722970247268677,,,,,,31.059415817260742
2006-09-15,18.455747604370117,1.2651021480560303,,,,,,31.30786895751953
2006-09-18,18.677722930908203,1.2706964015960693,,,,,,31.085121154785156
2006-09-19,18.400251388549805,1.2677003145217896,,,,,,31.316423416137695
2006-09-20,18.289268493652344,1.2687939405441284,,,,,,31.247882843017578
2006-09-21,18.606372833251953,1.2781022787094116,,,,,,30.900917053222656
2006-09-22,18.3923282623291,1.2799999713897705,,,,,,30.982311248779297
2006-09-25,18.431964874267578,1.2745022773742676,,,,,,31.029014587402344
2006-09-26,18.51124382019043,1.2686975002288818,,,,,,30.955493927001953
2006-09-27,18.788711547851562,1.270599603652954,,,,,,31.22791862487793
2006-09-28,18.939340591430664,1.2703574895858765,,,,,,31.163055419921875
2006-09-29,18.986906051635742,1.2662074565887451,,,,,,31.132783889770508
2006-10-02,18.78078269958496,1.2741937637329102,,,,,,31.072248458862305
2006-10-03,18.471603393554688,1.2734960317611694,,,,,,31.374923706054688
2006-10-04,18.606372833251953,1.2712942361831665,,,,,,31.7381591796875
2006-10-05,18.709434509277344,1.269551157951355,,,,,,31.945693969726562
2006-10-06,18.78078269958496,1.260398268699646,,,,,,31.74679946899414
2006-10-09,19.304014205932617,1.260096549987793,,,,,,31.92841339111328
2006-10-10,18.788711547851562,1.2531956434249878,,,,,,31.93273162841797
2006-10-11,18.53502655029297,1.2523951530456543,,,,,,31.811647415161133
2006-10-12,18.74114418029785,1.2559974193572998,,,,,,32.10136795043945
2006-10-13,19.145456314086914,1.250500202178955,,,,,,32.468902587890625
2006-10-16,19.31194305419922,1.2541072368621826,,,,,,32.5380859375
2006-10-17,19.327795028686523,1.2545005083084106,,,,,,32.42998123168945
2006-10-18,19.018613815307617,1.2539026737213135,,,,,,32.594303131103516
2006-10-19,19.335725784301758,1.2627060413360596,,,,,,32.51646423339844
2006-10-20,19.066179275512695,1.2616068124771118,,,,,,32.47322463989258
2006-10-23,19.105819702148438,1.255098819732666,,,,,,32.667808532714844
2006-10-24,19.240591049194336,1.2559027671813965,,,,,,32.499168395996094
2006-10-25,19.581483840942383,1.2616068124771118,,,,,,32.66347885131836
2006-10-26,19.44671630859375,1.2694060802459717,,,,,,32.9877815246582
2006-10-27,19.50220489501953,1.2743074893951416,,,,,,32.76726150512695
2006-10-30,19.296085357666016,1.271795392036438,,,,,,32.953189849853516
2006-10-31,19.177169799804688,1.2766989469528198,,,,,,33.0093994140625
2006-11-01,19.422931671142578,1.2754452228546143,,,,,,32.75428009033203
2006-11-02,19.280229568481445,1.2780042886734009,,,,,,32.13162612915039
2006-11-03,19.518062591552734,1.2706964015960693,,,,,,31.777067184448242
2006-11-06,19.85895347595215,1.2725560665130615,,,,,,32.07109832763672
2006-11-07,19.81138801574707,1.2779062986373901,,,,,,31.720855712890625
2006-11-08,19.787607192993164,1.2759984731674194,,,,,,31.828943252563477
2006-11-09,20.049222946166992,1.283252239227295,,,,,,31.876514434814453
2006-11-10,19.62904930114746,1.2853965759277344,,,,,,32.00624465942383
2006-11-13,19.486352920532227,1.2825939655303955,,,,,,32.08405685424805
2006-11-14,19.54184341430664,1.2813942432403564,,,,,,32.49052429199219
2006-11-15,19.69247055053711,1.282495141029358,,,,,,32.5294303894043
2006-11-16,19.20095443725586,1.2793940305709839,,,,,,32.74997329711914
2006-11-17,19.438783645629883,1.285000205039978,,,,,,32.62456130981445
2006-11-20,19.367435455322266,1.2818048000335693,,,,,,33.75313186645508
2006-11-21,19.549774169921875,1.2846039533615112,,,,,,34.2979736328125
2006-11-22,19.621122360229492,1.2938953638076782,,,,,,34.44927978515625
2006-11-23,,1.295202612876892,,,,,,
2006-11-24,19.890666961669922,1.3085066080093384,,,,,,34.5963249206543
2006-11-27,19.94615936279297,1.3133012056350708,,,,,,33.66231918334961
2006-11-28,20.00165367126465,1.320393443107605,,,,,,33.75313186645508
2006-11-29,20.255340576171875,1.3148033618927002,,,,,,34.22875213623047
2006-11-30,20.437681198120117,1.325100064277649,,,,,,34.58765411376953
2006-12-01,20.429752349853516,1.334098219871521,,,,,,34.522804260253906
2006-12-04,20.334619522094727,1.3336000442504883,,,,,,34.9249267578125
2006-12-05,20.398040771484375,1.331894874572754,,,,,,34.656864166259766
2006-12-06,20.128496170043945,1.3286564350128174,,,,,,34.4622688293457
2006-12-07,20.057144165039062,1.3286035060882568,,,,,,34.2503776550293
2006-12-08,19.898591995239258,1.3394052982330322,,,,,,34.36281204223633
2006-12-11,19.9303035736084,1.325100064277649,,,,,,34.44064712524414
2006-12-12,19.898591995239258,1.3284975290298462,,,,,,34.28498458862305
2006-12-13,19.906524658203125,1.3218071460723877,,,,,,34.107704162597656
2006-12-14,20.136423110961914,1.3156510591506958,,,,,,34.133644104003906
2006-12-15,20.2315616607666,1.3098949193954468,,,,,,33.878517150878906
2006-12-18,19.874195098876953,1.3105987310409546,,,,,,33.6666374206543
2006-12-19,20.109729766845703,1.3207073211669922,,,,,,33.38126754760742
2006-12-20,20.150339126586914,1.318704605102539,,,,,,33.73152542114258
2006-12-21,19.947290420532227,1.3183915615081787,,,,,,33.45478057861328
2006-12-22,20.101608276367188,1.3136979341506958,,,,,,33.1611328125
2006-12-25,,1.3135944604873657,,,,,,
2006-12-26,19.792978286743164,1.310994029045105,,,,,,33.39921569824219
2006-12-27,19.736125946044922,1.312508225440979,,,,,,33.699039459228516
2006-12-28,19.88231658935547,1.3148033618927002,,,,,,33.791629791259766
2006-12-29,19.963537216186523,1.3198009729385376,,,,,,33.950355529785156
2007-01-01,,1.3218945264816284,,,,,,
2007-01-02,,1.3275980949401855,,,,,,
2007-01-03,19.33003044128418,1.3171066045761108,,,,,,34.00328063964844
2007-01-04,18.826475143432617,1.3092947006225586,,,,,,34.04737091064453
2007-01-05,18.761503219604492,1.2984988689422607,,,,,,33.4168586730957
2007-01-08,18.858964920043945,1.3040019273757935,,,,,,33.465354919433594
2007-01-09,18.69652557373047,1.2996971607208252,,,,,,33.888648986816406
2007-01-10,18.420381546020508,1.2939958572387695,,,,,,34.32514190673828
2007-01-11,18.39601707458496,1.289507269859314,,,,,,34.77045822143555
2007-01-12,18.826475143432617,1.292808175086975,,,,,,34.88068771362305
2007-01-15,,1.2935941219329834,,,,,,
2007-01-16,18.39601707458496,1.2920063734054565,,,,,,35.37451934814453
2007-01-17,18.558454513549805,1.2939958572387695,,,,,,35.36127471923828
2007-01-18,18.3635311126709,1.2960922718048096,,,,,,35.31719207763672
2007-01-19,18.639673233032227,1.2968990802764893,,,,,,35.6699104309082
2007-01-22,18.65591812133789,1.2950012683868408,,,,,,35.37010192871094
2007-01-23,19.24881362915039,1.3023037910461426,,,,,,35.53764343261719
2007-01-24,19.086376190185547,1.29629385471344,,,,,,36.0006103515625
2007-01-25,18.915815353393555,1.2939958572387695,,,,,,36.2210807800293
2007-01-26,19.151350021362305,1.2928917407989502,,,,,,36.34010314941406
2007-01-29,18.761503219604492,1.29629385471344,,,,,,36.45916748046875
2007-01-30,19.281301498413086,1.2965964078903198,,,,,,36.63993453979492
2007-01-31,19.484344482421875,1.3023037910461426,,,,,,36.93095016479492
2007-02-01,19.4112491607666,1.3018969297409058,,,,,,37.07643127441406
2007-02-02,19.663028717041016,1.2963947057724,,,,,,37.142574310302734
2007-02-05,19.598052978515625,1.2931926250457764,,,,,,37.142574310302734
2007-02-06,19.500591278076172,1.2983977794647217,,,,,,37.68931198120117
2007-02-07,19.265056610107422,1.3023037910461426,,,,,,38.47853469848633
2007-02-08,19.71175765991211,1.3040019273757935,,,,,,38.18315124511719
2007-02-09,19.833585739135742,1.3006945848464966,,,,,,37.742210388183594
2007-02-12,19.45998191833496,1.29629385471344,,,,,,37.058807373046875
2007-02-13,19.817344665527344,1.3032032251358032,,,,,,37.77750015258789
2007-02-14,19.549320220947266,1.3139914274215698,,,,,,37.508548736572266
2007-02-15,19.549320220947266,1.313508152961731,,,,,,37.78632736206055
2007-02-16,19.89044189453125,1.3138015270233154,,,,,,37.68931198120117
2007-02-19,,1.3152011632919312,,,,,,
2007-02-20,19.67115020751953,1.3148033618927002,,,,,,37.98030471801758
2007-02-21,20.09348487854004,1.313905119895935,,,,,,37.85685348510742
2007-02-22,20.36962890625,1.312508225440979,,,,,,37.65403747558594
2007-02-23,20.499582290649414,1.3168984651565552,,,,,,36.99707794189453
2007-02-26,20.556432723999023,1.319400429725647,,,,,,36.81187438964844
2007-02-27,20.166584014892578,1.3232064247131348,,,,,,35.6699104309082
2007-02-28,20.4752140045166,1.322891354560852,,,,,,35.93446731567383
2007-03-01,20.329021453857422,1.317002534866333,,,,,,35.572933197021484
2007-03-02,20.142215728759766,1.3164995908737183,,,,,,35.00856018066406
2007-03-05,19.84170913696289,1.3086949586868286,,,,,,33.646114349365234
2007-03-06,20.028512954711914,1.3138015270233154,,,,,,34.88068771362305
2007-03-07,20.30465316772461,1.3178529739379883,,,,,,34.391258239746094
2007-03-08,20.33714485168457,1.314198613166809,,,,,,34.94242858886719
2007-03-09,20.069122314453125,1.3115957975387573,,,,,,35.40536880493164
2007-03-12,19.88231658935547,1.318791389465332,,,,,,35.58171463012695
2007-03-13,19.728004455566406,1.319000244140625,,,,,,34.7440185546875
2007-03-14,19.768611907958984,1.323504090309143,,,,,,34.91154861450195
2007-03-15,19.64678382873535,1.328303575515747,,,,,,35.22460174560547
2007-03-16,19.69551658630371,1.3318061828613281,,,,,,34.83219909667969
2007-03-19,19.792978286743164,1.3312920331954956,,,,,,35.18051528930664
2007-03-20,19.817344665527344,1.33159339427948,,,,,,35.321590423583984
2007-03-21,19.849830627441406,1.3399077653884888,,,,,,35.749305725097656
2007-03-22,20.17470359802246,1.3334044218063354,,,,,,35.78457260131836
2007-03-23,20.182825088500977,1.3296988010406494,,,,,,35.806610107421875
2007-03-26,20.27216911315918,1.333191156387329,,,,,,35.23320770263672
2007-03-27,20.329021453857422,1.3365052938461304,,,,,,34.86513900756836
2007-03-28,20.523948669433594,1.3315047025680542,,,,,,34.63452911376953
2007-03-29,20.921916961669922,1.3334933519363403,,,,,,34.69218444824219
2007-03-30,20.61328125,1.3358982801437378,,,,,,35.18886947631836
2007-04-02,20.410236358642578,1.337005615234375,,,,,,35.410579681396484
2007-04-03,20.329021453857422,1.33249831199646,,,,,,35.721031188964844
2007-04-04,20.556432723999023,1.3373990058898926,,,,,,35.543636322021484
2007-04-05,20.597042083740234,1.3432012796401978,,,,,,35.50815963745117
2007-04-06,,1.3401951789855957,,,,,,
2007-04-09,20.38587188720703,1.335505723953247,,,,,,35.574676513671875
2007-04-10,20.67013931274414,1.3432012796401978,,,,,,35.721031188964844
2007-04-11,20.637649536132812,1.3439956903457642,,,,,,35.18886947631836
2007-04-12,20.759479522705078,1.3491089344024658,,,,,,34.94938659667969
2007-04-13,20.873188018798828,1.3521004915237427,,,,,,35.34407043457031
2007-04-16,20.710750579833984,1.3529053926467896,,,,,,35.388427734375
2007-04-17,20.499582290649414,1.3572019338607788,,,,,,35.849632263183594
2007-04-18,20.507699966430664,1.361396312713623,,,,,,35.62789535522461
2007-04-19,20.450847625732422,1.362434983253479,,,,,,35.388427734375
2007-04-20,20.73511505126953,1.3588987588882446,,,,,,35.654510498046875
2007-04-23,20.873188018798828,1.3584003448486328,,,,,,36.053611755371094
2007-04-24,20.588918685913086,1.3636053800582886,,,,,,35.80970764160156
2007-04-25,20.99501609802246,1.3639029264450073,,,,,,35.78752517700195
2007-04-26,20.848819732666016,1.3588987588882446,,,,,,35.80970764160156
2007-04-27,20.954402923583984,1.3655046224594116,,,,,,35.721031188964844
2007-04-30,20.767602920532227,1.3652063608169556,,,,,,35.14452362060547
2007-05-01,20.808210372924805,1.3601001501083374,,,,,,34.838523864746094
2007-05-02,20.64577293395996,1.3588064908981323,,,,,,35.113468170166016
2007-05-03,20.743234634399414,1.3556013107299805,,,,,,35.20661544799805
2007-05-04,20.702627182006836,1.3588987588882446,,,,,,34.900611877441406
2007-05-07,20.605167388916016,1.360007643699646,,,,,,34.99817657470703
2007-05-08,20.4752140045166,1.3540961742401123,,,,,,34.76757049560547
2007-05-09,20.36962890625,1.3527040481567383,,,,,,35.14452362060547
2007-05-10,20.28841209411621,1.3483085632324219,,,,,,34.6744499206543
2007-05-11,20.588918685913086,1.3521004915237427,,,,,,35.14452362060547
2007-05-14,20.515823364257812,1.3542977571487427,,,,,,34.94496536254883
2007-05-15,20.718868255615234,1.3596007823944092,,,,,,34.41278839111328
2007-05-16,20.515823364257812,1.3523930311203003,,,,,,33.98707580566406
2007-05-17,20.686382293701172,1.34969162940979,,,,,,33.39726257324219
2007-05-18,20.653894424438477,1.3512965440750122,,,,,,33.060245513916016
2007-05-21,20.85694122314453,1.3466018438339233,,,,,,33.19328308105469
2007-05-22,20.556432723999023,1.3452069759368896,,,,,,33.685523986816406
2007-05-23,20.653894424438477,1.3458044528961182,,,,,,33.42832565307617
2007-05-24,20.540191650390625,1.3430029153823853,,,,,,32.86955261230469
2007-05-25,20.791969299316406,1.3450080156326294,,,,,,33.05582046508789
2007-05-28,,1.3452069759368896,,,,,,
2007-05-29,20.33714485168457,1.3445920944213867,,,,,,34.23541259765625
2007-05-30,20.532068252563477,1.3432012796401978,,,,,,35.15338897705078
2007-05-31,20.718868255615234,1.3456052541732788,,,,,,35.011478424072266
2007-06-01,20.873188018798828,1.3441944122314453,,,,,,35.060272216796875
2007-06-04,21.05998992919922,1.349199891090393,,,,,,35.20216369628906
2007-06-05,20.978769302368164,1.3520090579986572,,,,,,34.643409729003906
2007-06-06,20.97064781188965,1.3492909669876099,,,,,,34.408363342285156
2007-06-07,21.07623291015625,1.3428045511245728,,,,,,33.3263053894043
2007-06-08,20.702627182006836,1.3360053300857544,,,,,,33.72544860839844
2007-06-11,21.100597381591797,1.335594892501831,,,,,,33.219879150390625
2007-06-12,21.043745040893555,1.3306012153625488,,,,,,32.64338302612305
2007-06-13,21.311765670776367,1.3310085535049438,,,,,,33.36623764038086
2007-06-14,21.51481056213379,1.33159339427948,,,,,,33.00701904296875
2007-06-15,21.64476203918457,1.3379000425338745,,,,,,33.37064743041992
2007-06-18,21.64476203918457,1.341597557067871,,,,,,32.85624694824219
2007-06-19,21.433591842651367,1.3424079418182373,,,,,,32.91832733154297
2007-06-20,21.45796012878418,1.3396027088165283,,,,,,31.92939567565918
2007-06-21,21.360496520996094,1.3394052982330322,,,,,,32.1068000793457
2007-06-22,21.311765670776367,1.347091555595398,,,,,,31.9870548248291
2007-06-25,21.230548858642578,1.3468012809753418,,,,,,31.46261215209961
2007-06-26,20.98689079284668,1.3448994159698486,,,,,,31.34137535095215
2007-06-27,20.954402923583984,1.345496654510498,,,,,,32.145103454589844
2007-06-28,20.889429092407227,1.344700574874878,,,,,,31.978965759277344
2007-06-29,20.873188018798828,1.3536012172698975,,,,,,31.857749938964844
2007-07-02,21.003137588500977,1.363493800163269,,,,,,32.5941276550293
2007-07-03,21.02750015258789,1.3611923456192017,,,,,,32.504310607910156
2007-07-04,,1.3615074157714844,,,,,,
2007-07-05,21.222423553466797,1.3598966598510742,,,,,,32.9937629699707
2007-07-06,21.401105880737305,1.3629920482635498,,,,,,32.95334243774414
2007-07-09,21.352375030517578,1.3623977899551392,,,,,,32.930885314941406
2007-07-10,21.50668716430664,1.3760079145431519,,,,,,32.09571838378906
2007-07-11,21.555421829223633,1.3754022121429443,,,,,,32.03285598754883
2007-07-12,21.612274169921875,1.378796935081482,,,,,,32.44594955444336
2007-07-13,21.64476203918457,1.3784927129745483,,,,,,32.755775451660156
2007-07-16,21.263036727905273,1.377695083618164,,,,,,32.481868743896484
2007-07-17,21.133087158203125,1.379006028175354,,,,,,32.36512756347656
2007-07-18,21.376741409301758,1.3807005882263184,,,,,,32.29329299926758
2007-07-19,21.449838638305664,1.379805088043213,,,,,,32.414527893066406
2007-07-20,21.441715240478516,1.3833937644958496,,,,,,31.84876251220703
2007-07-23,21.344255447387695,1.3804908990859985,,,,,,31.296459197998047
2007-07-24,21.18181800842285,1.3824948072433472,,,,,,30.66334342956543
2007-07-25,21.36861801147461,1.3726081848144531,,,,,,30.331079483032227
2007-07-26,21.141206741333008,1.3750051259994507,,,,,,29.7742862701416
2007-07-27,21.344255447387695,1.3636053800582886,,,,,,28.786460876464844
2007-07-30,21.100597381591797,1.3711966276168823,,,,,,29.343238830566406
2007-07-31,21.27115821838379,1.3672035932540894,,,,,,29.226499557495117
2007-08-01,21.23866844177246,1.367708444595337,,,,,,29.612653732299805
2007-08-02,21.27115821838379,1.3707079887390137,,,,,,30.102081298828125
2007-08-03,21.035621643066406,1.3787018060684204,,,,,,28.939130783081055
2007-08-06,20.743234634399414,1.3796910047531128,,,,,,29.949411392211914
2007-08-07,20.85694122314453,1.374098300933838,,,,,,30.115554809570312
2007-08-08,20.824451446533203,1.3803004026412964,,,,,,31.30544090270996
2007-08-09,20.662019729614258,1.367409110069275,,,,,,30.95970344543457
2007-08-10,20.73511505126953,1.3689066171646118,,,,,,30.025753021240234
2007-08-13,20.588918685913086,1.3613035678863525,,,,,,29.882068634033203
2007-08-14,20.653894424438477,1.3534914255142212,,,,,,29.024442672729492
2007-08-15,20.808210372924805,1.3428045511245728,,,,,,28.535001754760742
2007-08-16,20.450847625732422,1.3424980640411377,,,,,,29.680017471313477
2007-08-17,20.43460464477539,1.349400281906128,,,,,,30.35354232788086
2007-08-20,20.491456985473633,1.347490906715393,,,,,,30.910303115844727
2007-08-21,20.45897102355957,1.345496654510498,,,,,,31.054006576538086
2007-08-22,20.507699966430664,1.3549952507019043,,,,,,31.43117332458496
2007-08-23,20.572675704956055,1.3556932210922241,,,,,,30.89234733581543
2007-08-24,20.81633186340332,1.366698980331421,,,,,,31.05848503112793
2007-08-27,20.840696334838867,1.3637913465499878,,,,,,30.384963989257812
2007-08-28,20.62140655517578,1.3598966598510742,,,,,,29.455495834350586
2007-08-29,20.81633186340332,1.367409110069275,,,,,,30.533123016357422
2007-08-30,20.85694122314453,1.3642005920410156,,,,,,30.690290451049805
2007-08-31,20.86506462097168,1.3642005920410156,,,,,,31.19768524169922
2007-09-03,,1.361396312713623,,,,,,
2007-09-04,21.100597381591797,1.3620080947875977,,,,,,31.610788345336914
2007-09-05,21.141206741333008,1.365392804145813,,,,,,30.8519344329834
2007-09-06,21.05998992919922,1.3696004152297974,,,,,,31.125844955444336
2007-09-07,21.198062896728516,1.3775053024291992,,,,,,30.375978469848633
2007-09-10,21.344255447387695,,,,,,,30.061664581298828
2007-09-11,21.392986297607422,1.384006381034851,,,,,,30.685808181762695
2007-09-12,21.62039566040039,1.390801191329956,,,,,,30.506200790405273
2007-09-13,21.45796012878418,1.3866932392120361,,,,,,31.193195343017578
2007-09-14,21.47420310974121,1.3878093957901,,,,,,31.395240783691406
2007-09-17,21.725982666015625,1.3865010738372803,,,,,,31.166259765625
2007-09-18,21.807201385498047,1.3979953527450562,,,,,,32.27532196044922
2007-09-19,21.99400520324707,1.3969016075134277,,,,,,32.8814811706543
2007-09-20,22.335119247436523,1.4078954458236694,,,,,,32.02836227416992
2007-09-21,22.489437103271484,1.4092049598693848,,,,,,32.257354736328125
2007-09-24,22.448827743530273,1.407400131225586,,,,,,32.86891555786133
2007-09-25,22.28639030456543,1.4152077436447144,,,,,,32.05228805541992
2007-09-26,22.318876266479492,1.4133076667785645,,,,,,32.519596099853516
2007-09-27,22.903654098510742,1.4152077436447144,,,,,,32.76910400390625
2007-09-28,22.83055305480957,1.4264928102493286,,,,,,32.41979217529297
2007-10-01,22.595020294189453,1.4236091375350952,,,,,,33.20918655395508
2007-10-02,22.140195846557617,1.4152077436447144,,,,,,33.81258010864258
2007-10-03,22.164560317993164,1.4099997282028198,,,,,,33.64924240112305
2007-10-04,22.473194122314453,1.4135074615478516,,,,,,33.99403762817383
2007-10-05,22.538166046142578,1.4133076667785645,,,,,,34.792503356933594
2007-10-08,22.067100524902344,1.4049086570739746,,,,,,34.13469314575195
2007-10-09,22.22141456604004,1.4106959104537964,,,,,,34.51576232910156
2007-10-10,22.481311798095703,1.414107084274292,,,,,,34.275325775146484
2007-10-11,22.733091354370117,1.4201923608779907,,,,,,34.139190673828125
2007-10-12,22.83867835998535,1.4190032482147217,,,,,,33.817108154296875
2007-10-15,23.22852325439453,1.4203940629959106,,,,,,33.18196105957031
2007-10-16,23.252891540527344,1.4176956415176392,,,,,,32.778175354003906
2007-10-17,23.13106346130371,1.4217066764831543,,,,,,32.728267669677734
2007-10-18,23.545276641845703,1.4294904470443726,,,,,,32.73734664916992
2007-10-19,23.480302810668945,1.4296947717666626,,,,,,31.34455680847168
2007-10-22,23.415327072143555,1.4179972410202026,,,,,,32.16571807861328
2007-10-23,23.252891540527344,1.4258012771606445,,,,,,32.50598907470703
2007-10-24,23.334110260009766,1.4263097047805786,,,,,,31.961549758911133
2007-10-25,23.878271102905273,1.4326032400131226,,,,,,32.029605865478516
2007-10-26,24.243759155273438,1.4393045902252197,,,,,,32.51504135131836
2007-10-29,24.6417293548584,1.441794753074646,,,,,,31.9842472076416
2007-10-30,24.08944320678711,1.44400155544281,,,,,,32.42430877685547
2007-10-31,24.77168083190918,1.4471989870071411,,,,,,33.10029983520508
2007-11-01,24.454927444458008,1.442710041999817,,,,,,31.55324935913086
2007-11-02,24.98284912109375,1.4487924575805664,,,,,,31.104106903076172
2007-11-05,24.820409774780273,1.4478065967559814,,,,,,30.65496826171875
2007-11-06,25.47015953063965,1.4564096927642822,,,,,,31.040607452392578
2007-11-07,25.3402099609375,1.4623944759368896,,,,,,30.07427406311035
2007-11-08,25.275238037109375,1.4681053161621094,,,,,,30.16499900817871
2007-11-09,25.267112731933594,1.467502236366272,,,,,,29.920015335083008
2007-11-12,24.714826583862305,1.4523905515670776,,,,,,30.264801025390625
2007-11-13,24.243759155273438,1.4620951414108276,,,,,,31.267433166503906
2007-11-14,24.78792381286621,1.46500825881958,,,,,,30.632295608520508
2007-11-15,24.544267654418945,1.4620951414108276,,,,,,30.57786750793457
2007-11-16,24.625486373901367,1.4634003639221191,,,,,,30.006214141845703
2007-11-19,24.812288284301758,1.4668993949890137,,,,,,29.35293197631836
2007-11-20,25.429548263549805,1.4833053350448608,,,,,,28.785808563232422
2007-11-21,25.462038040161133,1.4857958555221558,,,,,,28.586212158203125
2007-11-22,,1.4855971336364746,,,,,,
2007-11-23,25.69757080078125,1.480100154876709,,,,,,29.148752212524414
2007-11-26,25.38081932067871,,,,,,,27.751440048217773
2007-11-27,25.177772521972656,1.4837895631790161,,,,,,28.40019989013672
2007-11-28,24.869140625,1.4840978384017944,,,,,,29.647808074951172
2007-11-29,24.925992965698242,1.4759929180145264,,,,,,29.17144203186035
2007-11-30,24.61736297607422,1.469594120979309,,,,,,29.965394973754883
2007-12-03,24.796045303344727,1.467007040977478,,,,,,29.643272399902344
2007-12-04,24.909751892089844,1.4766032695770264,,,,,,28.84479522705078
2007-12-05,24.72294807434082,1.4598966836929321,,,,,,29.815683364868164
2007-12-06,25.169647216796875,1.4659103155136108,,,,,,30.763851165771484
2007-12-07,25.08843231201172,1.4656095504760742,,,,,,30.65496826171875
2007-12-10,25.072189331054688,1.4708911180496216,,,,,,31.312795639038086
2007-12-11,25.29147720336914,1.466490626335144,,,,,,29.66142463684082
2007-12-12,25.981836318969727,1.4716053009033203,,,,,,29.56161117553711
2007-12-13,25.705692291259766,1.4629936218261719,,,,,,29.22588539123535
2007-12-14,25.52701187133789,1.4437098503112793,,,,,,28.490928649902344
2007-12-17,25.40216636657715,1.4412959814071655,,,,,,27.61079978942871
2007-12-18,25.293962478637695,,,,,,,28.037254333496094
2007-12-19,25.535335540771484,1.4383935928344727,,,,,,28.323070526123047
2007-12-20,25.427133560180664,1.433301329612732,,,,,,28.20500946044922
2007-12-21,25.726768493652344,1.438807487487793,,,,,,28.758407592773438
2007-12-24,25.918197631835938,1.439698338508606,,,,,,29.68996810913086
2007-12-25,,1.4395946264266968,,,,,,
2007-12-26,26.226154327392578,1.4487924575805664,,,,,,29.1965274810791
2007-12-27,26.31770896911621,1.4613901376724243,,,,,,28.61545753479004
2007-12-28,26.23447608947754,1.4718002080917358,,,,,,28.1127872467041
2007-12-31,26.26776885986328,1.4601097106933594,,,,,,28.343368530273438
2008-01-01,,1.4620096683502197,,,,,,
2008-01-02,26.991878509521484,1.4716920852661133,,,,,,28.2557430267334
2008-01-03,27.199962615966797,1.4744912385940552,,,,,,27.37490463256836
2008-01-04,27.04182243347168,1.4754921197891235,,,,,,26.263492584228516
2008-01-07,26.550756454467773,1.468299388885498,,,,,,26.507911682128906
2008-01-08,26.792125701904297,1.5570987462997437,,,,,,25.59020233154297
2008-01-09,26.525787353515625,1.466404676437378,,,,,,26.042144775390625
2008-01-10,26.400938034057617,1.480100154876709,,,,,,26.443355560302734
2008-01-11,26.642309188842773,1.4790055751800537,,,,,,26.447956085205078
2008-01-14,26.97523307800293,1.4869003295898438,,,,,,26.337282180786133
2008-01-15,26.642309188842773,1.4802095890045166,,,,,,25.802326202392578
2008-01-16,26.392614364624023,1.466404676437378,,,,,,26.097482681274414
2008-01-17,26.051368713378906,1.4640002250671387,,,,,,25.74237060546875
2008-01-18,26.151247024536133,1.4617959260940552,,,,,,25.40110969543457
2008-01-21,,1.4420026540756226,,,,,,
2008-01-22,26.059688568115234,1.4647936820983887,,,,,,26.009864807128906
2008-01-23,25.568628311157227,1.4632076025009155,,,,,,28.477102279663086
2008-01-24,26.20118522644043,1.4774104356765747,,,,,,27.808414459228516
2008-01-25,26.783803939819336,1.467502236366272,,,,,,27.646989822387695
2008-01-28,26.908653259277344,1.4788086414337158,,,,,,28.583171844482422
2008-01-29,27.133373260498047,1.4771921634674072,,,,,,28.324920654296875
2008-01-30,26.900325775146484,1.483107328414917,,,,,,27.568599700927734
2008-01-31,27.033498764038086,1.4865025281906128,,,,,,28.12200164794922
2008-02-01,26.559080123901367,1.4799906015396118,,,,,,29.29798698425293
2008-02-04,27.025175094604492,1.4827995300292969,,,,,,28.993608474731445
2008-02-05,26.800451278686523,1.4638073444366455,,,,,,27.969812393188477
2008-02-06,26.675600051879883,1.4617104530334473,,,,,,27.513261795043945
2008-02-07,27.000202178955078,1.4478904008865356,,,,,,28.163509368896484
2008-02-08,27.80755043029785,1.5570987462997437,,,,,,27.264238357543945
2008-02-11,27.990657806396484,1.450200080871582,,,,,,26.71082878112793
2008-02-12,27.424686431884766,1.4581936597824097,,,,,,27.471771240234375
2008-02-13,27.649410247802734,1.455604076385498,,,,,,27.688501358032227
2008-02-14,28.207056045532227,1.4644076824188232,,,,,,27.17200469970703
2008-02-15,28.07388687133789,1.4676098823547363,,,,,,27.393367767333984
2008-02-18,,1.46500825881958,,,,,,
2008-02-19,28.989429473876953,1.4729926586151123,,,,,,27.32417869567871
2008-02-20,29.139244079589844,1.4722987413406372,,,,,,27.494808197021484
2008-02-21,28.981107711791992,1.4815034866333008,,,,,,26.747724533081055
2008-02-22,29.3806209564209,1.4826017618179321,,,,,,27.50404167175293
2008-02-25,29.663602828979492,1.4835914373397827,,,,,,28.343368530273438
2008-02-26,30.29616355895996,1.4996100664138794,,,,,,28.338764190673828
2008-02-27,30.254539489746094,1.5118072032928467,,,,,,28.20500946044922
2008-02-28,30.545856475830078,1.5195951461791992,,,,,,27.623945236206055
2008-02-29,30.046464920043945,1.519202709197998,,,,,,27.227338790893555
2008-03-03,30.487594604492188,1.5200109481811523,,,,,,27.41642951965332
2008-03-04,30.379392623901367,1.5210051536560059,,,,,,27.158161163330078
2008-03-05,31.045242309570312,1.527697205543518,,,,,,27.531707763671875
2008-03-06,31.278289794921875,1.5385088920593262,,,,,,26.277324676513672
2008-03-07,30.96200942993164,1.5336012840270996,,,,,,26.706218719482422
2008-03-10,31.544626235961914,1.534095287322998,,,,,,26.328065872192383
2008-03-11,32.03569412231445,1.5341894626617432,,,,,,28.038990020751953
2008-03-12,32.38526153564453,1.5540015697479248,,,,,,27.448694229125977
2008-03-13,32.418556213378906,1.5622069835662842,,,,,,27.771522521972656
2008-03-14,32.37693786621094,1.561792254447937,,,,,,27.208890914916992
2008-03-17,31.078533172607422,1.574803113937378,,,,,,27.37490463256836
2008-03-18,31.76934814453125,1.565802812576294,,,,,,28.578561782836914
2008-03-19,30.39603614807129,1.5638928413391113,,,,,,28.36181640625
2008-03-20,29.17253875732422,1.54421067237854,,,,,,29.307193756103516
2008-03-21,,1.5697108507156372,,,,,,
2008-03-24,29.705217361450195,1.5434956550598145,,,,,,29.966676712036133
2008-03-25,30.00484848022461,1.5612071752548218,,,,,,30.043346405029297
2008-03-26,30.903751373291016,1.5824036598205566,,,,,,29.46710968017578
2008-03-27,31.244997024536133,1.5814026594161987,,,,,,29.22547149658203
2008-03-28,30.50423812866211,1.5760937929153442,,,,,,28.881582260131836
2008-03-31,29.77180290222168,1.5757957696914673,,,,,,28.99311065673828
2008-04-01,29.605342864990234,,,,,,,30.64282989501953
2008-04-02,30.487594604492188,1.5677913427352905,,,,,,30.494129180908203
2008-04-03,30.654056549072266,1.5667105913162231,,,,,,31.19116973876953
2008-04-04,30.87045669555664,1.5736879110336304,,,,,,30.69857406616211
2008-04-07,31.203380584716797,1.5704996585845947,,,,,,30.415115356445312
2008-04-08,31.328227996826172,1.5578023195266724,,,,,,30.373291015625
2008-04-09,31.85258674621582,1.5824036598205566,,,,,,29.611162185668945
2008-04-10,31.711091995239258,1.57420814037323,,,,,,29.899303436279297
2008-04-11,31.58625030517578,1.5822033882141113,,,,,,29.532175064086914
2008-04-14,31.80264663696289,1.5825037956237793,,,,,,29.360227584838867
2008-04-15,32.18550491333008,1.5786067247390747,,,,,,29.657642364501953
2008-04-16,32.49346923828125,1.5958125591278076,,,,,,30.86124038696289
2008-04-17,32.343650817871094,1.5902043581008911,,,,,,30.972763061523438
2008-04-18,32.36029815673828,1.5733908414840698,,,,,,30.796165466308594
2008-04-21,32.401912689208984,1.5911911725997925,,,,,,30.568466186523438
2008-04-22,32.60166549682617,1.5987977981567383,,,,,,30.494129180908203
2008-04-23,32.29370880126953,1.58740234375,,,,,,30.87516975402832
2008-04-24,31.752710342407227,1.568406105041504,,,,,,31.488590240478516
2008-04-25,32.3353271484375,1.5636972188949585,,,,,,31.66518211364746
2008-04-28,32.41023254394531,1.5652881860733032,,,,,,31.62336540222168
2008-04-29,31.62786102294922,1.556710958480835,,,,,,31.279470443725586
2008-04-30,31.56959342956543,1.5622069835662842,,,,,,30.842649459838867
2008-05-01,30.837160110473633,,,,,,,31.507184982299805
2008-05-02,31.619537353515625,1.5434004068374634,,,,,,31.479305267333984
2008-05-05,32.277069091796875,1.5498108863830566,,,,,,31.391014099121094
2008-05-06,32.7015380859375,1.553591012954712,,,,,,31.609399795532227
2008-05-07,32.75980758666992,1.5385088920593262,,,,,,30.749713897705078
2008-05-08,33.2924919128418,1.5464078187942505,,,,,,30.563827514648438
2008-05-09,33.80852127075195,1.5489946603775024,,,,,,30.396530151367188
2008-05-12,33.234222412109375,1.5540015697479248,,,,,,31.126121520996094
2008-05-13,33.417327880859375,1.547700047492981,,,,,,31.2515869140625
2008-05-14,32.87632369995117,1.546910047531128,,,,,,31.446773529052734
2008-05-15,33.25086975097656,1.5450935363769531,,,,,,31.82782554626465
2008-05-16,33.73360824584961,1.5596001148223877,,,,,,31.660537719726562
2008-05-19,33.78355407714844,1.5527950525283813,,,,,,31.711645126342773
2008-05-20,34.24964141845703,1.5654107332229614,,,,,,31.28412628173828
2008-05-21,35.2484130859375,1.5788060426712036,,,,,,30.531288146972656
2008-05-22,34.7407112121582,1.573192834854126,,,,,,30.271055221557617
2008-05-23,34.80729293823242,1.5785070657730103,,,,,,30.12701416015625
2008-05-26,,1.5779341459274292,,,,,,
2008-05-27,34.24964141845703,1.5690950155258179,,,,,,30.540576934814453
2008-05-28,34.46604537963867,1.5656068325042725,,,,,,30.591705322265625
2008-05-29,33.52553176879883,1.5518070459365845,,,,,,30.92165184020996
2008-05-30,33.75025177001953,1.5540982484817505,,,,,,30.777589797973633
2008-06-02,34.199703216552734,1.5546056032180786,,,,,,30.261768341064453
2008-06-03,33.392356872558594,1.5450220108032227,,,,,,30.46158218383789
2008-06-04,32.89297103881836,1.5432575941085815,,,,,,30.61958122253418
2008-06-05,34.141441345214844,1.5588949918746948,,,,,,31.3212947845459
2008-06-06,35.01537322998047,1.5785070657730103,,,,,,30.010814666748047
2008-06-09,35.37326431274414,1.5643576383590698,,,,,,29.415990829467773
2008-06-10,35.231773376464844,1.5464078187942505,,,,,,29.429941177368164
2008-06-11,36.53017807006836,1.555790662765503,,,,,,28.983810424804688
2008-06-12,36.521854400634766,1.5460968017578125,,,,,,29.281219482421875
2008-06-13,36.28879928588867,1.5369009971618652,,,,,,29.769176483154297
2008-06-16,36.255516052246094,1.5473887920379639,,,,,,30.164175033569336
2008-06-17,36.62173080444336,1.5521925687789917,,,,,,29.309110641479492
2008-06-18,37.121116638183594,1.553808331489563,,,,,,28.876937866210938
2008-06-19,36.255516052246094,1.550988793373108,,,,,,29.546112060546875
2008-06-20,36.50520324707031,1.5627930164337158,,,,,,28.881582260131836
2008-06-23,36.76321792602539,1.5522888898849487,,,,,,28.16593360900879
2008-06-24,36.77154541015625,1.5570018291473389,,,,,,28.183818817138672
2008-06-25,36.63005447387695,1.5673980712890625,,,,,,28.64531898498535
2008-06-26,37.84523010253906,1.5752992630004883,,,,,,27.689369201660156
2008-06-27,37.94511032104492,1.5752992630004883,,,,,,27.472753524780273
2008-06-30,37.27093505859375,1.57500159740448,,,,,,27.510427474975586
2008-07-01,37.928462982177734,,,,,,,27.486873626708984
2008-07-02,38.6525764465332,1.5878056287765503,,,,,,27.147823333740234
2008-07-03,38.63593292236328,1.5700066089630127,,,,,,26.869998931884766
2008-07-04,,1.5713881254196167,,,,,,
2008-07-07,38.111576080322266,1.5720057487487793,,,,,,26.267227172851562
2008-07-08,36.72993469238281,1.5333895683288574,,,,,,28.226200103759766
2008-07-09,36.70496368408203,1.5735888481140137,,,,,,26.300195693969727
2008-07-10,37.7037353515625,1.5785070657730103,,,,,,26.808773040771484
2008-07-11,38.228092193603516,1.5948964357376099,,,,,,26.676918029785156
2008-07-14,38.24474334716797,1.589092493057251,,,,,,25.749229431152344
2008-07-15,37.029563903808594,1.5899008512496948,,,,,,25.49965476989746
2008-07-16,36.46359634399414,1.5822033882141113,,,,,,27.359737396240234
2008-07-17,35.60630798339844,1.585590124130249,,,,,,27.689369201660156
2008-07-18,34.99872589111328,1.5853890180587769,,,,,,27.736467361450195
2008-07-21,35.4232063293457,1.5913937091827393,,,,,,27.943660736083984
2008-07-22,34.64915466308594,1.5792051553726196,,,,,,28.69239616394043
2008-07-23,33.86677551269531,1.5692428350448608,,,,,,29.50235939025879
2008-07-24,33.891746520996094,1.568873643875122,,,,,,27.548099517822266
2008-07-25,33.46726989746094,1.5672998428344727,,,,,,28.000165939331055
2008-07-28,33.63373565673828,1.5741338729858398,,,,,,27.54340171813965
2008-07-29,33.25086975097656,1.5590895414352417,,,,,,28.824251174926758
2008-07-30,33.90839385986328,1.5573655366897583,,,,,,28.725374221801758
2008-07-31,33.62540817260742,1.5593082904815674,,,,,,28.367488861083984
2008-08-01,33.25086975097656,,,,,,,28.391023635864258
2008-08-04,32.15221405029297,,,,,,,27.976638793945312
2008-08-05,31.927494049072266,,,,,,,29.233959197998047
2008-08-06,31.58625030517578,,,,,,,29.092679977416992
2008-08-07,31.761028289794922,,,,,,,28.32509422302246
2008-08-08,30.87045669555664,1.5048909187316895,,,,,,29.149188995361328
2008-08-11,30.837160110473633,,,,,,,30.09100341796875
2008-08-12,30.570825576782227,,,,,,,29.417606353759766
2008-08-13,31.594566345214844,,,,,,,28.98908805847168
2008-08-14,31.319904327392578,,,,,,,29.455289840698242
2008-08-15,30.895429611206055,,,,,,,29.41289710998535
2008-08-18,31.070215225219727,,,,,,,29.007923126220703
2008-08-19,31.552949905395508,,,,,,,28.29212760925293
2008-08-20,31.80264663696289,,,,,,,28.334508895874023
2008-08-21,33.167633056640625,,,,,,,27.83065414428711
2008-08-22,32.044010162353516,,,,,,,28.777175903320312
2008-08-25,31.860910415649414,,,,,,,27.90599250793457
2008-08-26,31.877553939819336,1.4647936820983887,,,,,,28.23562240600586
2008-08-27,32.177181243896484,1.4725805521011353,,,,,,28.51816749572754
2008-08-28,31.544626235961914,1.4714103937149048,,,,,,29.243364334106445
2008-08-29,31.4281005859375,1.4670931100845337,,,,,,29.04087257385254
2008-09-01,,1.4574922323226929,,,,,,
2008-09-02,30.612436294555664,1.4515894651412964,,,,,,29.229249954223633
2008-09-03,30.437650680541992,1.4486035108566284,,,,,,29.69072914123535
2008-09-04,30.00484848022461,1.4264928102493286,,,,,,28.857227325439453
2008-09-05,29.705217361450195,1.4274905920028687,,,,,,28.86191749572754
2008-09-08,29.638633728027344,1.5050041675567627,,,,,,30.10983657836914
2008-09-09,28.556631088256836,1.414847493171692,,,,,,28.98435401916504
2008-09-10,28.598241806030273,1.3984057903289795,,,,,,29.036169052124023
2008-09-11,28.356870651245117,1.3995996713638306,,,,,,29.478816986083984
2008-09-12,28.548301696777344,1.4239943027496338,,,,,,29.38465118408203
2008-09-15,27.424686431884766,1.4268999099731445,,,,,,27.689369201660156
2008-09-16,26.867033004760742,1.4135074615478516,,,,,,29.05500602722168
2008-09-17,27.674379348754883,1.4329315423965454,,,,,,27.38328742980957
2008-09-18,27.724319458007812,1.4304922819137573,,,,,,29.709564208984375
2008-09-19,28.639862060546875,1.441794753074646,,,,,,30.594867706298828
2008-09-22,29.63031005859375,1.4795963764190674,,,,,,28.02370834350586
2008-09-23,29.339000701904297,1.4692918062210083,,,,,,28.212085723876953
2008-09-24,29.097627639770508,1.4633146524429321,,,,,,28.017457962036133
2008-09-25,29.605342864990234,1.4641932249069214,,,,,,28.365680694580078
2008-09-26,29.255773544311523,1.4598966836929321,,,,,,29.24347686767578
2008-09-29,27.441329956054688,1.4393253326416016,,,,,,27.058561325073242
2008-09-30,28.207056045532227,1.409641981124878,,,,,,29.00495147705078
2008-10-01,27.549530029296875,1.4016202688217163,,,,,,28.30367660522461
2008-10-02,26.026399612426758,1.380795955657959,,,,,,26.47654914855957
2008-10-03,25.418811798095703,1.3784927129745483,,,,,,25.331619262695312
2008-10-06,24.336803436279297,1.3504936695098877,,,,,,24.57309913635254
2008-10-07,24.63644027709961,1.3588064908981323,,,,,,22.464515686035156
2008-10-08,24.994333267211914,1.4957072734832764,,,,,,22.154428482055664
2008-10-09,23.82909393310547,1.3598041534423828,,,,,,20.398868560791016
2008-10-10,22.772058486938477,1.3398001194000244,,,,,,22.350021362304688
2008-10-13,24.037172317504883,1.3621937036514282,,,,,,23.77164649963379
2008-10-14,23.59604835510254,1.3618041276931763,,,,,,22.154428482055664
2008-10-15,22.52236557006836,1.3443931341171265,,,,,,19.311187744140625
2008-10-16,22.09788703918457,1.3489997386932373,,,,,,20.432268142700195
2008-10-17,22.347579956054688,1.3422999382019043,,,,,,20.21281623840332
2008-10-20,22.797029495239258,1.3313274383544922,,,,,,20.36071014404297
2008-10-21,21.98136329650879,1.3061139583587646,,,,,,19.66421127319336
2008-10-22,20.94097137451172,1.2816734313964844,,,,,,18.275972366333008
2008-10-23,21.02420425415039,1.2944984436035156,,,,,,17.798917770385742
2008-10-24,20.183568954467773,1.2629930973052979,,,,,,16.787565231323242
2008-10-27,20.033750534057617,1.2464631795883179,,,,,,15.83345890045166
2008-10-28,20.58307647705078,1.2809016704559326,,,,,,18.309370040893555
2008-10-29,21.798254013061523,1.2959243059158325,,,,,,17.660579681396484
2008-10-30,20.899356842041016,1.2868025302886963,,,,,,18.60514259338379
2008-10-31,21.132404327392578,1.2701960802078247,,,,,,19.802555084228516
2008-11-03,20.899356842041016,1.2617977857589722,,,,,,19.153757095336914
2008-11-04,21.84819221496582,1.2983977794647217,,,,,,20.22713851928711
2008-11-05,21.2822208404541,1.2918059825897217,,,,,,18.237815856933594
2008-11-06,20.350032806396484,1.2695027589797974,,,,,,17.383880615234375
2008-11-07,20.375,1.2714072465896606,,,,,,18.485876083374023
2008-11-10,20.50817108154297,1.2747948169708252,,,,,,16.830501556396484
2008-11-11,20.11698341369629,1.2515957355499268,,,,,,16.59674072265625
2008-11-12,19.526039123535156,1.2459040880203247,,,,,,15.408880233764648
2008-11-13,19.892257690429688,1.2788705825805664,,,,,,17.1024227142334
2008-11-14,19.767412185668945,1.2596997022628784,,,,,,15.175116539001465
2008-11-17,19.31796646118164,1.2643983364105225,,,,,,14.626504898071289
2008-11-18,19.026653289794922,1.2636953592300415,,,,,,14.488158226013184
2008-11-19,18.81025505065918,1.2505314350128174,,,,,,12.541778564453125
2008-11-20,17.85309600830078,1.243904948234558,,,,,,11.549503326416016
2008-11-21,18.16105079650879,1.2590969800949097,,,,,,12.398658752441406
2008-11-24,19.409517288208008,1.291772723197937,,,,,,14.507244110107422
2008-11-25,18.760313034057617,1.303407073020935,,,,,,14.736226081848145
2008-11-26,19.35957908630371,1.289923071861267,,,,,,15.532912254333496
2008-11-27,,1.289507269859314,,,,,,
2008-11-28,18.51894187927246,1.269792914390564,,,,,,15.303927421569824
2008-12-01,17.94464874267578,1.2599060535430908,,,,,,12.317554473876953
2008-12-02,17.952972412109375,1.2713264226913452,,,,,,13.953861236572266
2008-12-03,17.74489402770996,1.2707933187484741,,,,,,14.736226081848145
2008-12-04,16.81270408630371,1.277400255203247,,,,,,14.330732345581055
2008-12-05,16.396549224853516,1.2716983556747437,,,,,,15.84776782989502
2008-12-08,17.153953552246094,1.4918025732040405,,,,,,17.326635360717773
2008-12-09,16.7794132232666,1.2926075458526611,,,,,,15.823911666870117
2008-12-10,17.287120819091797,1.3014055490493774,,,,,,17.18352508544922
2008-12-11,17.836450576782227,1.3329956531524658,,,,,,14.731454849243164
2008-12-12,18.22763442993164,1.33539879322052,,,,,,16.272342681884766
2008-12-15,17.711915969848633,1.3696004152297974,,,,,,15.704649925231934
2008-12-16,17.965545654296875,1.4061928987503052,,,,,,17.627182006835938
2008-12-17,17.72037124633789,1.440839171409607,,,,,,17.951581954956055
2008-12-18,17.449832916259766,1.4293065071105957,,,,,,16.458396911621094
2008-12-19,17.331470489501953,1.392602562904358,,,,,,17.61287498474121
2008-12-22,16.841115951538086,1.3959071636199951,,,,,,16.94976043701172
2008-12-23,16.908750534057617,1.3937865495681763,,,,,,16.854354858398438
2008-12-24,16.646665573120117,1.4008938074111938,,,,,,17.05280876159668
2008-12-25,,1.4015023708343506,,,,,,
2008-12-26,16.908750534057617,1.4027016162872314,,,,,,17.297826766967773
2008-12-29,17.09474754333496,1.4039028882980347,,,,,,16.30307960510254
2008-12-30,17.196203231811523,1.4140071868896484,,,,,,16.95480728149414
2008-12-31,17.914823532104492,1.3979953527450562,,,,,,17.861347198486328
2009-01-01,,1.3998936414718628,,,,,,
2009-01-02,18.540447235107422,1.3922922611236572,,,,,,17.292922973632812
2009-01-05,18.734899520874023,1.3645915985107422,,,,,,16.974407196044922
2009-01-06,19.225252151489258,1.3510043621063232,,,,,,17.82215118408203
2009-01-07,18.244543075561523,1.3610997200012207,,,,,,17.224321365356445
2009-01-08,18.312177658081055,1.3699005842208862,,,,,,17.096912384033203
2009-01-09,18.100818634033203,1.345496654510498,,,,,,16.219776153564453
2009-01-12,17.280746459960938,1.3360053300857544,,,,,,15.269126892089844
2009-01-13,17.568193435668945,1.3202017545700073,,,,,,15.729750633239746
2009-01-14,17.32301902770996,1.3217023611068726,,,,,,14.906506538391113
2009-01-15,17.306108474731445,1.3158068656921387,,,,,,15.39653205871582
2009-01-16,17.382198333740234,1.3292039632797241,,,,,,15.979663848876953
2009-01-19,,1.3093974590301514,,,,,,
2009-01-20,16.841115951538086,1.2884937524795532,,,,,,14.191078186035156
2009-01-21,16.908750534057617,1.3005084991455078,,,,,,15.675844192504883
2009-01-22,16.68893814086914,1.3006776571273804,,,,,,14.818305015563965
2009-01-23,17.46674156188965,1.2964956760406494,,,,,,15.269126892089844
2009-01-26,17.500560760498047,1.319191575050354,,,,,,15.180920600891113
2009-01-27,17.027114868164062,1.3215975761413574,,,,,,15.39653205871582
2009-01-28,17.432924270629883,1.3153221607208252,,,,,,16.729394912719727
2009-01-29,17.22156524658203,1.2937949895858765,,,,,,15.362235069274902
2009-01-30,17.1201114654541,1.2836971282958984,,,,,,14.730101585388184
2009-02-02,16.79039192199707,1.2814927101135254,,,,,,15.087814331054688
2009-02-03,16.59593963623047,1.3012869358062744,,,,,,14.935911178588867
2009-02-04,16.68893814086914,1.2855618000030518,,,,,,14.573298454284668
2009-02-05,17.060930252075195,1.2791157960891724,,,,,,14.264580726623535
2009-02-06,17.187746047973633,1.2927078008651733,,,,,,15.254429817199707
2009-02-09,17.09474754333496,1.2959076166152954,,,,,,15.479837417602539
2009-02-10,16.87493324279785,1.2914056777954102,,,,,,14.102869987487793
2009-02-11,16.773481369018555,1.2868025302886963,,,,,,14.37238597869873
2009-02-12,16.798847198486328,1.28909170627594,,,,,,14.12736988067627
2009-02-13,16.494487762451172,1.2866039276123047,,,,,,13.260029792785645
2009-02-16,,1.2799016237258911,,,,,,
2009-02-17,15.572959899902344,1.2581939697265625,,,,,,12.319185256958008
2009-02-18,15.479961395263672,1.256897211074829,,,,,,12.49559497833252
2009-02-19,15.860407829284668,1.2659028768539429,,,,,,11.956568717956543
2009-02-20,15.682867050170898,1.2932929992675781,,,,,,12.71120548248291
2009-02-23,15.53069019317627,1.267812728881836,,,,,,11.755656242370605
2009-02-24,15.826590538024902,1.2873989343643188,,,,,,12.750404357910156
2009-02-25,16.012588500976562,1.2724264860153198,,,,,,12.505390167236328
2009-02-26,16.35076332092285,1.2720541954040527,,,,,,11.863462448120117
2009-02-27,16.15631103515625,1.2678931951522827,,,,,,11.706655502319336
2009-03-02,15.344693183898926,1.256407618522644,,,,,,10.976523399353027
2009-03-03,15.446146011352539,1.253179907798767,,,,,,11.020624160766602
2009-03-04,15.987223625183105,1.2638070583343506,,,,,,11.197035789489746
2009-03-05,15.851956367492676,1.2546736001968384,,,,,,10.506103515625
2009-03-06,16.23240089416504,1.2638070583343506,,,,,,10.363992691040039
2009-03-09,16.139402389526367,1.2622755765914917,,,,,,10.594306945800781
2009-03-10,16.09713363647461,1.2716660499572754,,,,,,12.069275856018066
2009-03-11,15.589869499206543,1.2806720733642578,,,,,,11.873263359069824
2009-03-12,16.316946029663086,1.289889931678772,,,,,,12.843512535095215
2009-03-13,16.1732177734375,1.2929919958114624,,,,,,12.56909465789795
2009-03-16,16.528303146362305,1.2976058721542358,,,,,,11.579251289367676
2009-03-17,16.88338851928711,1.3033220767974854,,,,,,12.456390380859375
2009-03-18,17.09474754333496,1.3483994007110596,,,,,,13.137527465820312
2009-03-19,17.449832916259766,1.3661948442459106,,,,,,12.333888053894043
2009-03-20,17.686553955078125,1.3581973314285278,,,,,,11.27054214477539
2009-03-23,18.05854606628418,1.3620452880859375,,,,,,13.093427658081055
2009-03-24,17.762643814086914,1.348126769065857,,,,,,12.083976745605469
2009-03-25,17.492103576660156,1.3576995134353638,,,,,,12.282855987548828
2009-03-26,17.796459197998047,1.3530701398849487,,,,,,12.557703018188477
2009-03-27,17.46674156188965,1.3292039632797241,,,,,,11.998029708862305
2009-03-30,16.83266258239746,1.318617582321167,,,,,,11.343402862548828
2009-03-31,16.908750534057617,1.3246963024139404,,,,,,12.132948875427246
2009-04-01,16.866479873657227,1.3240998983383179,,,,,,12.067983627319336
2009-04-02,17.517467498779297,1.346692442893982,,,,,,12.942476272583008
2009-04-03,17.788005828857422,1.34890878200531,,,,,,14.056828498840332
2009-04-06,17.568193435668945,1.340572476387024,,,,,,13.896926879882812
2009-04-07,17.255380630493164,1.3277391195297241,,,,,,12.857528686523438
2009-04-08,17.382198333740234,1.3251352310180664,,,,,,13.047412872314453
2009-04-09,17.63582992553711,1.3159972429275513,,,,,,14.796394348144531
2009-04-10,,1.3175925016403198,,,,,,
2009-04-13,17.711915969848633,1.3363981246948242,,,,,,14.841375350952148
2009-04-14,17.39065170288086,1.327404260635376,,,,,,13.582107543945312
2009-04-15,17.280746459960938,1.3225939273834229,,,,,,14.761425971984863
2009-04-16,17.20465660095215,1.3180439472198486,,,,,,15.256129264831543
2009-04-17,17.077838897705078,1.3044953346252441,,,,,,15.530978202819824
2009-04-20,16.4353084564209,1.2928917407989502,,,,,,13.93189811706543
2009-04-21,16.494487762451172,1.2934937477111816,,,,,,15.166189193725586
2009-04-22,16.519851684570312,1.300576090812683,,,,,,14.636491775512695
2009-04-23,16.739662170410156,1.3140950202941895,,,,,,15.296102523803711
2009-04-24,16.993295669555664,1.3258028030395508,,,,,,16.020687103271484
2009-04-27,16.570575714111328,1.3018969297409058,,,,,,15.06124496459961
2009-04-28,16.452213287353516,1.313094139099121,,,,,,15.261127471923828
2009-04-29,16.83266258239746,1.3265942335128784,,,,,,15.925739288330078
2009-04-30,16.891841888427734,1.323521614074707,,,,,,15.85578441619873
2009-05-01,17.399105072021484,1.3268054723739624,,,,,,15.336080551147461
2009-05-04,17.737279891967773,1.3418675661087036,,,,,,16.600351333618164
2009-05-05,17.483652114868164,1.33159339427948,,,,,,15.980705261230469
2009-05-06,17.948640823364258,1.3312920331954956,,,,,,16.590356826782227
2009-05-07,17.982458114624023,1.3392080068588257,,,,,,15.64090633392334
2009-05-08,18.430538177490234,1.3639029264450073,,,,,,16.685298919677734
2009-05-11,18.27836036682129,1.358991026878357,,,,,,16.05067253112793
2009-05-12,18.464357376098633,1.364498496055603,,,,,,16.005695343017578
2009-05-13,18.25299835205078,1.3588618040084839,,,,,,14.956304550170898
2009-05-14,18.37135887145996,1.3636053800582886,,,,,,15.311102867126465
2009-05-15,17.9063663482666,1.350201964378357,,,,,,14.796394348144531
2009-05-18,18.37981414794922,1.3558034896850586,,,,,,15.985709190368652
2009-05-19,18.37981414794922,1.3632335662841797,,,,,,15.68088436126709
2009-05-20,18.675718307495117,1.3772966861724854,,,,,,15.555951118469238
2009-05-21,18.523536682128906,1.3906078338623047,,,,,,15.600934028625488
2009-05-22,18.794078826904297,1.4003052711486816,,,,,,15.21615219116211
2009-05-25,,1.4006974697113037,,,,,,
2009-05-26,18.83635139465332,1.3994038105010986,,,,,,16.120630264282227
2009-05-27,18.9208927154541,1.3833937644958496,,,,,,15.535967826843262
2009-05-28,19.26752471923828,1.3931069374084473,,,,,,15.750844955444336
2009-05-29,19.639514923095703,1.4157087802886963,,,,,,16.27054214477539
2009-06-01,20.18059730529785,1.4163904190063477,,,,,,17.105060577392578
2009-06-02,20.265138626098633,1.4308607578277588,,,,,,16.750261306762695
2009-06-03,19.588788986206055,1.4149675369262695,,,,,,16.72028160095215
2009-06-04,20.30741310119629,1.4177961349487305,,,,,,17.25496482849121
2009-06-05,20.1975040435791,1.3971943855285645,,,,,,17.209997177124023
2009-06-08,20.146778106689453,1.3902984857559204,,,,,,16.895177841186523
2009-06-09,20.34122657775879,1.4063313007354736,,,,,,16.895177841186523
2009-06-10,20.265138626098633,1.3983862400054932,,,,,,16.600351333618164
2009-06-11,20.45113754272461,1.4110939502716064,,,,,,16.260547637939453
2009-06-12,20.163686752319336,1.4001091718673706,,,,,,16.850204467773438
2009-06-15,19.7747859954834,1.3784927129745483,,,,,,16.05067253112793
2009-06-16,19.698694229125977,1.382991909980774,,,,,,15.755841255187988
2009-06-17,19.757877349853516,1.393805980682373,,,,,,15.456019401550293
2009-06-18,19.783239364624023,1.3914979696273804,,,,,,15.560955047607422
2009-06-19,19.614152908325195,1.3947001695632935,,,,,,15.715865135192871
2009-06-22,18.9547119140625,1.386520266532898,,,,,,14.89633846282959
2009-06-23,19.2844295501709,1.4072020053863525,,,,,,15.006282806396484
2009-06-24,19.275976181030273,1.3940973281860352,,,,,,15.333883285522461
2009-06-25,19.445064544677734,1.3985623121261597,,,,,,15.53704833984375
2009-06-26,19.2844295501709,1.4053035974502563,,,,,,15.669108390808105
2009-06-29,19.470426559448242,1.408609390258789,,,,,,15.65894889831543
2009-06-30,19.123798370361328,1.4038830995559692,,,,,,15.750368118286133
2009-07-01,19.047710418701172,1.414087176322937,,,,,,16.02464485168457
2009-07-02,18.624990463256836,1.3957513570785522,,,,,,15.176433563232422
2009-07-03,,1.3960046768188477,,,,,,
2009-07-06,18.067001342773438,1.3977022171020508,,,,,,15.557365417480469
2009-07-07,17.779552459716797,1.3915947675704956,,,,,,14.952942848205566
2009-07-08,17.559741973876953,1.3879058361053467,,,,,,14.810734748840332
2009-07-09,17.669645309448242,1.4027999639511108,,,,,,14.531380653381348
2009-07-10,17.53437614440918,1.3933980464935303,,,,,,14.51106071472168
2009-07-13,17.62737464904785,1.3990123271942139,,,,,,15.059612274169922
2009-07-14,17.62737464904785,1.3971552848815918,,,,,,15.242452621459961
2009-07-15,18.092363357543945,1.4101985692977905,,,,,,15.806244850158691
2009-07-16,18.1346378326416,1.414107084274292,,,,,,15.989086151123047
2009-07-17,18.405176162719727,1.4104969501495361,,,,,,15.562444686889648
2009-07-20,18.70953369140625,1.421181321144104,,,,,,16.11098861694336
2009-07-21,18.64189910888672,1.4198495149612427,,,,,,16.06527328491211
2009-07-22,18.743350982666016,1.4205957651138306,,,,,,16.085590362548828
2009-07-23,19.132253646850586,1.416330337524414,,,,,,16.725557327270508
2009-07-24,19.14916229248047,1.4212015867233276,,,,,,16.842382431030273
2009-07-27,19.225252151489258,1.4247043132781982,,,,,,17.086181640625
2009-07-28,19.013893127441406,1.4146071672439575,,,,,,17.070945739746094
2009-07-29,18.523536682128906,1.4014631509780884,,,,,,16.857620239257812
2009-07-30,19.098438262939453,1.4084903001785278,,,,,,17.462034225463867
2009-07-31,19.4788818359375,1.4260046482086182,,,,,,17.44679832458496
2009-08-03,20.02841567993164,1.4411921501159668,,,,,,17.76169776916504
2009-08-04,20.0368709564209,1.4419610500335693,,,,,,18.731815338134766
2009-08-05,20.248231887817383,1.4411712884902954,,,,,,19.447973251342773
2009-08-06,19.783239364624023,1.4372979402542114,,,,,,19.300682067871094
2009-08-07,19.69024085998535,1.419103980064392,,,,,,20.3774471282959
2009-08-10,19.681785583496094,1.413107991218567,,,,,,19.940641403198242
2009-08-11,19.38588523864746,1.4150075912475586,,,,,,19.361629486083984
2009-08-12,19.487337112426758,1.4217066764831543,,,,,,19.503847122192383
2009-08-13,19.749422073364258,1.4275925159454346,,,,,,19.605419158935547
2009-08-14,19.191434860229492,1.42069673538208,,,,,,19.44289779663086
2009-08-17,18.90398406982422,1.4105963706970215,,,,,,18.406757354736328
2009-08-18,19.275976181030273,1.4165109395980835,,,,,,18.589595794677734
2009-08-19,19.411245346069336,1.4253947734832764,,,,,,18.442302703857422
2009-08-20,19.250612258911133,1.4260046482086182,,,,,,19.178781509399414
2009-08-21,19.394338607788086,1.4320902824401855,,,,,,19.681608200073242
2009-08-24,19.42815589904785,1.4293065071105957,,,,,,19.615581512451172
2009-08-25,19.14916229248047,1.4284082651138306,,,,,,19.833986282348633
2009-08-26,19.098438262939453,1.4236294031143188,,,,,,19.894933700561523
2009-08-27,19.259069442749023,1.4372979402542114,,,,,,20.087936401367188
2009-08-28,19.216794967651367,1.4359976053237915,,,,,,20.26571273803711
2009-08-31,18.692625045776367,1.434267520904541,,,,,,19.945728302001953
2009-09-01,18.405176162719727,1.4212015867233276,,,,,,18.879104614257812
2009-09-02,18.44744873046875,1.4274091720581055,,,,,,18.498178482055664
2009-09-03,18.354450225830078,1.4256386756896973,,,,,,18.86894989013672
2009-09-04,18.27836036682129,1.4294085502624512,,,,,,19.087356567382812
2009-09-07,,1.4331985712051392,,,,,,
2009-09-08,18.61653709411621,1.4504104852676392,,,,,,19.752716064453125
2009-09-09,18.692625045776367,1.4547992944717407,,,,,,20.13872528076172
2009-09-10,18.794078826904297,1.4581297636032104,,,,,,20.438400268554688
2009-09-11,18.54890251159668,1.4580022096633911,,,,,,20.402851104736328
2009-09-14,18.44744873046875,1.4643217325210571,,,,,,21.00726890563965
2009-09-15,18.878623962402344,1.4670931100845337,,,,,,21.34248924255371
2009-09-16,19.123798370361328,1.4711940288543701,,,,,,22.21102523803711
2009-09-17,19.132253646850586,1.4732965230941772,,,,,,22.114511489868164
2009-09-18,18.963165283203125,1.4716053009033203,,,,,,22.145000457763672
2009-09-21,18.54890251159668,1.468407154083252,,,,,,21.799610137939453
2009-09-22,18.85325813293457,1.4811961650848389,,,,,,22.490371704101562
2009-09-23,18.430538177490234,1.4726022481918335,,,,,,21.677705764770508
2009-09-24,18.193815231323242,1.4650940895080566,,,,,,20.88626480102539
2009-09-25,18.050090789794922,1.4684934616088867,,,,,18.399999618530273,20.95294952392578
2009-09-28,18.21072769165039,1.462159276008606,,,,,18.399999618530273,21.81979751586914
2009-09-29,18.143089294433594,1.4591723680496216,,,,,18.399999618530273,21.46587562561035
2009-09-30,18.650352478027344,1.465502142906189,,,,,18.399999618530273,21.260709762573242
2009-10-01,18.531993865966797,1.4515894651412964,,,,,18.399999618530273,20.306663513183594
2009-10-02,18.345996856689453,1.4590020179748535,,,,,18.399999618530273,20.163047790527344
2009-10-05,18.937801361083984,1.465996265411377,,,,,18.399999618530273,20.717004776000977
2009-10-06,18.70953369140625,1.4721685647964478,,,,,18.399999618530273,20.660585403442383
2009-10-07,18.743350982666016,1.4711507558822632,,,,,18.399999618530273,20.64518928527832
2009-10-08,19.115346908569336,1.4781310558319092,,,,,18.399999618530273,21.040151596069336
2009-10-09,19.191434860229492,1.473405122756958,,,,,18.399999618530273,21.219663619995117
2009-10-12,19.58033561706543,1.4792898893356323,,,,,18.399999618530273,21.18889808654785
2009-10-13,19.80014991760254,1.4846047163009644,,,,,18.399999618530273,20.89139175415039
2009-10-14,19.952327728271484,1.4932059049606323,,,,,18.399999618530273,21.655658721923828
2009-10-15,20.15523338317871,1.4955954551696777,,,,,18.399999618530273,21.47099494934082
2009-10-16,20.205957412719727,1.4908016920089722,,,,,18.399999618530273,20.906782150268555
2009-10-19,20.493410110473633,1.496490716934204,,,,,18.399999618530273,21.3581600189209
2009-10-20,20.366594314575195,1.4934512376785278,,,,,18.399999618530273,20.96320915222168
2009-10-21,20.797765731811523,1.500690221786499,,,,,18.399999618530273,20.696489334106445
2009-10-22,20.96685028076172,1.504189133644104,,,,,18.399999618530273,21.24018096923828
2009-10-23,20.890762329101562,1.5010056495666504,,,,,18.399999618530273,20.988847732543945
2009-10-26,20.510318756103516,1.4861712455749512,,,,,18.399999618530273,20.93755531311035
2009-10-27,20.366594314575195,1.4817010164260864,,,,,18.399999618530273,20.634931564331055
2009-10-28,19.84242057800293,1.4718002080917358,,,,,18.399999618530273,19.76809310913086
2009-10-29,20.459590911865234,1.4840097427368164,,,,,18.399999618530273,20.670846939086914
2009-10-30,19.943872451782227,1.4732965230941772,,,,,18.399999618530273,20.311792373657227
2009-11-02,20.290504455566406,1.4774104356765747,,,,,18.399999618530273,20.306663513183594
2009-11-03,20.577951431274414,1.473101258277893,,,,,18.399999618530273,20.604162216186523
2009-11-04,20.56104278564453,1.4869003295898438,,,,,18.399999618530273,20.163047790527344
2009-11-05,20.45113754272461,1.4878073930740356,,,,,18.399999618530273,20.61954689025879
2009-11-06,20.087596893310547,1.4848912954330444,,,,,18.399999618530273,20.28101921081543
2009-11-09,20.41731834411621,1.5008028745651245,,,,,18.399999618530273,21.281227111816406
2009-11-10,20.31586456298828,1.4989807605743408,,,,,18.399999618530273,21.12221336364746
2009-11-11,20.45113754272461,1.4983967542648315,,,,,18.399999618530273,21.517162322998047
2009-11-12,20.146778106689453,1.4856854677200317,,,,,18.399999618530273,21.29659652709961
2009-11-13,20.12986946105957,1.490890622138977,,,,,18.399999618530273,21.583843231201172
2009-11-16,20.71322250366211,1.498374342918396,,,,,18.399999618530273,22.107027053833008
2009-11-17,20.814672470092773,1.4876967668533325,,,,,18.399999618530273,21.72233772277832
2009-11-18,20.831581115722656,1.495394229888916,,,,,18.399999618530273,22.117286682128906
2009-11-19,20.53567886352539,1.4916245937347412,,,,,18.399999618530273,21.609493255615234
2009-11-20,20.510318756103516,1.4863920211791992,,,,,18.399999618530273,21.455612182617188
2009-11-23,20.603315353393555,1.496199607849121,,,,,18.399999618530273,21.72746467590332
2009-11-24,20.366594314575195,1.496669888496399,,,,,18.399999618530273,21.404321670532227
2009-11-25,20.856945037841797,1.5127906799316406,,,,,18.399999618530273,21.49152183532715
2009-11-26,,1.4972974061965942,,,,,18.399999618530273,
2009-11-27,20.62022590637207,1.4990930557250977,,,,,18.399999618530273,20.865760803222656
2009-11-30,20.84848976135254,1.5038950443267822,,,,,18.399999618530273,21.645395278930664
2009-12-01,21.000669479370117,1.5090012550354004,,,,,18.399999618530273,21.963403701782227
2009-12-02,20.856945037841797,1.5069773197174072,,,,,18.399999618530273,22.322444915771484
2009-12-03,20.840036392211914,1.506545901298523,,,,,18.399999618530273,22.07111930847168
2009-12-04,20.67095184326172,1.485707402229309,,,,,18.399999618530273,22.722545623779297
2009-12-07,20.484952926635742,1.4841198921203613,,,,,18.399999618530273,22.245521545410156
2009-12-08,20.282047271728516,1.4697020053863525,,,,,18.399999618530273,22.117286682128906
2009-12-09,20.02841567993164,1.4737958908081055,,,,,18.399999618530273,22.07111930847168
2009-12-10,19.918508529663086,1.4729492664337158,,,,,18.399999618530273,21.98392105102539
2009-12-11,20.01996421813965,1.4619027376174927,,,,,18.399999618530273,22.337839126586914
2009-12-14,20.12986946105957,1.4656953811645508,,,,,18.399999618530273,22.743051528930664
2009-12-15,20.0368709564209,1.4542070627212524,,,,,18.399999618530273,22.51737403869629
2009-12-16,20.383501052856445,1.452601671218872,,,,,18.399999618530273,22.681503295898438
2009-12-17,20.070690155029297,1.4346996545791626,,,,,18.399999618530273,22.543012619018555
2009-12-18,20.15523338317871,1.4349054098129272,,,,,18.399999618530273,22.691776275634766
2009-12-21,19.960783004760742,1.428673505783081,,,,,18.399999618530273,22.999502182006836
2009-12-22,20.104507446289062,1.4254355430603027,,,,,18.399999618530273,23.240596771240234
2009-12-23,20.459590911865234,1.4336096048355103,,,,,18.399999618530273,23.517578125
2009-12-24,20.577951431274414,1.4384970664978027,,,,,,23.857341766357422
2009-12-25,,1.4399055242538452,,,,,,
2009-12-28,20.941490173339844,1.437504529953003,,,,,18.399999618530273,23.971651077270508
2009-12-29,20.89921760559082,1.434308648109436,,,,,18.399999618530273,23.6131591796875
2009-12-30,20.873851776123047,1.4342057704925537,,,,,18.399999618530273,23.6495304107666
2009-12-31,20.814672470092773,1.4327058792114258,,,,,,23.244293212890625
2010-01-01,,1.4389938116073608,,,,,,
2010-01-04,21.33884620666504,1.4423978328704834,,,,,18.399999618530273,23.145578384399414
2010-01-05,21.364206314086914,1.4365959167480469,,,,,18.399999618530273,23.11960792541504
2010-01-06,21.74465560913086,1.4404033422470093,,,,,18.399999618530273,23.078039169311523
2010-01-07,21.47411346435547,1.4318032264709473,,,,,18.399999618530273,23.327423095703125
2010-01-08,21.457204818725586,1.44110906124115,,,,,18.399999618530273,23.155973434448242
2010-01-11,21.389572143554688,1.4511260986328125,,,,,18.399999618530273,23.291046142578125
2010-01-12,20.933032989501953,1.447659969329834,,,,,18.399999618530273,22.901395797729492
2010-01-13,20.94994354248047,1.4523905515670776,,,,,18.399999618530273,23.363786697387695
2010-01-14,20.840036392211914,1.4499897956848145,,,,,18.399999618530273,23.343002319335938
2010-01-15,20.603315353393555,1.4390974044799805,,,,,18.399999618530273,23.16635513305664
2010-01-18,,1.4406731128692627,,,,,18.399999618530273,
2010-01-19,20.738584518432617,1.4281021356582642,,,,,18.600000381469727,23.639142990112305
2010-01-20,20.349681854248047,1.4110342264175415,,,,,18.450000762939453,23.37417221069336
2010-01-21,20.096052169799805,1.4097015857696533,,,,,18.350000381469727,22.703969955444336
2010-01-22,19.884693145751953,1.414107084274292,,,,,18.110000610351562,22.132465362548828
2010-01-25,19.977689743041992,1.4150075912475586,,,,,17.940000534057617,22.28833770751953
2010-01-26,19.757877349853516,1.4082324504852295,,,,,17.989999771118164,22.080514907836914
2010-01-27,19.470426559448242,1.4030951261520386,,,,,17.860000610351562,22.277942657470703
2010-01-28,19.402793884277344,1.3968042135238647,,,,,17.850000381469727,22.085712432861328
2010-01-29,19.182979583740234,1.3866932392120361,,,,,17.8700008392334,21.961023330688477
2010-02-01,19.647968292236328,1.3926994800567627,,,,,17.899999618530273,22.361068725585938
2010-02-02,20.070690155029297,1.3976240158081055,,,,,17.899999618530273,22.667600631713867
2010-02-03,19.825511932373047,1.3901052474975586,,,,,17.899999618530273,22.29872703552246
2010-02-04,19.166072845458984,1.3744947910308838,,,,,18.079999923706055,21.47264862060547
2010-02-05,18.9208927154541,1.368007779121399,,,,,18.0,21.86750030517578
2010-02-08,18.92934799194336,1.3654673099517822,,,,,18.0,21.389522552490234
2010-02-09,19.26752471923828,1.378207802772522,,,,,18.0,21.321990966796875
2010-02-10,19.343610763549805,1.3753266334533691,,,,,18.0,21.36354637145996
2010-02-11,19.57187843322754,1.3681762218475342,,,,,18.0,21.566164016723633
2010-02-12,19.461971282958984,1.363493800163269,,,,,18.0,21.82074546813965
2010-02-15,,1.3603036403656006,,,,,18.0,
2010-02-16,20.053781509399414,1.3767088651657104,,,,,18.0,22.439001083374023
2010-02-17,19.952327728271484,1.3606922626495361,,,,,18.0,22.641620635986328
2010-02-18,20.12986946105957,1.3461486101150513,,,,,18.0,22.97932243347168
2010-02-19,20.248231887817383,1.3615074157714844,,,,,18.0,22.994903564453125
2010-02-22,20.138322830200195,1.3605626821517944,,,,,18.520000457763672,23.052053451538086
2010-02-23,19.80860137939453,1.3527040481567383,,,,,18.3799991607666,22.875411987304688
2010-02-24,19.969234466552734,1.354316234588623,,,,,18.420000076293945,23.109216690063477
2010-02-25,19.631059646606445,1.3536012172698975,,,,,18.239999771118164,23.197532653808594
2010-02-26,19.977689743041992,1.3631035089492798,,,,,18.31999969482422,23.18714714050293
2010-03-01,19.7747859954834,1.356208086013794,,,,,18.670000076293945,23.384565353393555
2010-03-02,19.986146926879883,1.3620638847351074,,,,,18.739999771118164,23.39495277404785
2010-03-03,20.18059730529785,1.3701633214950562,,,,,18.719999313354492,23.332611083984375
2010-03-04,20.003053665161133,1.3584003448486328,,,,,18.770000457763672,23.47807502746582
2010-03-05,20.239778518676758,1.3628991842269897,,,,,19.010000228881836,24.11712074279785
2010-03-08,20.214412689208984,1.3616927862167358,,,,,19.020000457763672,24.361299514770508
2010-03-09,19.994600296020508,1.3606922626495361,,,,,19.1200008392334,24.418453216552734
2010-03-10,20.053781509399414,1.3643310070037842,,,,,19.110000610351562,24.636669158935547
2010-03-11,20.003053665161133,1.3685319423675537,,,,,19.06999969482422,24.78213882446289
2010-03-12,19.884693145751953,1.376993179321289,,,,,19.059999465942383,24.979578018188477
2010-03-15,19.647968292236328,1.3677457571029663,,,,,18.899999618530273,24.922414779663086
2010-03-16,19.910053253173828,1.3768794536590576,,,,,18.399999618530273,25.52507209777832
2010-03-17,20.087596893310547,1.3738338947296143,,,,,18.600000381469727,25.90435028076172
2010-03-18,20.045324325561523,1.361396312713623,,,,,18.600000381469727,25.764066696166992
2010-03-19,19.80014991760254,1.353692889213562,,,,,19.420000076293945,25.4835262298584
2010-03-22,19.80014991760254,1.356704831123352,,,,,19.229999542236328,25.805627822875977
2010-03-23,19.715604782104492,1.3468012809753418,,,,,19.0,25.732894897460938
2010-03-24,19.495790481567383,1.3331022262573242,,,,,19.6299991607666,25.873172760009766
2010-03-25,19.38588523864746,1.3307074308395386,,,,,19.809999465942383,25.936500549316406
2010-03-26,19.41969871520996,1.3410038948059082,,,,,19.0,25.800413131713867
2010-03-29,19.859329223632812,1.3481086492538452,,,,,19.729999542236328,25.878931045532227
2010-03-30,19.901599884033203,1.3424079418182373,,,,,19.790000915527344,25.842294692993164
2010-03-31,19.884693145751953,1.3508037328720093,,,,,19.790000915527344,25.549158096313477
2010-04-01,20.273595809936523,1.3584003448486328,,,,,19.850000381469727,25.680025100708008
2010-04-02,,1.3504936695098877,,,,,,
2010-04-05,20.594860076904297,1.34890878200531,,,,,,26.245336532592773
2010-04-06,20.577951431274414,1.3401951789855957,,,,,20.059999465942383,26.847291946411133
2010-04-07,20.501863479614258,1.3348461389541626,,,,,20.149999618530273,26.25581932067871
2010-04-08,20.46804428100586,1.336112380027771,,,,,20.0,26.287212371826172
2010-04-09,20.510318756103516,1.3500925302505493,,,,,20.010000228881836,26.658857345581055
2010-04-12,20.493410110473633,1.3596007823944092,,,,,20.049999237060547,26.49135971069336
2010-04-13,20.569496154785156,1.3608589172363281,,,,,19.93000030517578,27.140424728393555
2010-04-14,20.80621910095215,1.3655978441238403,,,,,20.040000915527344,27.182289123535156
2010-04-15,20.882308959960938,1.3574045896530151,,,,,20.25,26.43901252746582
2010-04-16,20.501863479614258,1.3504024744033813,,,,,19.989999771118164,25.83182144165039
2010-04-19,20.239778518676758,1.348726749420166,,,,,19.93000030517578,25.946969985961914
2010-04-20,20.400409698486328,1.343508243560791,,,,,20.18000030517578,26.38667106628418
2010-04-21,20.501863479614258,1.3389928340911865,,,,,20.25,26.847291946411133
2010-04-22,20.552589416503906,1.3269991874694824,,,,,20.1200008392334,27.26081085205078
2010-04-23,20.68785858154297,1.338401436805725,,,,,20.229999542236328,27.62198829650879
2010-04-26,20.586406707763672,1.3401232957839966,,,,,20.440000534057617,27.841833114624023
2010-04-27,20.273595809936523,1.3170719146728516,,,,,20.270000457763672,26.951982498168945
2010-04-28,20.34122657775879,1.321283221244812,,,,,20.0,27.03572654724121
2010-04-29,20.501863479614258,1.3262951374053955,,,,,20.200000762939453,28.25535774230957
2010-04-30,20.66249656677246,1.3298048973083496,,,,,20.09000015258789,27.37596321105957
2010-05-03,20.763946533203125,1.3199926614761353,,,,,20.1299991607666,28.28675651550293
2010-05-04,20.205957412719727,1.2963947057724,,,,,19.809999465942383,27.64292335510254
2010-05-05,19.749422073364258,1.2814927101135254,,,,,19.889999389648438,27.27128791809082
2010-05-06,19.360519409179688,1.263296127319336,,,,,19.809999465942383,26.1511173248291
2010-05-07,19.259069442749023,1.2756078243255615,,,,,19.450000762939453,25.711427688598633
2010-05-10,19.631059646606445,1.2779226303100586,,,,,19.90999984741211,27.40737533569336
2010-05-11,19.59724235534668,1.2629930973052979,,,,,19.889999389648438,27.569637298583984
2010-05-12,19.757877349853516,1.2639029026031494,,,,,20.260000228881836,28.014575958251953
2010-05-13,19.588788986206055,1.2541072368621826,,,,,20.420000076293945,27.559165954589844
2010-05-14,19.089982986450195,1.2360023260116577,,,,,19.979999542236328,26.685026168823242
2010-05-17,18.54890251159668,1.2392956018447876,,,,,20.0,26.721675872802734
2010-05-18,18.523536682128906,1.217893362045288,,,,,20.15999984741211,26.046428680419922
2010-05-19,18.354450225830078,1.2393416166305542,,,,,19.799999237060547,25.805648803710938
2010-05-20,17.9740047454834,1.2478941679000854,,,,,19.18000030517578,24.4813232421875
2010-05-21,18.159997940063477,1.2567076683044434,,,,,18.940000534057617,25.303146362304688
2010-05-24,18.143089294433594,1.234994888305664,,,,,19.18000030517578,24.737810134887695
2010-05-25,17.999366760253906,1.2345983982086182,,,,,18.81999969482422,24.936737060546875
2010-05-26,18.193815231323242,1.217300295829773,,,,,19.3700008392334,24.884387969970703
2010-05-27,18.726442337036133,1.2347966432571411,,,,,19.530000686645508,26.250572204589844
2010-05-28,18.56580924987793,1.227400541305542,,,,,19.469999313354492,25.915569305419922
2010-05-31,,1.2287880182266235,,,,,19.520000457763672,
2010-06-01,18.219179153442383,1.2233014106750488,,,,,19.5,25.376415252685547
2010-06-02,18.438995361328125,1.223900318145752,,,,,19.530000686645508,25.87369155883789
2010-06-03,18.540447235107422,1.216944694519043,,,,,19.84000015258789,25.800413131713867
2010-06-04,17.965545654296875,1.1971030235290527,,,,,19.969999313354492,24.340007781982422
2010-06-07,17.999366760253906,1.1922929286956787,,,,,19.56999969482422,24.209157943725586
2010-06-08,18.143089294433594,1.197203278541565,,,,,19.290000915527344,24.64361000061035
2010-06-09,18.22763442993164,1.1991989612579346,,,,,19.579999923706055,24.79017448425293
2010-06-10,18.531993865966797,1.2109030485153198,,,,,19.600000381469727,25.86322593688965
2010-06-11,18.557355880737305,1.2114017009735107,,,,,19.809999465942383,26.17204475402832
2010-06-14,18.608083724975586,1.2218068838119507,,,,,19.899999618530273,26.496591567993164
2010-06-15,18.9208927154541,1.2319064140319824,,,,,19.8799991607666,27.088083267211914
2010-06-16,18.963165283203125,1.2311935424804688,,,,,20.020000457763672,26.842056274414062
2010-06-17,18.971622467041016,1.238206148147583,,,,,19.940000534057617,26.899627685546875
2010-06-18,18.937801361083984,1.2392956018447876,,,,,20.0,26.815893173217773
2010-06-21,18.861713409423828,1.2316029071807861,,,,,20.229999542236328,26.606515884399414
2010-06-22,18.819442749023438,1.2275059223175049,,,,,20.15999984741211,25.81610679626465
2010-06-23,18.506628036499023,1.2319064140319824,,,,,19.90999984741211,25.884159088134766
2010-06-24,18.54890251159668,1.2337453365325928,,,,,19.770000457763672,25.336227416992188
2010-06-25,18.887075424194336,1.2373021841049194,,,,,19.530000686645508,25.97557830810547
2010-06-28,18.68416976928711,1.2277017831802368,,,,,19.559999465942383,25.669111251831055
2010-06-29,18.168455123901367,1.2186353206634521,,,,,19.200000762939453,24.828968048095703
2010-06-30,18.236087799072266,1.223002314567566,,,,,19.0049991607666,24.56477928161621
2010-07-01,17.957094192504883,1.2507504224777222,,,,,18.350000381469727,24.480236053466797
2010-07-02,17.923276901245117,1.257102608680725,,,,,18.350000381469727,24.009967803955078
2010-07-05,,1.2536983489990234,,,,,18.325000762939453,
2010-07-06,17.9740047454834,1.262403130531311,,,,,18.614999771118164,23.476295471191406
2010-07-07,18.37981414794922,1.2633121013641357,,,,,18.55500030517578,24.61762046813965
2010-07-08,18.54890251159668,1.2694060802459717,,,,,18.899999618530273,24.924070358276367
2010-07-09,18.582717895507812,1.2643983364105225,,,,,19.170000076293945,25.24112319946289
2010-07-12,18.37135887145996,1.2590018510818481,,,,,19.264999389648438,25.32037353515625
2010-07-13,18.667261123657227,1.2720866203308105,,,,,19.454999923706055,25.943872451782227
2010-07-14,18.63344383239746,1.274047613143921,,,,,19.434999465942383,25.790637969970703
2010-07-15,18.810985565185547,1.2928582429885864,,,,,19.06999969482422,25.70608901977539
2010-07-16,18.574264526367188,1.2931926250457764,,,,,18.799999237060547,24.87125015258789
2010-07-19,18.557355880737305,1.2939456701278687,,,,,18.795000076293945,25.177705764770508
2010-07-20,18.70953369140625,1.289307713508606,,,,,18.729999542236328,25.64797592163086
2010-07-21,18.658809661865234,1.276796817779541,,,,,19.114999771118164,25.114299774169922
2010-07-22,19.030799865722656,1.2903059720993042,,,,,19.190000534057617,26.054838180541992
2010-07-23,18.971622467041016,1.291305661201477,,,,,19.299999237060547,26.38771629333496
2010-07-26,18.9547119140625,1.299899935722351,,,,,19.354999542236328,27.048208236694336
2010-07-27,18.751806259155273,1.2990893125534058,,,,,19.469999313354492,27.042917251586914
2010-07-28,18.827896118164062,1.2992243766784668,,,,,19.334999084472656,26.99007225036621
2010-07-29,19.098438262939453,1.307805061340332,,,,,19.209999084472656,26.762874603271484
2010-07-30,19.352066040039062,1.3039000034332275,,,,,19.184999465942383,26.921377182006836
2010-08-02,19.724058151245117,1.3175925016403198,,,,,19.350000381469727,27.824932098388672
2010-08-03,19.79169273376465,1.3225064277648926,,,,,19.450000762939453,27.555444717407227
2010-08-04,19.960783004760742,1.3225064277648926,,,,,19.53499984741211,27.750953674316406
2010-08-05,19.867782592773438,1.3158068656921387,,,,,19.520000457763672,27.402219772338867
2010-08-06,19.69024085998535,1.3181308507919312,,,,,19.174999237060547,27.275415420532227
2010-08-09,19.757877349853516,1.3285682201385498,,,,,19.479999542236328,27.587156295776367
2010-08-10,19.546518325805664,1.3229963779449463,,,,,19.450000762939453,27.31768798828125
2010-08-11,19.106889724731445,1.3184958696365356,,,,,19.28499984741211,26.636066436767578
2010-08-12,18.963165283203125,1.284406065940857,,,,,19.204999923706055,26.303173065185547
2010-08-13,18.946256637573242,1.2829889059066772,,,,,19.290000915527344,26.303173065185547
2010-08-16,18.887075424194336,1.277090311050415,,,,,19.239999771118164,26.28203773498535
2010-08-17,19.157615661621094,1.2811970710754395,,,,,19.454999923706055,26.88440704345703
2010-08-18,19.081525802612305,1.2879958152770996,,,,,19.399999618530273,26.91082191467285
2010-08-19,18.887075424194336,1.28564453125,,,,,19.469999313354492,26.223915100097656
2010-08-20,18.76871681213379,1.2808033227920532,,,,,19.209999084472656,26.139366149902344
2010-08-23,18.64189910888672,1.2710033655166626,,,,,19.290000915527344,26.00199317932129
2010-08-24,18.430538177490234,1.2635036706924438,,,,,19.0,25.89632797241211
2010-08-25,18.523536682128906,1.263296127319336,,,,,18.9950008392334,26.30845832824707
2010-08-26,18.734899520874023,1.26639986038208,,,,,18.959999084472656,26.149948120117188
2010-08-27,19.05616569519043,1.2706480026245117,,,,,18.899999618530273,26.58321762084961
2010-08-30,19.02234649658203,1.2753963470458984,,,,,19.139999389648438,26.37714195251465
2010-08-31,18.76871681213379,1.266592264175415,,,,,19.030000686645508,26.577924728393555
2010-09-01,19.14070701599121,1.268729567527771,,,,,19.395000457763672,27.44448471069336
2010-09-02,19.275976181030273,1.2802950143814087,,,,,19.375,27.793216705322266
2010-09-03,19.37742805480957,1.2825939655303955,,,,,19.579999923706055,28.20008087158203
2010-09-06,,1.28940749168396,,,,,19.704999923706055,
2010-09-07,19.4788818359375,1.2868356704711914,,,,,19.735000610351562,27.766807556152344
2010-09-08,19.521154403686523,1.2677966356277466,,,,,19.825000762939453,27.824932098388672
2010-09-09,19.411245346069336,1.2732040882110596,,,,,19.985000610351562,27.502622604370117
2010-09-10,19.614152908325195,1.269309401512146,,,,,19.959999084472656,27.650548934936523
2010-09-13,19.757877349853516,1.2716983556747437,,,,,20.045000076293945,28.104969024658203
2010-09-14,19.817058563232422,1.2872000932693481,,,,,19.950000762939453,27.999298095703125
2010-09-15,19.783239364624023,1.2991737127304077,,,,,19.844999313354492,28.242361068725586
2010-09-16,19.681785583496094,1.3015071153640747,,,,,19.729999542236328,28.094411849975586
2010-09-17,19.749422073364258,1.3075997829437256,,,,,19.78499984741211,28.178953170776367
2010-09-20,19.910053253173828,1.3043931722640991,,,,,19.959999084472656,28.86586570739746
2010-09-21,19.698694229125977,1.3066941499710083,,,,,19.899999618530273,28.44315528869629
2010-09-22,19.817058563232422,1.3256973028182983,,,,,19.584999084472656,28.05742645263672
2010-09-23,19.833967208862305,1.3391003608703613,,,,,19.514999389648438,27.365230560302734
2010-09-24,20.138322830200195,1.331912636756897,,,,,19.545000076293945,28.139360427856445
2010-09-27,20.003053665161133,1.3479087352752686,,,,,19.53499984741211,27.792814254760742
2010-09-28,20.003053665161133,1.3439054489135742,,,,,19.40999984741211,27.904769897460938
2010-09-29,20.265138626098633,1.3570915460586548,,,,,19.354999542236328,27.686187744140625
2010-09-30,20.383501052856445,1.3628062009811401,,,,,19.450000762939453,27.76617431640625
2010-10-01,20.42577362060547,1.3622123003005981,,,,,19.190000534057617,27.904769897460938
2010-10-04,20.358137130737305,1.377695083618164,,,,,19.114999771118164,28.160694122314453
2010-10-05,20.772401809692383,1.367409110069275,,,,,19.270000457763672,28.608530044555664
2010-10-06,20.780855178833008,1.3833937644958496,,,,,19.40999984741211,28.45391273498535
2010-10-07,20.569496154785156,1.3920016288757324,,,,,19.309999465942383,28.53389549255371
2010-10-08,21.254301071166992,1.3927963972091675,,,,,19.295000076293945,28.613855361938477
2010-10-11,21.152849197387695,1.3977607488632202,,,,,19.440000534057617,28.608530044555664
2010-10-12,21.254301071166992,1.3880213499069214,,,,,19.360000610351562,28.811126708984375
2010-10-13,21.35575294494629,1.3916915655136108,,,,,19.55500030517578,29.10968017578125
2010-10-14,21.32193374633789,1.3967260122299194,,,,,19.46500015258789,29.03504753112793
2010-10-15,21.085214614868164,1.4072020053863525,,,,,19.454999923706055,28.99772834777832
2010-10-18,21.296573638916016,1.3964334726333618,,,,,19.540000915527344,29.37091827392578
2010-10-19,20.67095184326172,1.3935922384262085,,,,,19.600000381469727,29.008390426635742
2010-10-20,21.161304473876953,1.3739094734191895,,,,,19.56999969482422,29.64282989501953
2010-10-21,20.89921760559082,1.3963165283203125,,,,,19.610000610351562,29.610841751098633
2010-10-22,21.076759338378906,1.3916915655136108,,,,,19.600000381469727,29.6268367767334
2010-10-25,21.186664581298828,1.3944084644317627,,,,,19.655000686645508,29.680137634277344
2010-10-26,21.296573638916016,1.3948947191238403,,,,,19.645000457763672,29.466880798339844
2010-10-27,21.22893714904785,1.3854252099990845,,,,,19.645000457763672,29.258974075317383
2010-10-28,21.33884620666504,1.377808928489685,,,,,19.579999923706055,29.077693939208984
2010-10-29,21.28812026977539,1.377808928489685,,,,,19.584999084472656,29.083017349243164
2010-11-01,21.42338752746582,1.397506833076477,,,,,19.635000228881836,29.33361053466797
2010-11-02,21.61783790588379,1.3910914659500122,,,,,19.594999313354492,29.536203384399414
2010-11-03,21.71929359436035,1.4036072492599487,,,,,19.514999389648438,29.536203384399414
2010-11-04,22.235008239746094,1.4127286672592163,,,,,19.774999618530273,30.218637466430664
2010-11-05,22.3280029296875,1.422798991203308,,,,,19.959999084472656,30.543834686279297
2010-11-08,22.387184143066406,1.407578468322754,,,,,20.165000915527344,30.37856674194336
2010-11-09,22.235008239746094,1.3869625329971313,,,,,20.200000762939453,29.14699935913086
2010-11-10,22.471731185913086,1.377201795578003,,,,,20.260000228881836,29.509538650512695
2010-11-11,22.285734176635742,1.3775622844696045,,,,,20.315000534057617,29.274953842163086
2010-11-12,21.35575294494629,1.3621008396148682,,,,,20.135000228881836,29.0030574798584
2010-11-15,21.389572143554688,1.3693190813064575,,,,,20.31999969482422,28.725818634033203
2010-11-16,20.755491256713867,1.357478380203247,,,,,19.959999084472656,27.739501953125
2010-11-17,20.594860076904297,1.3490543365478516,,,,,20.049999237060547,27.95275115966797
2010-11-18,21.152849197387695,1.355399250984192,,,,,20.155000686645508,28.20335578918457
2010-11-19,20.84848976135254,1.365728497505188,,,,,20.155000686645508,28.352636337280273
2010-11-22,20.91612434387207,1.3744381666183472,,,,,20.125,28.427255630493164
2010-11-23,20.865400314331055,1.3601926565170288,,,,,20.100000381469727,28.20335578918457
2010-11-24,21.254301071166992,1.3386342525482178,,,,,20.354999542236328,28.747156143188477
2010-11-25,,1.3357912302017212,,,,,20.454999923706055,
2010-11-26,21.35575294494629,1.3339736461639404,,,,,20.434999465942383,28.688505172729492
2010-11-29,21.398025512695312,1.3238019943237305,,,,,20.350000381469727,28.672515869140625
2010-11-30,21.195119857788086,1.3103927373886108,,,,,20.4950008392334,28.544553756713867
2010-12-01,21.820743560791016,1.2992074489593506,,,,,20.81999969482422,28.709823608398438
2010-12-02,22.006742477416992,1.3124909400939941,,,,,20.920000076293945,29.152332305908203
2010-12-03,22.285734176635742,1.3215975761413574,,,,,20.950000762939453,29.14699935913086
2010-12-06,22.260372161865234,1.341597557067871,,,,,20.8799991607666,29.205650329589844
2010-12-07,22.108192443847656,1.328691840171814,,,,,20.979999542236328,29.26963233947754
2010-12-08,22.27728271484375,1.3244681358337402,,,,,21.020000457763672,28.837785720825195
2010-12-09,22.218101501464844,1.3250824213027954,,,,,21.155000686645508,28.581884384155273
2010-12-10,22.184284210205078,1.3242051601409912,,,,,21.170000076293945,28.768474578857422
2010-12-13,22.404096603393555,1.319713830947876,,,,,21.229999542236328,28.81645393371582
2010-12-14,22.34491539001465,1.3395488262176514,,,,,21.09000015258789,28.53389549255371
2010-12-15,22.285734176635742,1.336094617843628,,,,,21.174999237060547,28.261993408203125
2010-12-16,22.209646224975586,1.3224014043807983,,,,,21.174999237060547,28.309967041015625
2010-12-17,22.37873077392578,1.323994755744934,,,,,21.200000762939453,28.544553756713867
2010-12-20,22.581636428833008,1.3164995908737183,,,,,21.399999618530273,28.885757446289062
2010-12-21,22.725360870361328,1.3118022680282593,,,,,21.56999969482422,29.189651489257812
2010-12-22,22.843727111816406,1.3090033531188965,,,,,21.6299991607666,29.413576126098633
2010-12-23,22.928268432617188,1.3115441799163818,,,,,21.6299991607666,29.280292510986328
2010-12-24,,1.31271493434906,,,,,,
2010-12-27,22.88599395751953,1.3079760074615479,,,,,21.6299991607666,29.644102096557617
2010-12-28,23.131174087524414,1.3189654350280762,,,,,21.6299991607666,29.762678146362305
2010-12-29,23.13962745666504,1.3086265325546265,,,,,21.6299991607666,29.821975708007812
2010-12-30,22.860633850097656,1.3224539756774902,,,,,21.6299991607666,29.902822494506836
2010-12-31,23.291807174682617,1.3301233053207397,,,,,,29.843530654907227
2011-01-03,23.39325714111328,1.3357912302017212,,,,,21.6299991607666,30.398691177368164
2011-01-04,23.080446243286133,1.3356841802597046,,,,,21.56999969482422,29.816574096679688
2011-01-05,23.32562255859375,1.3321077823638916,,,,,21.575000762939453,29.924375534057617
2011-01-06,23.01280975341797,1.3156856298446655,,,,,21.575000762939453,29.644102096557617
2011-01-07,22.928268432617188,1.2979933023452759,,,,,21.575000762939453,29.65488624572754
2011-01-10,23.198808670043945,1.289507269859314,,,,,21.905000686645508,29.649494171142578
2011-01-11,23.460895538330078,1.2964956760406494,,,,,22.155000686645508,29.58481216430664
2011-01-12,23.61307144165039,1.2983977794647217,,,,,22.155000686645508,29.708786010742188
2011-01-13,23.579254150390625,1.3128355741500854,,,,,21.885000228881836,29.805797576904297
2011-01-14,23.689163208007812,1.335327386856079,,,,,21.770000457763672,30.005212783813477
2011-01-17,,1.3380253314971924,,,,,21.969999313354492,
2011-01-18,23.663799285888672,1.3283917903900146,,,,,21.979999542236328,30.26392936706543
2011-01-19,23.63843536376953,1.3378105163574219,,,,,21.7450008392334,29.865093231201172
2011-01-20,23.401714324951172,1.3452069759368896,,,,,21.53499984741211,29.870473861694336
2011-01-21,23.63843536376953,1.3468012809753418,,,,,21.600000381469727,29.892038345336914
2011-01-24,23.435529708862305,1.361952543258667,,,,,21.600000381469727,30.042964935302734
2011-01-25,23.13962745666504,1.3644053936004639,,,,,21.514999389648438,30.393281936645508
2011-01-26,23.655344009399414,1.3686069250106812,,,,,21.5,30.441802978515625
2011-01-27,23.45244026184082,1.3710086345672607,,,,,21.5,30.9215087890625
2011-01-28,23.74834442138672,1.3723068237304688,,,,,21.5,30.409446716308594
2011-01-31,24.12033462524414,1.3572757244110107,,,,,21.5,30.81369972229004
2011-02-01,24.29787826538086,1.3713847398757935,,,,,21.459999084472656,30.889156341552734
2011-02-02,24.53459930419922,1.382991909980774,,,,,21.459999084472656,30.889156341552734
2011-02-03,24.373966217041016,1.3817880153656006,,,,,21.459999084472656,30.97539710998535
2011-02-04,24.238697052001953,1.362453579902649,,,,,21.459999084472656,30.749027252197266
2011-02-07,24.17106056213379,1.357496738433838,,,,,21.459999084472656,31.050859451293945
2011-02-08,24.331693649291992,1.359194278717041,,,,,21.459999084472656,31.18560028076172
2011-02-09,24.45005226135254,1.3626948595046997,,,,,21.459999084472656,31.20716667175293
2011-02-10,24.30632972717285,1.372099757194519,,,,,21.459999084472656,31.336505889892578
2011-02-11,24.221786499023438,1.3601926565170288,,,,,22.0,31.541324615478516
2011-02-14,24.34014892578125,1.3510043621063232,,,,,22.34000015258789,31.546707153320312
2011-02-15,24.02733612060547,1.3481086492538452,,,,,22.25,31.428136825561523
2011-02-16,24.204877853393555,1.3498555421829224,,,,,22.290000915527344,31.498210906982422
2011-02-17,24.28096580505371,1.357533574104309,,,,,22.290000915527344,31.530542373657227
2011-02-18,24.25560760498047,1.3626019954681396,,,,,22.290000915527344,31.654508590698242
2011-02-21,,1.3713470697402954,,,,,22.290000915527344,
2011-02-22,24.221786499023438,1.3682323694229126,,,,,22.290000915527344,31.379629135131836
2011-02-23,24.762866973876953,1.3673717975616455,,,,,21.645000457763672,31.115537643432617
2011-02-24,24.543052673339844,1.3764055967330933,,,,,21.454999923706055,30.87836265563965
2011-02-25,25.084135055541992,1.381998062133789,,,,,21.844999313354492,31.482030868530273
2011-02-28,25.126405715942383,1.373437762260437,,,,,21.875,32.26356887817383
2011-03-01,25.506851196289062,1.3821508884429932,,,,,21.920000076293945,31.304168701171875
2011-03-02,25.608304977416992,1.3771828413009644,,,,,21.600000381469727,31.018503189086914
2011-03-03,25.599851608276367,1.3866548538208008,,,,,21.639999389648438,31.46586036682129
2011-03-04,25.726665496826172,1.3958877325057983,,,,,21.485000610351562,31.16403579711914
2011-03-07,25.608304977416992,1.3990709781646729,,,,,21.584999084472656,30.937673568725586
2011-03-08,25.388490676879883,1.3963944911956787,,,,,21.584999084472656,31.37424087524414
2011-03-09,25.48994255065918,1.3897961378097534,,,,,21.584999084472656,31.34190559387207
2011-03-10,25.075681686401367,1.3902212381362915,,,,,21.584999084472656,30.86220932006836
2011-03-11,24.93195343017578,1.3801289796829224,,,,,21.584999084472656,31.174808502197266
2011-03-14,24.999589920043945,1.3934563398361206,,,,,20.649999618530273,30.86220932006836
2011-03-15,24.086515426635742,1.3992079496383667,,,,,20.149999618530273,30.70049285888672
2011-03-16,24.23023796081543,1.3986209630966187,,,,,20.149999618530273,30.24775505065918
2011-03-17,24.982681274414062,1.3884838819503784,,,,,20.149999618530273,30.479530334472656
2011-03-18,25.126405715942383,1.4032920598983765,,,,,20.149999618530273,30.786746978759766
2011-03-21,25.244768142700195,1.4170527458190918,,,,,20.600000381469727,31.12092399597168
2011-03-22,25.430761337280273,1.4217066764831543,,,,,20.68000030517578,30.9215087890625
2011-03-23,25.481489181518555,1.4168118238449097,,,,,20.704999923706055,30.581939697265625
2011-03-24,25.566030502319336,1.4105963706970215,,,,,20.704999923706055,30.71129608154297
2011-03-25,25.633668899536133,1.4171934127807617,,,,,20.704999923706055,30.951257705688477
2011-03-28,25.287038803100586,1.402603268623352,,,,,20.704999923706055,30.913253784179688
2011-03-29,25.430761337280273,1.4079747200012207,,,,,20.954999923706055,31.038127899169922
2011-03-30,25.39694595336914,1.411113977432251,,,,,20.954999923706055,31.488746643066406
2011-03-31,25.794301986694336,1.4121301174163818,,,,,20.954999923706055,31.743911743164062
2011-04-01,25.971843719482422,1.415869116783142,,,,,21.125,31.79277992248535
2011-04-04,26.20856475830078,1.4223334789276123,,,,,21.125,31.771041870117188
2011-04-05,26.233930587768555,1.422009825706482,,,,,21.200000762939453,31.803611755371094
2011-04-06,26.31001853942871,1.4219088554382324,,,,,21.100000381469727,31.819910049438477
2011-04-07,26.360748291015625,1.4335273504257202,,,,,21.1200008392334,31.467023849487305
2011-04-08,26.986370086669922,1.430206060409546,,,,,21.1200008392334,31.239011764526367
2011-04-11,26.48756217956543,1.446215271949768,,,,,21.1200008392334,31.260705947875977
2011-04-12,25.94647979736328,1.4437931776046753,,,,,21.1200008392334,31.206422805786133
2011-04-13,26.149385452270508,1.447638988494873,,,,,21.1200008392334,31.157567977905273
2011-04-14,26.21702003479004,1.444210171699524,,,,,21.1200008392334,31.608182907104492
2011-04-15,26.3522891998291,1.4432096481323242,,,,,20.68000030517578,32.01535415649414
2011-04-18,26.19165802001953,1.4412959814071655,,,,,20.84000015258789,31.72762680053711
2011-04-19,26.20011329650879,1.4223941564559937,,,,,20.84000015258789,31.97736358642578
2011-04-20,26.614376068115234,1.433794617652893,,,,,20.84000015258789,32.35196304321289
2011-04-21,26.808828353881836,1.4513999223709106,,,,,20.90999984741211,32.569122314453125
2011-04-22,,1.455498218536377,,,,,,
2011-04-25,26.732738494873047,1.4557099342346191,,,,,,32.78629684448242
2011-04-26,26.724285125732422,1.4578959941864014,,,,,20.94499969482422,33.074039459228516
2011-04-27,26.884916305541992,1.4687954187393188,,,,,20.94499969482422,33.3183479309082
2011-04-28,26.69046401977539,1.4779999256134033,,,,,20.950000762939453,33.763519287109375
2011-04-29,26.969457626342773,1.4844063520431519,,,,,20.950000762939453,33.56808090209961
2011-05-02,26.69892120361328,1.4793994426727295,,,,,21.235000610351562,33.61693572998047
2011-05-03,26.4199275970459,1.4823819398880005,,,,,21.235000610351562,33.329200744628906
2011-05-04,25.99720573425293,1.4833273887634277,,,,,21.235000610351562,33.139183044433594
2011-05-05,24.25560760498047,1.4829754829406738,,,,,20.834999084472656,33.117469787597656
2011-05-06,24.179515838623047,1.454439640045166,,,,,20.834999084472656,32.82429504394531
2011-05-09,25.067224502563477,1.4352967739105225,,,,,21.309999465942383,32.99259567260742
2011-05-10,25.295494079589844,1.4376078844070435,,,,,21.385000228881836,33.51378631591797
2011-05-11,24.483869552612305,1.44110906124115,,,,,21.385000228881836,33.160888671875
2011-05-12,24.509235382080078,1.4211004972457886,,,,,21.385000228881836,33.21518325805664
2011-05-13,24.5515079498291,1.423791527748108,,,,,21.385000228881836,32.86229705810547
2011-05-16,24.23023796081543,1.4077963829040527,,,,,21.280000686645508,32.91115951538086
2011-05-17,24.2894229888916,1.415808916091919,,,,,21.170000076293945,32.90031433105469
2011-05-18,24.779775619506836,1.4268999099731445,,,,,21.170000076293945,33.22060775756836
2011-05-19,24.585325241088867,1.4255167245864868,,,,,21.280000686645508,33.361778259277344
2011-05-20,24.813594818115234,1.4316186904907227,,,,,21.280000686645508,32.95458984375
2011-05-23,24.41623878479004,1.4105764627456665,,,,,21.200000762939453,32.617977142333984
2011-05-24,24.745960235595703,1.403666377067566,,,,,21.200000762939453,32.715702056884766
2011-05-25,25.194040298461914,1.4099003076553345,,,,,21.200000762939453,32.86772918701172
2011-05-26,25.287038803100586,1.4084903001785278,,,,,21.200000762939453,33.30747985839844
2011-05-27,25.430761337280273,1.4135074615478516,,,,,21.200000762939453,33.497493743896484
2011-05-30,,1.4297356605529785,,,,,21.200000762939453,
2011-05-31,25.574487686157227,1.4322338104248047,,,,,21.209999084472656,34.0295524597168
2011-06-01,25.253223419189453,1.4427932500839233,,,,,21.200000762939453,33.05231857299805
2011-06-02,25.47303581237793,1.434493899345398,,,,,21.200000762939453,32.813438415527344
2011-06-03,25.574487686157227,1.4486035108566284,,,,,20.434999465942383,32.9437370300293
2011-06-06,25.278583526611328,1.465502142906189,,,,,20.325000762939453,32.460548400878906
2011-06-07,25.515304565429688,1.458299994468689,,,,,20.325000762939453,32.80257797241211
2011-06-08,25.726665496826172,1.4686013460159302,,,,,20.325000762939453,32.71028137207031
2011-06-09,25.870391845703125,1.4601950645446777,,,,,20.375,32.35737228393555
2011-06-10,25.599851608276367,1.451568365097046,,,,,20.375,31.54303550720215
2011-06-13,25.430761337280273,1.4332603216171265,,,,,20.375,31.673328399658203
2011-06-14,25.608304977416992,1.4416908025741577,,,,,20.375,32.145668029785156
2011-06-15,24.923500061035156,1.4450031518936157,,,,,20.459999084472656,31.629899978637695
2011-06-16,24.822050094604492,1.4181982278823853,,,,,20.299999237060547,31.87962532043457
2011-06-17,24.712141036987305,1.419909954071045,,,,,20.299999237060547,32.18367385864258
2011-06-20,24.57686996459961,1.4285101890563965,,,,,20.299999237060547,32.57455062866211
2011-06-21,24.593780517578125,1.4325416088104248,,,,,20.299999237060547,32.8297119140625
2011-06-22,24.703683853149414,1.4381660223007202,,,,,20.299999237060547,32.73199462890625
2011-06-23,24.179515838623047,1.4314342737197876,,,,,20.299999237060547,32.06965637207031
2011-06-24,23.892065048217773,1.427001714706421,,,,,20.299999237060547,32.074581146240234
2011-06-27,23.883609771728516,1.4171332120895386,,,,,20.299999237060547,32.211456298828125
2011-06-28,24.30632972717285,1.4316802024841309,,,,,20.299999237060547,32.4797477722168
2011-06-29,24.745960235595703,1.4357914924621582,,,,,20.59000015258789,32.819210052490234
2011-06-30,24.483869552612305,1.4478904008865356,,,,,20.639999389648438,32.906829833984375
2011-07-01,24.517690658569336,1.4496954679489136,,,,,20.75,33.47079086303711
2011-07-04,,1.4539955854415894,,,,,20.75,
2011-07-05,24.847410202026367,1.4553074836730957,,,,,21.014999389648438,33.728126525878906
2011-07-06,24.83895492553711,1.4428139925003052,,,,,21.014999389648438,33.97999572753906
2011-07-07,25.363126754760742,1.4331575632095337,,,,,21.34000015258789,34.407066345214844
2011-07-08,25.337764739990234,1.4364513158798218,,,,,21.18000030517578,34.36328125
2011-07-11,25.143314361572266,1.4201923608779907,,,,,21.165000915527344,33.76646423339844
2011-07-12,25.363126754760742,1.4040604829788208,,,,,21.100000381469727,33.88144302368164
2011-07-13,25.709758758544922,1.3969016075134277,,,,,21.1299991607666,33.547454833984375
2011-07-14,25.566030502319336,1.4234267473220825,,,,,21.1299991607666,33.23533630371094
2011-07-15,25.794301986694336,1.4157286882400513,,,,,20.979999542236328,33.60218811035156
2011-07-18,25.650577545166016,1.4123096466064453,,,,,20.979999542236328,33.366756439208984
2011-07-19,25.8281192779541,1.411193609237671,,,,,20.979999542236328,33.90333938598633
2011-07-20,25.912662506103516,1.417293906211853,,,,,20.979999542236328,34.149723052978516
2011-07-21,25.785844802856445,1.427001714706421,,,,,20.979999542236328,34.42349624633789
2011-07-22,25.99720573425293,1.4420026540756226,,,,,21.2450008392334,34.59322738647461
2011-07-25,25.870391845703125,1.4388489723205566,,,,,21.2450008392334,34.270206451416016
2011-07-26,26.073293685913086,1.4371533393859863,,,,,21.2450008392334,34.34685134887695
2011-07-27,25.895750045776367,1.450810194015503,,,,,21.2450008392334,33.38319396972656
2011-07-28,25.81121063232422,1.4372979402542114,,,,,20.719999313354492,33.41603469848633
2011-07-29,25.599851608276367,1.4331985712051392,,,,,20.719999313354492,33.42151641845703
2011-08-01,25.599851608276367,1.4363688230514526,,,,,20.71500015258789,32.91776657104492
2011-08-02,25.599851608276367,1.4262080192565918,,,,,20.71500015258789,31.86651039123535
2011-08-03,25.219406127929688,1.417333960533142,,,,,20.71500015258789,31.60368537902832
2011-08-04,24.264057159423828,1.4352967739105225,,,,,20.71500015258789,30.059648513793945
2011-08-05,24.365510940551758,1.4067071676254272,,,,,20.71500015258789,29.309528350830078
2011-08-08,23.460895538330078,1.4294085502624512,,,,,20.71500015258789,26.763492584228516
2011-08-09,23.689163208007812,1.4170728921890259,,,,,17.725000381469727,29.200023651123047
2011-08-10,23.79061508178711,1.4383108615875244,,,,,18.299999237060547,28.526554107666016
2011-08-11,24.30632972717285,1.4124692678451538,,,,,18.174999237060547,30.00490379333496
2011-08-12,24.272510528564453,1.4226369857788086,,,,,18.704999923706055,29.999420166015625
2011-08-15,24.568418502807617,1.4274091720581055,,,,,,31.094478607177734
2011-08-16,24.568418502807617,1.4438347816467285,,,,,18.7450008392334,31.001407623291016
2011-08-17,24.779775619506836,1.439801812171936,,,,,18.7450008392334,31.089004516601562
2011-08-18,24.17106056213379,1.4429181814193726,,,,,19.1200008392334,29.703744888305664
2011-08-19,24.602235794067383,1.4324390888214111,,,,,19.1200008392334,29.13431167602539
2011-08-22,24.64450454711914,1.4369261264801025,,,,,19.1200008392334,29.167173385620117
2011-08-23,24.898136138916016,1.436100721359253,,,,,18.0049991607666,29.884441375732422
2011-08-24,24.64450454711914,1.4437098503112793,,,,,18.0049991607666,30.278657913208008
2011-08-25,24.754413604736328,1.44123375415802,,,,,18.4950008392334,29.714706420898438
2011-08-26,25.033409118652344,1.4372979402542114,,,,,18.4950008392334,30.076061248779297
2011-08-29,25.117948532104492,1.449506402015686,,,,,18.4950008392334,31.105432510375977
2011-08-30,25.456125259399414,1.4524328708648682,,,,,18.4950008392334,31.193035125732422
2011-08-31,25.498395919799805,1.4433138370513916,,,,,19.045000076293945,31.543472290039062
2011-09-01,25.320858001708984,1.4374631643295288,,,,,19.200000762939453,31.089004516601562
2011-09-02,25.185588836669922,1.4262080192565918,,,,,19.200000762939453,30.35531997680664
2011-09-05,,1.4157688617706299,,,,,19.200000762939453,
2011-09-06,25.101043701171875,1.4063115119934082,,,,,18.295000076293945,30.223901748657227
2011-09-07,25.329309463500977,1.4003249406814575,,,,,18.295000076293945,31.362777709960938
2011-09-08,25.16022491455078,1.4085696935653687,,,,,18.295000076293945,31.121871948242188
2011-09-09,24.762866973876953,1.3904144763946533,,,,,18.295000076293945,30.147260665893555
2011-09-12,24.703683853149414,1.3600815534591675,,,,,18.295000076293945,30.245813369750977
2011-09-13,24.62759780883789,1.3660268783569336,,,,,18.295000076293945,30.31699562072754
2011-09-14,24.509235382080078,1.3686069250106812,,,,,18.295000076293945,30.514101028442383
2011-09-15,24.610689163208008,1.3746082782745361,,,,,19.06999969482422,31.017839431762695
2011-09-16,24.50078010559082,1.3869048357009888,,,,,19.06999969482422,31.318981170654297
2011-09-19,24.086515426635742,1.3701446056365967,,,,,19.06999969482422,30.634563446044922
2011-09-20,24.04424285888672,1.3605626821517944,,,,,19.15999984741211,30.618141174316406
2011-09-21,23.689163208007812,1.369394063949585,,,,,19.15999984741211,29.002897262573242
2011-09-22,22.852176666259766,1.3586033582687378,,,,,19.15999984741211,28.296592712402344
2011-09-23,22.446367263793945,1.348090410232544,,,,,18.34000015258789,28.50501251220703
2011-09-26,22.522457122802734,1.3547013998031616,,,,,18.3799991607666,28.903059005737305
2011-09-27,22.902904510498047,1.351807951927185,,,,,19.084999084472656,29.190555572509766
2011-09-28,22.285734176635742,1.3582342863082886,,,,,19.084999084472656,28.449724197387695
2011-09-29,22.547819137573242,1.3537662029266357,,,,,19.084999084472656,28.89200210571289
2011-09-30,21.770017623901367,1.3585848808288574,,,,,19.084999084472656,28.12356185913086
2011-10-03,21.660110473632812,1.336094617843628,,,,,18.604999542236328,26.796714782714844
2011-10-04,21.61783790588379,1.3195048570632935,,,,,18.280000686645508,27.8526554107666
2011-10-05,21.922199249267578,1.3330134153366089,,,,,18.280000686645508,27.614931106567383
2011-10-06,22.37873077392578,1.333991527557373,,,,,18.8799991607666,28.372331619262695
2011-10-07,22.27728271484375,1.3428946733474731,,,,,18.8799991607666,27.581756591796875
2011-10-10,22.77608871459961,1.3385984897613525,,,,,18.5,28.958356857299805
2011-10-11,22.945173263549805,1.3635495901107788,,,,,19.354999542236328,28.38338851928711
2011-10-12,22.98744773864746,1.3645730018615723,,,,,19.354999542236328,28.8477840423584
2011-10-13,23.03817367553711,1.379196286201477,,,,,19.354999542236328,28.65980339050293
2011-10-14,23.562347412109375,1.3735508918762207,,,,,19.354999542236328,29.3232364654541
2011-10-17,23.224170684814453,1.3879058361053467,,,,,19.354999542236328,28.68745231628418
2011-10-18,23.350988388061523,1.3744003772735596,,,,,19.2549991607666,29.699174880981445
2011-10-19,22.894451141357422,1.3740037679672241,,,,,19.5,29.35641098022461
2011-10-20,22.860633850097656,1.3765003681182861,,,,,19.290000915527344,29.52226448059082
2011-10-21,22.978994369506836,1.377903938293457,,,,,19.604999542236328,30.495290756225586
2011-10-24,23.342533111572266,1.3847730159759521,,,,,19.725000381469727,31.252685546875
2011-10-25,23.418622970581055,1.3922340869903564,,,,,19.725000381469727,30.74405860900879
2011-10-26,23.283353805541992,1.3904531002044678,,,,,19.739999771118164,30.970722198486328
2011-10-27,23.90052032470703,1.387694001197815,,,,,19.959999084472656,32.44133377075195
2011-10-28,23.799068450927734,1.4173942804336548,,,,,19.959999084472656,32.507652282714844
2011-10-31,23.435529708862305,1.4140071868896484,,,,,19.959999084472656,32.14277648925781
2011-11-01,23.156536102294922,1.386001467704773,,,,,19.610000610351562,31.108957290649414
2011-11-02,23.300260543823242,1.3655978441238403,,,,,19.6200008392334,31.706012725830078
2011-11-03,23.587711334228516,1.3690004348754883,,,,,19.6200008392334,32.14277648925781
2011-11-04,23.663799285888672,1.382991909980774,,,,,19.7450008392334,31.882930755615234
2011-11-07,24.010425567626953,1.3789299726486206,,,,,19.764999389648438,31.888465881347656
2011-11-08,24.12879180908203,1.3760079145431519,,,,,20.024999618530273,32.303104400634766
2011-11-09,23.59616470336914,1.3826478719711304,,,,,19.895000457763672,30.826982498168945
2011-11-10,23.57080078125,1.3526674509048462,,,,,19.68000030517578,30.82145881652832
2011-11-11,23.799068450927734,1.3610072135925293,,,,,19.829999923706055,31.65073585510254
2011-11-14,23.54543685913086,1.3787018060684204,,,,,19.829999923706055,31.064714431762695
2011-11-15,23.71452522277832,1.362416386604309,,,,,19.889999389648438,31.296907424926758
2011-11-16,23.655344009399414,1.350712537765503,,,,,20.0,30.99836540222168
2011-11-17,23.10580825805664,1.3441040515899658,,,,,19.7549991607666,30.42893409729004
2011-11-18,23.071990966796875,1.3458044528961182,,,,,19.520000457763672,30.622438430786133
2011-11-21,22.902904510498047,1.3529969453811646,,,,,19.05500030517578,29.848440170288086
2011-11-22,23.055082321166992,1.348435878753662,,,,,19.05500030517578,29.710229873657227
2011-11-23,22.708454132080078,1.3521919250488281,,,,,18.829999923706055,28.81460952758789
2011-11-24,,1.3352025747299194,,,,,18.905000686645508,
2011-11-25,22.522457122802734,1.3331022262573242,,,,,18.915000915527344,28.94176483154297
2011-11-28,22.80145263671875,1.3313452005386353,,,,,18.915000915527344,29.588594436645508
2011-11-29,23.09735679626465,1.3316997289657593,,,,,19.399999618530273,29.544370651245117
2011-11-30,23.367895126342773,1.3324095010757446,,,,,19.655000686645508,30.92097282409668
2011-12-01,23.283353805541992,1.3443931341171265,,,,,20.024999618530273,30.66666030883789
2011-12-02,23.486255645751953,1.346692442893982,,,,,20.024999618530273,30.63901710510254
2011-12-05,23.359439849853516,1.3419036865234375,,,,,20.260000228881836,30.89885139465332
2011-12-06,23.486255645751953,1.3386701345443726,,,,,20.260000228881836,30.849098205566406
2011-12-07,23.283353805541992,1.3412017822265625,,,,,20.260000228881836,31.186342239379883
2011-12-08,22.98744773864746,1.3403747081756592,,,,,20.260000228881836,30.478694915771484
2011-12-09,23.071990966796875,1.3345433473587036,,,,,20.260000228881836,31.14764404296875
2011-12-12,22.77608871459961,1.3371665477752686,,,,,20.200000762939453,30.594802856445312
2011-12-13,22.86908531188965,1.3171066045761108,,,,,20.125,30.235431671142578
2011-12-14,22.057470321655273,1.3019137382507324,,,,,20.020000457763672,30.41234588623047
2011-12-15,21.947559356689453,1.2988024950027466,,,,,20.114999771118164,30.92097282409668
2011-12-16,22.125102996826172,1.302965521812439,,,,,20.114999771118164,31.263748168945312
2011-12-19,22.023649215698242,1.3036959171295166,,,,,20.114999771118164,30.99284553527832
2011-12-20,22.530912399291992,1.3007792234420776,,,,,20.114999771118164,31.932697296142578
2011-12-21,22.691545486450195,1.3087977170944214,,,,,20.25,31.921646118164062
2011-12-22,22.716909408569336,1.3040019273757935,,,,,20.375,32.380496978759766
2011-12-23,22.826814651489258,1.3056023120880127,,,,,20.549999237060547,32.5213508605957
2011-12-26,,1.3044953346252441,,,,,,
2011-12-27,22.928268432617188,1.3050570487976074,,,,,20.549999237060547,32.666690826416016
2011-12-28,22.657726287841797,1.307206630706787,,,,,20.600000381469727,32.275413513183594
2011-12-29,22.725360870361328,1.292724609375,,,,,20.600000381469727,32.56050109863281
2011-12-30,22.691545486450195,1.2956053018569946,,,,,20.600000381469727,32.420745849609375
2012-01-02,,1.2960082292556763,,,,,21.209999084472656,
2012-01-03,23.367895126342773,1.2940963506698608,,,,,21.209999084472656,32.694644927978516
2012-01-04,23.54543685913086,1.3056023120880127,,,,,21.030000686645508,32.13568115234375
2012-01-05,23.224170684814453,1.2931424379348755,,,,,21.030000686645508,32.43751907348633
2012-01-06,23.32562255859375,1.279606819152832,,,,,21.030000686645508,32.33131408691406
2012-01-09,23.350988388061523,1.2680377960205078,,,,,21.030000686645508,32.21951675415039
2012-01-10,23.52007293701172,1.2775959968566895,,,,,21.030000686645508,32.57726287841797
2012-01-11,23.45244026184082,1.2751848697662354,,,,,21.459999084472656,32.80643844604492
2012-01-12,23.122718811035156,1.272394061088562,,,,,21.540000915527344,32.56608963012695
2012-01-13,23.071990966796875,1.2820513248443604,,,,,21.520000457763672,32.63874816894531
2012-01-16,,1.2647020816802979,,,,,21.520000457763672,
2012-01-17,23.23262596130371,1.2667046785354614,,,,,21.725000381469727,32.90705490112305
2012-01-18,23.24108123779297,1.2745997905731201,,,,,21.600000381469727,33.136226654052734
2012-01-19,23.342533111572266,1.2866039276123047,,,,,21.665000915527344,33.26480484008789
2012-01-20,23.173444747924805,1.2964956760406494,,,,,21.665000915527344,33.47161865234375
2012-01-23,23.443984985351562,1.2884771823883057,,,,,21.709999084472656,33.63372802734375
2012-01-24,23.486255645751953,1.3026939630508423,,,,,21.709999084472656,33.8908576965332
2012-01-25,23.680709838867188,1.304103970527649,,,,,21.709999084472656,34.32686996459961
2012-01-26,23.74834442138672,1.3107362985610962,,,,,21.709999084472656,34.567222595214844
2012-01-27,23.832883834838867,1.3092775344848633,,,,,21.625,34.57840347290039
2012-01-30,23.587711334228516,1.3207945823669434,,,,,21.5,34.32126235961914
2012-01-31,23.52853012084961,1.3139568567276,,,,,21.530000686645508,34.48896789550781
2012-02-01,23.604616165161133,1.3077024221420288,,,,,21.75,34.82994842529297
2012-02-02,23.663799285888672,1.317002534866333,,,,,21.75,34.90821075439453
2012-02-03,23.942792892456055,1.3137152194976807,,,,,22.15999984741211,35.39451217651367
2012-02-06,24.061153411865234,1.31271493434906,,,,,22.200000762939453,35.282718658447266
2012-02-07,24.04424285888672,1.3121638298034668,,,,,22.06999969482422,35.19328308105469
2012-02-08,24.154150009155273,1.3248542547225952,,,,,22.06999969482422,35.254764556884766
2012-02-09,24.28096580505371,1.3248542547225952,,,,,22.06999969482422,34.997642517089844
2012-02-10,24.052698135375977,1.3278449773788452,,,,,22.06999969482422,34.67343521118164
2012-02-13,24.111879348754883,1.3236793279647827,,,,,22.06999969482422,35.02558517456055
2012-02-14,24.103424072265625,1.3157894611358643,,,,,22.06999969482422,34.6678466796875
2012-02-15,24.187971115112305,1.3133701086044312,,,,,22.274999618530273,34.46102523803711
2012-02-16,24.29787826538086,1.3058068752288818,,,,,22.170000076293945,34.824363708496094
2012-02-17,24.25560760498047,1.3126804828643799,,,,,22.170000076293945,34.8523063659668
2012-02-20,,1.3227163553237915,,,,,22.170000076293945,
2012-02-21,24.63605308532715,1.3204805850982666,,,,,22.3700008392334,34.31009292602539
2012-02-22,24.864320755004883,1.324327826499939,,,,,22.30500030517578,34.0194206237793
2012-02-23,24.94040870666504,1.325574278831482,,,,,22.30500030517578,34.44425964355469
2012-02-24,25.09259033203125,1.337363362312317,,,,,22.30500030517578,34.48896789550781
2012-02-27,24.88968276977539,1.3467106819152832,,,,,22.30500030517578,34.43307113647461
2012-02-28,24.881227493286133,1.3406623601913452,,,,,22.30500030517578,34.231834411621094
2012-02-29,24.788230895996094,1.3477997779846191,,,,,22.30500030517578,34.09208679199219
2012-03-01,25.17713165283203,1.3320900201797485,,,,,22.350000381469727,34.29891586303711
2012-03-02,24.923500061035156,1.3322675228118896,,,,,22.5,34.24860382080078
2012-03-05,24.805139541625977,1.318617582321167,,,,,22.405000686645508,34.595176696777344
2012-03-06,24.399328231811523,1.3225764036178589,,,,,22.405000686645508,34.13680648803711
2012-03-07,24.509235382080078,1.3123359680175781,,,,,22.405000686645508,34.32126235961914
2012-03-08,24.712141036987305,1.3139914274215698,,,,,22.405000686645508,34.142398834228516
2012-03-09,24.779775619506836,1.327492356300354,,,,,22.40999984741211,34.31009292602539
2012-03-12,24.745960235595703,1.312508225440979,,,,,22.40999984741211,34.5616340637207
2012-03-13,24.855867385864258,1.3168290853500366,,,,,22.674999237060547,35.26036071777344
2012-03-14,24.686779022216797,1.30804443359375,,,,,22.674999237060547,35.16533660888672
2012-03-15,24.703683853149414,1.3022528886795044,,,,,22.915000915527344,35.11501693725586
2012-03-16,25.008045196533203,1.3078734874725342,,,,,22.915000915527344,35.31624984741211
2012-03-19,24.965776443481445,1.3177140951156616,,,,,22.954999923706055,35.56219482421875
2012-03-20,24.661413192749023,1.3229262828826904,,,,,22.954999923706055,35.51189422607422
2012-03-21,24.602235794067383,1.323766827583313,,,,,22.795000076293945,35.46160125732422
2012-03-22,24.40778350830078,1.3218770027160645,,,,,22.795000076293945,34.975276947021484
2012-03-23,24.64450454711914,1.3204805850982666,,,,,22.795000076293945,35.19328308105469
2012-03-26,24.754413604736328,1.328303575515747,,,,,22.795000076293945,35.605743408203125
2012-03-27,24.65296173095703,1.3360053300857544,,,,,22.795000076293945,35.61137771606445
2012-03-28,24.41623878479004,1.3328713178634644,,,,,22.479999542236328,35.555023193359375
2012-03-29,24.07806396484375,1.3326226472854614,,,,,22.53499984741211,35.57192611694336
2012-03-30,24.348604202270508,1.3313806056976318,,,,,22.53499984741211,35.86493682861328
2012-04-02,24.661413192749023,1.3358268737792969,,,,,22.510000228881836,36.118499755859375
2012-04-03,24.5515079498291,1.3333333730697632,,,,,22.510000228881836,35.977630615234375
2012-04-04,24.17106056213379,1.3225239515304565,,,,,22.510000228881836,35.58320617675781
2012-04-05,24.264057159423828,1.314405918121338,,,,,22.559999465942383,35.44797134399414
2012-04-06,,1.3065063953399658,,,,,,
2012-04-09,24.154150009155273,1.3079075813293457,,,,,,35.070438385009766
2012-04-10,23.832883834838867,1.311131477355957,,,,,22.2549991607666,34.31538772583008
2012-04-11,23.892065048217773,1.3073604106903076,,,,,22.100000381469727,34.75489807128906
2012-04-12,24.204877853393555,1.311991572380066,,,,,22.18000030517578,35.233856201171875
2012-04-13,23.959701538085938,1.318913221359253,,,,,22.334999084472656,35.08734893798828
2012-04-16,23.722978591918945,1.30565345287323,,,,,22.350000381469727,35.56629943847656
2012-04-17,23.832883834838867,1.3126804828643799,,,,,22.264999389648438,35.87057876586914
2012-04-18,23.604616165161133,1.3135426044464111,,,,,22.5,35.62827682495117
2012-04-19,23.61307144165039,1.311991572380066,,,,,22.5,35.62827682495117
2012-04-20,23.706071853637695,1.314578652381897,,,,,22.350000381469727,36.06215286254883
2012-04-23,23.663799285888672,1.3204805850982666,,,,,22.03499984741211,35.69025802612305
2012-04-24,23.663799285888672,1.3152011632919312,,,,,22.1200008392334,36.22555923461914
2012-04-25,23.799068450927734,1.3197835683822632,,,,,22.1200008392334,36.64252471923828
2012-04-26,23.849794387817383,1.323276400566101,,,,,22.360000610351562,36.732688903808594
2012-04-27,23.92588233947754,1.319087266921997,,,,,22.360000610351562,36.986236572265625
2012-04-30,24.018882751464844,1.3241524696350098,,,,,22.360000610351562,36.89044952392578
2012-05-01,24.018882751464844,1.3239772319793701,,,,,,37.29051208496094
2012-05-02,23.706071853637695,1.3239772319793701,,,,,22.649999618530273,37.23417663574219
2012-05-03,23.443984985351562,1.3147515058517456,,,,,22.649999618530273,37.10457229614258
2012-05-04,23.029720306396484,1.3156163692474365,,,,,22.329999923706055,36.77777099609375
2012-05-07,22.978994369506836,1.297033667564392,,,,,22.15999984741211,37.03696060180664
2012-05-08,22.894451141357422,1.306165099143982,,,,,22.170000076293945,36.9693489074707
2012-05-09,22.716909408569336,1.299545168876648,,,,,22.170000076293945,36.85102462768555
2012-05-10,22.725360870361328,1.2936609983444214,,,,,22.079999923706055,36.879180908203125
2012-05-11,22.556276321411133,1.2934937477111816,,,,,22.079999923706055,36.958072662353516
2012-05-14,22.260372161865234,1.289989709854126,,,,,21.905000686645508,36.49040222167969
2012-05-15,22.302642822265625,1.283202886581421,,,,,22.0049991607666,36.29880142211914
2012-05-16,22.27728271484375,1.273560881614685,,,,,21.899999618530273,35.89875030517578
2012-05-17,22.2265567779541,1.2730745077133179,,,,,21.600000381469727,34.85069274902344
2012-05-18,22.209646224975586,1.269841194152832,,,,,21.600000381469727,34.42808532714844
2012-05-21,22.50554656982422,1.2773023843765259,,,,,21.295000076293945,35.1775016784668
2012-05-22,22.184284210205078,1.281065821647644,,,,,21.665000915527344,35.24510955810547
2012-05-23,21.939105987548828,1.2664639949798584,,,,,21.665000915527344,35.29582977294922
2012-05-24,21.947559356689453,1.2561235427856445,,,,,21.774999618530273,35.45359802246094
2012-05-25,22.023649215698242,1.2536041736602783,,,,,21.84000015258789,35.31275177001953
2012-05-28,,1.2569130659103394,,,,,21.860000610351562,
2012-05-29,21.93065071105957,1.2525050640106201,,,,,21.860000610351562,35.81423568725586
2012-05-30,21.524843215942383,1.2478163242340088,,,,,21.989999771118164,34.963382720947266
2012-05-31,21.33884620666504,1.2374706268310547,,,,,21.989999771118164,35.22821807861328
2012-06-01,20.89921760559082,1.2362467050552368,,,,,21.709999084472656,34.36609649658203
2012-06-04,21.017580032348633,1.2402331829071045,,,,,21.3799991607666,34.129451751708984
2012-06-05,20.941490173339844,1.2509382963180542,,,,,21.329999923706055,34.833778381347656
2012-06-06,21.33039093017578,1.2462612390518188,,,,,21.329999923706055,35.605743408203125
2012-06-07,21.186664581298828,1.2573871612548828,,,,,21.329999923706055,35.352169036865234
2012-06-08,21.254301071166992,1.2570710182189941,,,,,21.8700008392334,35.85366439819336
2012-06-11,20.865400314331055,1.2645422220230103,,,,,21.8700008392334,35.047908782958984
2012-06-12,20.96685028076172,1.2478163242340088,,,,,21.795000076293945,35.38036346435547
2012-06-13,20.80621910095215,1.2504688501358032,,,,,21.795000076293945,35.20003128051758
2012-06-14,21.051395416259766,1.2573871612548828,,,,,21.790000915527344,35.71280288696289
2012-06-15,21.017580032348633,1.262785792350769,,,,,21.93000030517578,35.932559967041016
2012-06-18,21.034486770629883,1.27048659324646,,,,,21.93000030517578,36.231204986572266
2012-06-19,21.2120304107666,1.2597631216049194,,,,,22.260000228881836,36.3776969909668
2012-06-20,20.865400314331055,1.2680699825286865,,,,,22.260000228881836,36.36078643798828
2012-06-21,20.41731834411621,1.2680699825286865,,,,,22.674999237060547,35.76914596557617
2012-06-22,20.62022590637207,1.255177617073059,,,,,22.674999237060547,35.77478790283203
2012-06-25,20.831581115722656,1.2537612915039062,,,,,21.924999237060547,35.5924186706543
2012-06-26,20.975305557250977,1.2504688501358032,,,,,21.924999237060547,35.71172332763672
2012-06-27,21.093666076660156,1.248751163482666,,,,,21.985000610351562,35.85374450683594
2012-06-28,20.865400314331055,1.2473493814468384,,,,,22.05500030517578,36.24574661254883
2012-06-29,21.770017623901367,1.2440905570983887,,,,,22.05500030517578,37.17178726196289
2012-07-02,21.727746963500977,1.2655184268951416,,,,,22.68000030517578,37.5808219909668
2012-07-03,22.336462020874023,1.2581782341003418,,,,,22.760000228881836,37.802391052246094
2012-07-04,,1.2605571746826172,,,,,22.760000228881836,
2012-07-05,22.421003341674805,1.2516272068023682,,,,,23.149999618530273,37.569454193115234
2012-07-06,21.905290603637695,1.2391574382781982,,,,,23.149999618530273,37.660362243652344
2012-07-09,22.294189453125,1.227144479751587,,,,,23.149999618530273,37.70012664794922
2012-07-10,22.006742477416992,1.2318304777145386,,,,,23.149999618530273,37.2967643737793
2012-07-11,22.25191879272461,1.2256402969360352,,,,,23.149999618530273,37.33652877807617
2012-07-12,22.302642822265625,1.2247247695922852,,,,,22.674999237060547,37.45014953613281
2012-07-13,22.573184967041016,1.2192742824554443,,,,,23.028499603271484,37.91033935546875
2012-07-16,22.852176666259766,1.2248897552490234,,,,,23.149999618530273,37.98418426513672
2012-07-17,22.877540588378906,1.2268433570861816,,,,,23.149999618530273,38.3477668762207
2012-07-18,23.080446243286133,1.2295585870742798,,,,,23.149999618530273,38.120540618896484
2012-07-19,23.359439849853516,1.2277470827102661,,,,,23.389999389648438,37.72285842895508
2012-07-20,23.359439849853516,1.2276867628097534,,,,,23.389999389648438,37.52402114868164
2012-07-23,22.86908531188965,1.2127091884613037,,,,,23.020000457763672,37.25131607055664
2012-07-24,22.733816146850586,1.212415099143982,,,,,23.020000457763672,37.12633514404297
2012-07-25,22.902904510498047,1.2061853408813477,,,,,22.81999969482422,37.109275817871094
2012-07-26,22.945173263549805,1.2140341997146606,,,,,23.010000228881836,37.43880081176758
2012-07-27,23.181900024414062,1.2280486822128296,,,,,23.010000228881836,37.79670333862305
2012-07-30,23.317171096801758,1.230466365814209,,,,,23.479999542236328,37.97282791137695
2012-07-31,23.03817367553711,1.2259409427642822,,,,,23.610000610351562,37.915992736816406
2012-08-01,23.071990966796875,1.2294074296951294,,,,,23.399999618530273,37.73421096801758
2012-08-02,22.877540588378906,1.2241400480270386,,,,,23.399999618530273,37.8421516418457
2012-08-03,23.266441345214844,1.218026876449585,,,,,23.6200008392334,38.137569427490234
2012-08-06,23.401714324951172,1.2428536415100098,,,,,23.6200008392334,38.097808837890625
2012-08-07,23.579254150390625,1.2390038967132568,,,,,23.6200008392334,37.64898681640625
2012-08-08,23.646888732910156,1.2386969327926636,,,,,23.6200008392334,37.39335632324219
2012-08-09,23.841339111328125,1.237332820892334,,,,,23.6200008392334,37.27404022216797
2012-08-10,23.71452522277832,1.2294074296951294,,,,,23.6200008392334,37.325172424316406
2012-08-13,23.52853012084961,1.2277169227600098,,,,,23.6200008392334,37.2967643737793
2012-08-14,23.55389404296875,1.2327415943145752,,,,,23.6200008392334,37.217227935791016
2012-08-15,23.756797790527344,1.2325897216796875,,,,,,37.38765335083008
2012-08-16,23.849794387817383,1.2289540767669678,,,,,24.09000015258789,37.67172622680664
2012-08-17,23.883609771728516,1.2357884645462036,,,,,24.040000915527344,37.68307876586914
2012-08-20,23.99351692199707,1.233258605003357,,,,,24.15999984741211,37.57513427734375
2012-08-21,24.21333122253418,1.2353304624557495,,,,,24.1200008392334,37.654685974121094
2012-08-22,24.34014892578125,1.2476606369018555,,,,,23.850000381469727,37.631954193115234
2012-08-23,24.221786499023438,1.2534469366073608,,,,,23.594999313354492,37.51835250854492
2012-08-24,24.111879348754883,1.2561235427856445,,,,,23.594999313354492,37.643314361572266
2012-08-27,24.001972198486328,1.250437617301941,,,,,23.594999313354492,37.756927490234375
2012-08-28,24.018882751464844,1.250156283378601,,,,,23.584999084472656,37.88760757446289
2012-08-29,24.061153411865234,1.257228970527649,,,,,23.235000610351562,37.876243591308594
2012-08-30,24.086515426635742,1.2531328201293945,,,,,23.235000610351562,37.79100799560547
2012-08-31,24.34014892578125,1.2510946989059448,,,,,23.5,37.91033935546875
2012-09-03,,1.257703423500061,,,,,23.5,
2012-09-04,24.348604202270508,1.2586532831192017,,,,,23.844999313354492,38.177345275878906
2012-09-05,24.23023796081543,1.2534469366073608,,,,,23.844999313354492,38.109169006347656
2012-09-06,24.221786499023438,1.2602394819259644,,,,,23.844999313354492,38.45002365112305
2012-09-07,24.492326736450195,1.2632642984390259,,,,,23.760000228881836,38.484127044677734
2012-09-10,24.52614402770996,1.2795906066894531,,,,,23.760000228881836,38.183021545410156
2012-09-11,24.57686996459961,1.2761613130569458,,,,,23.68000030517578,38.29665756225586
2012-09-12,24.703683853149414,1.2851818799972534,,,,,23.68000030517578,38.376182556152344
2012-09-13,24.87277603149414,1.2903226613998413,,,,,23.59000015258789,38.847721099853516
2012-09-14,25.13486099243164,1.299376368522644,,,,,23.809999465942383,39.06360626220703
2012-09-17,24.441600799560547,1.3116475343704224,,,,,23.700000762939453,38.9499626159668
2012-09-18,24.264057159423828,1.3110111951828003,,,,,23.75,38.580711364746094
2012-09-19,23.90897560119629,1.3046314716339111,,,,,23.84000015258789,38.36483383178711
2012-09-20,24.04424285888672,1.3058239221572876,,,,,23.84000015258789,37.79670333862305
2012-09-21,24.204877853393555,1.2973533868789673,,,,,23.920000076293945,37.802391052246094
2012-09-24,23.95124626159668,1.2968486547470093,,,,,23.920000076293945,37.66207504272461
2012-09-25,23.97661018371582,1.2941633462905884,,,,,23.920000076293945,37.106632232666016
2012-09-26,23.807523727416992,1.2900062799453735,,,,,23.709999084472656,37.10091018676758
2012-09-27,24.103424072265625,1.2881617546081543,,,,,23.700000762939453,37.26124572753906
2012-09-28,24.247150421142578,1.2913223505020142,,,,,23.649999618530273,37.2039909362793
2012-10-01,24.28096580505371,1.2809016704559326,,,,,23.700000762939453,36.92911148071289
2012-10-02,24.154150009155273,1.2888258695602417,,,,,23.899999618530273,37.20969772338867
2012-10-03,23.739887237548828,1.2916558980941772,,,,,23.899999618530273,37.28415298461914
2012-10-04,24.25560760498047,1.2923235893249512,,,,,23.719999313354492,37.27268600463867
2012-10-05,24.12879180908203,1.3017443418502808,,,,,23.770000457763672,37.31850051879883
2012-10-08,24.061153411865234,1.301574945449829,,,,,23.770000457763672,37.23834228515625
2012-10-09,24.238697052001953,1.2976900339126587,,,,,23.579999923706055,37.10091018676758
2012-10-10,24.19642448425293,1.2858428955078125,,,,,23.614999771118164,37.249794006347656
2012-10-11,24.475421905517578,1.2858428955078125,,,,,23.614999771118164,37.221153259277344
2012-10-12,24.13724136352539,1.293326497077942,,,,,23.3700008392334,37.08945083618164
2012-10-15,24.018882751464844,1.2943308353424072,,,,,23.46500015258789,37.335689544677734
2012-10-16,24.035791397094727,1.2968486547470093,,,,,23.46500015258789,37.56475067138672
2012-10-17,24.04424285888672,1.3107877969741821,,,,,23.46500015258789,37.461673736572266
2012-10-18,24.035791397094727,1.3116475343704224,,,,,23.75,37.84532165527344
2012-10-19,23.672252655029297,1.3069161176681519,,,,,23.649999618530273,37.5303955078125
2012-10-22,23.562347412109375,1.3022528886795044,,,,,23.479999542236328,37.34140396118164
2012-10-23,23.274898529052734,1.3070186376571655,,,,,23.399999618530273,36.96348571777344
2012-10-24,23.20726203918457,1.2973533868789673,,,,,23.399999618530273,36.93484878540039
2012-10-25,23.266441345214844,1.2965123653411865,,,,,23.299999237060547,36.83177947998047
2012-10-26,23.317171096801758,1.2938284873962402,,,,,23.235000610351562,36.511085510253906
2012-10-29,,1.2924071550369263,,,,,23.235000610351562,
2012-10-30,,1.2908222675323486,,,,,23.235000610351562,
2012-10-31,23.300260543823242,1.2962603569030762,,,,,23.235000610351562,36.866119384765625
2012-11-01,23.342533111572266,1.2965123653411865,,,,,23.315000534057617,37.04365539550781
2012-11-02,22.945173263549805,1.2948336601257324,,,,,23.670000076293945,37.28987121582031
2012-11-05,23.13962745666504,1.2827913761138916,,,,,23.565000534057617,37.04365539550781
2012-11-06,23.55389404296875,1.2802459001541138,,,,,23.700000762939453,37.2039909362793
2012-11-07,23.1142635345459,1.2808033227920532,,,,,23.450000762939453,37.03791427612305
2012-11-08,23.148080825805664,1.2759984731674194,,,,,23.450000762939453,36.596988677978516
2012-11-09,23.33407974243164,1.274534821510315,,,,,23.450000762939453,36.49964141845703
2012-11-12,23.224170684814453,1.272394061088562,,,,,23.299999237060547,36.41374206542969
2012-11-13,23.181900024414062,1.2709709405899048,,,,,23.280000686645508,36.38511276245117
2012-11-14,23.24953269958496,1.2709709405899048,,,,,23.280000686645508,35.70368576049805
2012-11-15,23.156536102294922,1.273236632347107,,,,,22.825000762939453,35.537620544433594
2012-11-16,23.25798797607422,1.2784454822540283,,,,,22.700000762939453,35.75522232055664
2012-11-19,23.697616577148438,1.2759497165679932,,,,,22.700000762939453,36.19614791870117
2012-11-20,23.536983489990234,1.276943564414978,,,,,23.1200008392334,36.46528244018555
2012-11-21,23.63843536376953,1.281443476676941,,,,,23.1200008392334,36.402286529541016
2012-11-22,,1.2865046262741089,,,,,23.31999969482422,
2012-11-23,23.722978591918945,1.2875149250030518,,,,,23.190000534057617,36.67143249511719
2012-11-26,23.689163208007812,1.2965964078903198,,,,,23.260000228881836,36.74587631225586
2012-11-27,23.655344009399414,1.298701286315918,,,,,23.260000228881836,36.539730072021484
2012-11-28,23.579254150390625,1.2938284873962402,,,,,23.270000457763672,36.49391555786133
2012-11-29,23.739887237548828,1.2953367233276367,,,,,23.475000381469727,36.6943359375
2012-11-30,23.756797790527344,1.2973533868789673,,,,,23.475000381469727,36.76878356933594
2012-12-03,23.815977096557617,1.299680233001709,,,,,23.559999465942383,36.91767501831055
2012-12-04,23.604616165161133,,,,,,23.315000534057617,36.97492980957031
2012-12-05,23.579254150390625,1.3099292516708374,,,,,23.329999923706055,36.860389709472656
2012-12-06,23.367895126342773,1.3070186376571655,,,,,23.450000762939453,37.2039909362793
2012-12-07,23.342533111572266,1.2963443994522095,,,,,23.600000381469727,37.34140396118164
2012-12-10,23.291807174682617,1.2906056642532349,,,,,23.600000381469727,37.32424545288086
2012-12-11,23.24953269958496,1.2938284873962402,,,,,23.600000381469727,37.415863037109375
2012-12-12,23.359439849853516,1.3013207912445068,,,,,23.600000381469727,37.31278610229492
2012-12-13,23.148080825805664,1.3066771030426025,,,,,23.600000381469727,37.0264778137207
2012-12-14,23.291807174682617,1.3078734874725342,,,,,23.600000381469727,37.0207405090332
2012-12-17,23.274898529052734,1.3165863752365112,,,,,23.46500015258789,37.215450286865234
2012-12-18,23.33407974243164,1.316482424736023,,,,,23.6299991607666,37.599098205566406
2012-12-19,23.418622970581055,1.323101282119751,,,,,23.719999313354492,37.54756546020508
2012-12-20,23.308713912963867,1.3215277194976807,,,,,23.719999313354492,38.040035247802734
2012-12-21,23.266441345214844,1.323766827583313,,,,,23.65999984741211,37.97703552246094
2012-12-24,23.19035530090332,1.3182003498077393,,,,,,38.0274772644043
2012-12-25,,1.3180439472198486,,,,,,
2012-12-26,23.427074432373047,1.3180439472198486,,,,,,37.84779357910156
2012-12-27,23.427074432373047,1.3225764036178589,,,,,23.549999237060547,37.98688507080078
2012-12-28,23.359439849853516,1.3250298500061035,,,,,23.420000076293945,37.7376594543457
2012-12-31,23.486255645751953,1.3227688074111938,,,,,,38.1375846862793
2013-01-01,,1.3201320171356201,,,,,,
2013-01-02,23.57080078125,1.3197835683822632,,,,,23.924999237060547,38.61286163330078
2013-01-03,23.37635040283203,1.3182177543640137,,,,,24.219999313354492,38.60706329345703
2013-01-04,23.274898529052734,1.3032711744308472,,,,,24.3700008392334,38.78672790527344
2013-01-07,23.317171096801758,1.3067454099655151,,,,,24.309999465942383,38.87367630004883
2013-01-08,23.37635040283203,1.312508225440979,,,,,24.260000228881836,38.798336029052734
2013-01-09,23.342533111572266,1.3082326650619507,,,,,24.40999984741211,38.90843963623047
2013-01-10,23.427074432373047,1.305483102798462,,,,,24.25,38.94902420043945
2013-01-11,23.32562255859375,1.327316164970398,,,,,24.05500030517578,38.92584228515625
2013-01-14,23.477802276611328,1.3362016677856445,,,,,24.09000015258789,39.03596496582031
2013-01-15,23.37635040283203,1.3377926349639893,,,,,24.014999389648438,39.22142791748047
2013-01-16,23.401714324951172,1.330849051475525,,,,,24.1299991607666,39.17506408691406
2013-01-17,23.503164291381836,1.32908034324646,,,,,24.094999313354492,39.296791076660156
2013-01-18,23.655344009399414,1.3372559547424316,,,,,24.239999771118164,39.46486282348633
2013-01-21,,1.3320013284683228,,,,,24.31999969482422,
2013-01-22,23.722978591918945,1.3311502933502197,,,,,24.149999618530273,39.667724609375
2013-01-23,23.74834442138672,1.331398367881775,,,,,24.385000228881836,39.6561393737793
2013-01-24,23.731435775756836,1.330849051475525,,,,,24.31999969482422,39.737274169921875
2013-01-25,23.680709838867188,1.3369340896606445,,,,,24.334999084472656,39.96331787109375
2013-01-28,23.672252655029297,1.3466018438339233,,,,,24.290000915527344,40.0676383972168
2013-01-29,23.807523727416992,1.3446282148361206,,,,,24.299999237060547,40.18357467651367
2013-01-30,24.07806396484375,1.34916353225708,,,,,24.350000381469727,39.80101776123047
2013-01-31,24.069608688354492,1.3568336963653564,,,,,24.299999237060547,39.56340789794922
2013-02-01,24.162607192993164,1.3610997200012207,,,,,24.1200008392334,39.79524230957031
2013-02-04,24.07806396484375,1.3648709058761597,,,,,24.1200008392334,39.702518463134766
2013-02-05,24.17106056213379,1.3511687517166138,,,,,24.1299991607666,39.60975646972656
2013-02-06,24.13724136352539,1.3581420183181763,,,,,24.229999542236328,39.748863220214844
2013-02-07,24.04424285888672,1.3523930311203003,,,,,24.31999969482422,39.580780029296875
2013-02-08,24.13724136352539,1.3389389514923096,,,,,24.350000381469727,39.945945739746094
2013-02-11,24.052698135375977,1.3368269205093384,,,,,24.5,40.0038948059082
2013-02-12,24.094970703125,1.340356707572937,,,,,24.450000762939453,40.3052864074707
2013-02-13,24.103424072265625,1.3452069759368896,,,,,24.420000076293945,40.2821159362793
2013-02-14,24.069608688354492,1.3444474935531616,,,,,24.600000381469727,40.1140251159668
2013-02-15,23.968156814575195,1.3352917432785034,,,,,24.6299991607666,40.131412506103516
2013-02-18,,1.3344007730484009,,,,,24.559999465942383,
2013-02-19,23.87515640258789,1.3347214460372925,,,,,24.670000076293945,40.450191497802734
2013-02-20,23.604616165161133,1.3395847082138062,,,,,24.700000762939453,40.18935775756836
2013-02-21,23.33407974243164,1.327316164970398,,,,,24.600000381469727,39.88798141479492
2013-02-22,23.33407974243164,1.3194352388381958,,,,,24.719999313354492,40.287899017333984
2013-02-25,23.224170684814453,1.319591999053955,,,,,24.709999084472656,39.522830963134766
2013-02-26,23.181900024414062,1.3065063953399658,,,,,24.69499969482422,39.79524230957031
2013-02-27,23.03817367553711,1.3065917491912842,,,,,24.69499969482422,40.08503723144531
2013-02-28,22.936721801757812,1.3150973320007324,,,,,24.989999771118164,40.044471740722656
2013-03-01,22.77608871459961,1.3059945106506348,,,,,24.989999771118164,40.177764892578125
2013-03-04,22.691545486450195,1.3016934394836426,,,,,25.059999465942383,40.47915267944336
2013-03-05,22.902904510498047,1.3036110401153564,,,,,25.469999313354492,40.797950744628906
2013-03-06,22.77608871459961,1.3048527240753174,,,,,25.53499984741211,40.67622756958008
2013-03-07,22.928268432617188,1.297858476638794,,,,,25.450000762939453,40.48495864868164
2013-03-08,22.995901107788086,1.311131477355957,,,,,25.594999313354492,40.55450439453125
2013-03-11,23.01280975341797,1.2988024950027466,,,,,25.670000076293945,40.589290618896484
2013-03-12,23.063541412353516,1.3032711744308472,,,,,25.68000030517578,40.43860626220703
2013-03-13,22.945173263549805,1.3029316663742065,,,,,25.739999771118164,40.47915267944336
2013-03-14,23.1142635345459,1.2958402633666992,,,,,25.8700008392334,40.73418045043945
2013-03-15,23.164987564086914,1.3012362718582153,,,,,25.739999771118164,40.82693099975586
2013-03-18,23.029720306396484,1.2892745733261108,,,,,25.71500015258789,40.60088348388672
2013-03-19,22.860633850097656,1.2944984436035156,,,,,25.770000457763672,40.403812408447266
2013-03-20,23.02126693725586,1.2863887548446655,,,,,25.770000457763672,40.53131866455078
2013-03-21,22.919815063476562,1.2941633462905884,,,,,25.799999237060547,40.40963363647461
2013-03-22,22.962085723876953,1.2904890775680542,,,,,25.760000228881836,40.62222671508789
2013-03-25,22.978994369506836,1.302405595779419,,,,,25.850000381469727,40.62805938720703
2013-03-26,23.19035530090332,1.2858428955078125,,,,,25.920000076293945,40.97850799560547
2013-03-27,23.308713912963867,1.2860082387924194,,,,,25.96500015258789,41.05442428588867
2013-03-28,23.088899612426758,1.277791976928711,,,,,26.094999313354492,41.194610595703125
2013-03-29,,1.2815911769866943,,,,,,
2013-04-01,23.088899612426758,1.2805737257003784,,,,,,41.31725311279297
2013-04-02,22.978994369506836,1.2850167751312256,,,,,26.139999389648438,41.445743560791016
2013-04-03,22.590091705322266,1.2820513248443604,,,,,26.100000381469727,41.29973602294922
2013-04-04,22.564729690551758,1.2850167751312256,,,,,25.96500015258789,41.97142028808594
2013-04-05,22.547819137573242,1.2928247451782227,,,,,25.434999465942383,42.1992073059082
2013-04-08,22.615455627441406,1.2992074489593506,,,,,25.5,42.537967681884766
2013-04-09,22.759178161621094,1.3029316663742065,,,,,25.600000381469727,42.5438117980957
2013-04-10,22.708454132080078,1.3080273866653442,,,,,25.75,42.80664825439453
2013-04-11,22.615455627441406,1.3055341243743896,,,,,25.9950008392334,43.057796478271484
2013-04-12,22.336462020874023,1.311475396156311,,,,,25.989999771118164,43.16292953491211
2013-04-15,21.66856575012207,1.3099292516708374,,,,,25.7549991607666,42.26930236816406
2013-04-16,21.896835327148438,1.3054660558700562,,,,,25.59000015258789,42.97019577026367
2013-04-17,21.5755672454834,1.3178702592849731,,,,,25.34000015258789,42.514610290527344
2013-04-18,21.803836822509766,1.3034920692443848,,,,,25.510000228881836,42.45036315917969
2013-04-19,21.75310707092285,1.3053126335144043,,,,,25.405000686645508,43.10454177856445
2013-04-22,21.820743560791016,1.3055682182312012,,,,,25.614999771118164,43.04610824584961
2013-04-23,21.685476303100586,1.306165099143982,,,,,25.614999771118164,43.285587310791016
2013-04-24,21.922199249267578,1.2994438409805298,,,,,26.049999237060547,43.37903594970703
2013-04-25,22.209646224975586,1.3017443418502808,,,,,26.125,43.2330322265625
2013-04-26,22.08283233642578,1.3007283210754395,,,,,26.170000076293945,43.09282302856445
2013-04-29,22.37873077392578,1.3042571544647217,,,,,26.139999389648438,43.4608039855957
2013-04-30,22.209646224975586,1.3095861673355103,,,,,26.135000228881836,43.968955993652344
2013-05-01,21.81229019165039,1.3168290853500366,,,,,,43.61851119995117
2013-05-02,22.091283798217773,1.3182177543640137,,,,,26.18000030517578,43.904693603515625
2013-05-03,22.336462020874023,1.3065063953399658,,,,,26.59000015258789,44.07992172241211
2013-05-06,22.36182403564453,1.3123359680175781,,,,,26.59000015258789,44.307701110839844
2013-05-07,22.285734176635742,1.3070186376571655,,,,,26.649999618530273,44.55302810668945
2013-05-08,22.387184143066406,1.3077024221420288,,,,,26.709999084472656,44.576385498046875
2013-05-09,22.37873077392578,1.3161357641220093,,,,,26.709999084472656,44.28435134887695
2013-05-10,22.27728271484375,1.303441047668457,,,,,27.040000915527344,44.44789123535156
2013-05-13,22.175830841064453,1.2965291738510132,,,,,27.040000915527344,44.658172607421875
2013-05-14,22.09973907470703,1.2988024950027466,,,,,27.190000534057617,44.82170104980469
2013-05-15,22.049013137817383,1.2937111854553223,,,,,27.420000076293945,45.265594482421875
2013-05-16,22.023649215698242,1.2882447242736816,,,,,27.454999923706055,45.031951904296875
2013-05-17,22.13355827331543,1.2883278131484985,,,,,27.6200008392334,45.28310775756836
2013-05-20,22.27728271484375,1.2835652828216553,,,,,27.68000030517578,45.388248443603516
2013-05-21,22.15046501159668,1.2891082763671875,,,,,27.700000762939453,45.645225524902344
2013-05-22,22.049013137817383,1.2919062376022339,,,,,27.704999923706055,44.53550338745117
2013-05-23,22.15046501159668,1.2842081785202026,,,,,27.0049991607666,43.700279235839844
2013-05-24,22.065921783447266,1.2925074100494385,,,,,26.864999771118164,43.58930587768555
2013-05-27,,1.2937781810760498,,,,,27.010000228881836,
2013-05-28,22.268827438354492,1.2933933734893799,,,,,27.325000762939453,43.215492248535156
2013-05-29,22.125102996826172,1.2846370935440063,,,,,27.059999465942383,42.29849624633789
2013-05-30,22.125102996826172,1.294783353805542,,,,,26.844999313354492,41.901329040527344
2013-05-31,21.863018035888672,1.3043931722640991,,,,,26.704999923706055,41.34061813354492
2013-06-03,22.13355827331543,1.2996464967727661,,,,,26.549999237060547,41.574249267578125
2013-06-04,22.218101501464844,1.3072919845581055,,,,,26.614999771118164,40.99603271484375
2013-06-05,22.116649627685547,1.3073433637619019,,,,,26.614999771118164,40.65725326538086
2013-06-06,22.201190948486328,1.3093289136886597,,,,,26.05500030517578,41.31144332885742
2013-06-07,22.25191879272461,1.3245558738708496,,,,,26.149999618530273,41.31725311279297
2013-06-10,22.167373657226562,1.3224014043807983,,,,,26.31999969482422,40.960975646972656
2013-06-11,21.97292137145996,1.3224014043807983,,,,,25.770000457763672,40.353553771972656
2013-06-12,21.998289108276367,1.3224014043807983,,,,,25.885000228881836,39.804508209228516
2013-06-13,22.142013549804688,1.3339558839797974,,,,,25.510000228881836,40.83831787109375
2013-06-14,22.235008239746094,1.3367911577224731,,,,,25.864999771118164,40.99018096923828
2013-06-17,22.285734176635742,1.3348639011383057,,,,,26.1200008392334,41.106998443603516
2013-06-18,22.3280029296875,1.3363088369369507,,,,,26.010000228881836,41.31725311279297
2013-06-19,22.36182403564453,1.3389928340911865,,,,,26.049999237060547,40.04983139038086
2013-06-20,21.634748458862305,1.329186201095581,,,,,25.690000534057617,38.38521957397461
2013-06-21,21.499479293823242,1.323556661605835,,,,,25.420000076293945,38.90504837036133
2013-06-24,21.406478881835938,1.3105300664901733,,,,,25.0,38.72873306274414
2013-06-25,21.42338752746582,1.313232183456421,,,,,25.290000915527344,39.37735366821289
2013-06-26,21.364206314086914,1.3079760074615479,,,,,25.665000915527344,39.972904205322266
2013-06-27,21.35575294494629,1.301337718963623,,,,,25.8700008392334,40.77485275268555
2013-06-28,21.245845794677734,1.3035939931869507,,,,,25.899999618530273,40.52130126953125
2013-07-01,21.38111686706543,1.3014055490493774,,,,,26.155000686645508,40.4328498840332
2013-07-02,21.465662002563477,1.306762456893921,,,,,26.15999984741211,41.05198669433594
2013-07-03,21.660110473632812,1.2978922128677368,,,,,25.989999771118164,40.78074645996094
2013-07-04,,1.3010838031768799,,,,,26.559999465942383,
2013-07-05,21.609386444091797,1.2907721996307373,,,,,26.575000762939453,40.5861701965332
2013-07-08,21.71929359436035,1.2829065322875977,,,,,26.71500015258789,40.62744140625
2013-07-09,21.85456085205078,1.2871006727218628,,,,,26.844999313354492,41.205291748046875
2013-07-10,21.922199249267578,1.278183937072754,,,,,26.950000762939453,41.222999572753906
2013-07-11,22.0321044921875,1.3187741041183472,,,,,26.885000228881836,42.21952438354492
2013-07-12,22.116649627685547,1.3097747564315796,,,,,27.010000228881836,41.96006393432617
2013-07-15,22.057470321655273,1.3059945106506348,,,,,27.125,42.1369514465332
2013-07-16,22.08283233642578,1.3058750629425049,,,,,26.850000381469727,42.16642761230469
2013-07-17,22.065921783447266,1.3151146173477173,,,,,26.989999771118164,42.319740295410156
2013-07-18,22.158920288085938,1.3116990327835083,,,,,27.204999923706055,42.67945098876953
2013-07-19,22.175830841064453,1.3110626935958862,,,,,27.045000076293945,42.64994812011719
2013-07-22,22.158920288085938,1.3159972429275513,,,,,27.149999618530273,42.779685974121094
2013-07-23,22.192737579345703,1.3190349340438843,,,,,27.209999084472656,42.732505798339844
2013-07-24,22.015195846557617,1.3223315477371216,,,,,27.170000076293945,41.90110397338867
2013-07-25,21.989831924438477,1.319087266921997,,,,,26.825000762939453,41.9659538269043
2013-07-26,21.85456085205078,1.3274219036102295,,,,,26.825000762939453,42.001346588134766
2013-07-29,21.846107482910156,1.3287447690963745,,,,,26.81999969482422,41.688819885253906
2013-07-30,21.770017623901367,1.3263654708862305,,,,,26.774999618530273,41.564979553222656
2013-07-31,21.922199249267578,1.3264886140823364,,,,,26.774999618530273,40.88688278198242
2013-08-01,21.97292137145996,1.3301409482955933,,,,,27.045000076293945,40.7276725769043
2013-08-02,21.88838005065918,1.3211959600448608,,,,,27.040000915527344,40.527191162109375
2013-08-05,21.778474807739258,1.3278977870941162,,,,,27.209999084472656,40.49773406982422
2013-08-06,21.600927352905273,1.3257501125335693,,,,,26.93000030517578,40.35619354248047
2013-08-07,21.457204818725586,1.3308136463165283,,,,,26.78499984741211,40.25004959106445
2013-08-08,21.567113876342773,1.334098219871521,,,,,26.78499984741211,40.26774215698242
2013-08-09,21.71929359436035,1.3380074501037598,,,,,26.8700008392334,40.62154769897461
2013-08-12,21.98137664794922,1.3339380025863647,,,,,27.0,40.33260726928711
2013-08-13,21.97292137145996,1.3292922973632812,,,,,27.139999389648438,39.778324127197266
2013-08-14,22.15046501159668,1.326559066772461,,,,,27.165000915527344,39.62500762939453
2013-08-15,22.36182403564453,1.3264182806015015,,,,,,38.89973831176758
2013-08-16,22.370277404785156,1.33539879322052,,,,,26.735000610351562,37.94449234008789
2013-08-19,22.34491539001465,1.332906723022461,,,,,26.68000030517578,37.44327163696289
2013-08-20,22.302642822265625,1.3333866596221924,,,,,26.21500015258789,38.292388916015625
2013-08-21,22.27728271484375,1.3421016931533813,,,,,26.34000015258789,38.203941345214844
2013-08-22,22.285734176635742,1.334294080734253,,,,,26.295000076293945,38.43390655517578
2013-08-23,22.463275909423828,1.335505723953247,,,,,26.469999313354492,38.834869384765625
2013-08-26,22.590091705322266,1.33865225315094,,,,,26.565000534057617,38.722843170166016
2013-08-27,22.809906005859375,1.3379179239273071,,,,,26.209999084472656,38.53416061401367
2013-08-28,22.843727111816406,1.3392080068588257,,,,,26.209999084472656,38.298282623291016
2013-08-29,22.60700035095215,1.3334933519363403,,,,,26.31999969482422,38.35725021362305
2013-08-30,22.539365768432617,1.3236267566680908,,,,,26.399999618530273,38.032936096191406
2013-09-02,,1.3208295106887817,,,,,26.625,
2013-09-03,22.657726287841797,1.319000244140625,,,,,26.639999389648438,37.70273208618164
2013-09-04,22.463275909423828,1.317401647567749,,,,,26.639999389648438,38.02703857421875
2013-09-05,22.41254997253418,1.320062279701233,,,,,26.915000915527344,37.62606430053711
2013-09-06,22.539365768432617,1.3118367195129395,,,,,26.915000915527344,38.20983123779297
2013-09-09,22.39564323425293,1.3174188137054443,,,,,26.924999237060547,39.00587844848633
2013-09-10,22.192737579345703,1.3258028030395508,,,,,27.170000076293945,38.97639083862305
2013-09-11,22.2265567779541,1.326629400253296,,,,,27.125,39.288902282714844
2013-09-12,22.336462020874023,1.3315579891204834,,,,,27.209999084472656,39.03535842895508
2013-09-13,22.268827438354492,1.3298933506011963,,,,,27.290000915527344,39.14738845825195
2013-09-16,21.989831924438477,1.3359339237213135,,,,,27.420000076293945,39.536556243896484
2013-09-17,21.761564254760742,1.3337956666946411,,,,,27.270000457763672,39.512977600097656
2013-09-18,22.235008239746094,1.3357912302017212,,,,,27.364999771118164,40.85150146484375
2013-09-19,22.15046501159668,1.3523015975952148,,,,,27.459999084472656,40.81611633300781
2013-09-20,21.947559356689453,1.353417992591858,,,,,27.514999389648438,40.14979934692383
2013-09-23,21.786928176879883,1.3534547090530396,,,,,27.225000381469727,39.874900817871094
2013-09-24,21.778474807739258,1.349892020225525,,,,,27.329999923706055,39.5714225769043
2013-09-25,21.81229019165039,1.347182273864746,,,,,27.235000610351562,39.70233917236328
2013-09-26,21.98137664794922,1.351698398590088,,,,,27.239999771118164,39.946292877197266
2013-09-27,21.871471405029297,1.348617672920227,,,,,27.239999771118164,39.77967834472656
2013-09-30,21.778474807739258,1.349545955657959,,,,,26.795000076293945,39.357181549072266
2013-10-01,21.634748458862305,1.3525211811065674,,,,,27.145000457763672,39.9284553527832
2013-10-02,21.846107482910156,1.352338194847107,,,,,26.844999313354492,39.98796081542969
2013-10-03,21.81229019165039,1.3591018915176392,,,,,26.7549991607666,39.2917366027832
2013-10-04,21.879924774169922,1.362416386604309,,,,,26.844999313354492,39.214385986328125
2013-10-07,22.0321044921875,1.356999397277832,,,,,26.80500030517578,39.39289093017578
2013-10-08,22.108192443847656,,,,,,26.799999237060547,38.964454650878906
2013-10-09,21.947559356689453,1.3598041534423828,,,,,26.704999923706055,38.97040939331055
2013-10-10,22.2265567779541,1.352027416229248,,,,,27.049999237060547,39.964149475097656
2013-10-11,22.108192443847656,1.3526674509048462,,,,,27.045000076293945,40.36284255981445
2013-10-14,22.09973907470703,1.3556748628616333,,,,,27.100000381469727,40.38663864135742
2013-10-15,22.023649215698242,1.3558586835861206,,,,,27.479999542236328,40.23789596557617
2013-10-16,22.192737579345703,1.3521736860275269,,,,,27.56999969482422,40.99361038208008
2013-10-17,22.074377059936523,1.3522467613220215,,,,,27.219999313354492,41.61246871948242
2013-10-18,22.201190948486328,1.366698980331421,,,,,27.514999389648438,41.57081985473633
2013-10-21,22.15046501159668,1.3681949377059937,,,,,27.670000076293945,41.32089614868164
2013-10-22,22.125102996826172,1.36759614944458,,,,,28.020000457763672,41.70173645019531
2013-10-23,21.786928176879883,1.3778469562530518,,,,,27.395000457763672,41.779083251953125
2013-10-24,21.795381546020508,1.3780938386917114,,,,,27.549999237060547,41.767173767089844
2013-10-25,21.863018035888672,1.380395531654358,,,,,27.559999465942383,42.2789421081543
2013-10-28,21.947559356689453,1.3805290460586548,,,,,27.809999465942383,41.97545623779297
2013-10-29,21.88838005065918,1.3789299726486206,,,,,27.690000534057617,41.731468200683594
2013-10-30,21.956016540527344,1.374306082725525,,,,,27.729999542236328,41.38040542602539
2013-10-31,21.770017623901367,1.3724011182785034,,,,,27.989999771118164,41.13641357421875
2013-11-01,21.499479293823242,1.3579760789871216,,,,,27.969999313354492,41.35063171386719
2013-11-04,21.406478881835938,1.349400281906128,,,,,27.9950008392334,41.42800521850586
2013-11-05,21.347299575805664,1.351698398590088,,,,,27.979999542236328,40.74962615966797
2013-11-06,21.364206314086914,1.3473094701766968,,,,,28.06999969482422,40.69013595581055
2013-11-07,21.2120304107666,1.351807951927185,,,,,28.274999618530273,40.184326171875
2013-11-08,21.33039093017578,1.3409138917922974,,,,,28.225000381469727,39.64281463623047
2013-11-11,21.42338752746582,1.3347926139831543,,,,,28.315000534057617,39.68448257446289
2013-11-12,21.279664993286133,1.3409318923950195,,,,,28.100000381469727,39.50595474243164
2013-11-13,21.372663497924805,1.3439956903457642,,,,,28.09000015258789,39.7618293762207
2013-11-14,21.465662002563477,1.3489633798599243,,,,,28.28499984741211,40.04151153564453
2013-11-15,21.43184471130371,1.3448994159698486,,,,,28.829999923706055,40.19028091430664
2013-11-18,21.28812026977539,1.3483994007110596,,,,,28.559999465942383,39.94035339355469
2013-11-19,21.254301071166992,1.3504389524459839,,,,,28.40999984741211,39.66068649291992
2013-11-20,21.271211624145508,1.3567416667938232,,,,,28.469999313354492,39.178653717041016
2013-11-21,21.541748046875,1.3433817625045776,,,,,28.469999313354492,39.482154846191406
2013-11-22,21.609386444091797,1.347182273864746,,,,,28.399999618530273,39.32743453979492
2013-11-25,21.584022521972656,1.355233907699585,,,,,28.549999237060547,39.142967224121094
2013-11-26,21.5755672454834,1.3527590036392212,,,,,28.389999389648438,39.006107330322266
2013-11-27,21.5755672454834,1.3567785024642944,,,,,28.405000686645508,39.33934020996094
2013-11-28,,1.357367753982544,,,,,28.424999237060547,
2013-11-29,21.567113876342773,1.360396146774292,,,,,28.489999771118164,38.97636032104492
2013-12-02,21.541748046875,1.3585110902786255,,,,,28.479999542236328,38.75023651123047
2013-12-03,21.66856575012207,1.3542062044143677,,,,,28.125,38.672874450683594
2013-12-04,21.71083641052246,1.3590649366378784,,,,,28.094999313354492,38.81569290161133
2013-12-05,21.685476303100586,1.3586403131484985,,,,,27.790000915527344,38.952545166015625
2013-12-06,21.761564254760742,1.3669979572296143,,,,,27.940000534057617,39.23222732543945
2013-12-09,21.685476303100586,1.3706516027450562,,,,,28.114999771118164,39.42265701293945
2013-12-10,21.75310707092285,1.3740227222442627,,,,,27.920000076293945,39.32147979736328
2013-12-11,21.75310707092285,1.37644362449646,,,,,27.6299991607666,38.4170036315918
2013-12-12,21.55020523071289,1.3786067962646484,,,,,27.469999313354492,38.20277786254883
2013-12-13,21.465662002563477,1.3750807046890259,,,,,27.56999969482422,38.29798126220703
2013-12-16,21.533292770385742,1.3739283084869385,,,,,27.549999237060547,38.42890167236328
2013-12-17,21.43184471130371,1.3762919902801514,,,,,27.440000534057617,38.6074104309082
2013-12-18,21.47411346435547,1.3771259784698486,,,,,27.719999313354492,39.2917366027832
2013-12-19,21.524843215942383,1.3684945106506348,,,,,28.200000762939453,38.75023651123047
2013-12-20,21.693927764892578,1.3655791282653809,,,,,28.309999465942383,38.98825454711914
2013-12-23,21.693927764892578,1.3678393363952637,,,,,28.350000381469727,39.06562042236328
2013-12-24,21.761564254760742,1.3699944019317627,,,,,,39.10066223144531
2013-12-25,,1.3681949377059937,,,,,,
2013-12-26,21.795381546020508,1.3668484687805176,,,,,,39.13087844848633
2013-12-27,21.85456085205078,1.3696191310882568,,,,,28.43000030517578,39.21548843383789
2013-12-30,21.727746963500977,1.3750240802764893,,,,,28.5,39.22758102416992
2013-12-31,21.693927764892578,1.3810056447982788,,,,,,39.016056060791016
2014-01-01,,1.3744947910308838,,,,,,
2014-01-02,21.38111686706543,1.3766709566116333,,,,,28.600000381469727,39.0221061706543
2014-01-03,21.245845794677734,1.3666616678237915,,,,,28.65999984741211,39.23966979980469
2014-01-06,21.271211624145508,1.3596007823944092,,,,,28.700000762939453,39.43910217285156
2014-01-07,21.254301071166992,1.3631964921951294,,,,,28.770000457763672,39.614349365234375
2014-01-08,21.051395416259766,1.3616372346878052,,,,,28.80500030517578,39.42096710205078
2014-01-09,20.882308959960938,1.3572019338607788,,,,,28.69499969482422,39.42096710205078
2014-01-10,21.017580032348633,1.360710859298706,,,,,28.799999237060547,39.95884704589844
2014-01-13,21.009122848510742,1.3671848773956299,,,,,28.725000381469727,39.69291687011719
2014-01-14,21.009122848510742,1.3669979572296143,,,,,28.690000534057617,39.98299026489258
2014-01-15,21.06830406188965,1.3668484687805176,,,,,29.18000030517578,40.2851676940918
2014-01-16,21.034486770629883,1.359933614730835,,,,,28.90999984741211,40.35768508911133
2014-01-17,21.059850692749023,1.3618041276931763,,,,,29.040000915527344,40.12199401855469
2014-01-20,,1.3527590036392212,,,,,29.010000228881836,
2014-01-21,21.110576629638672,1.3549033403396606,,,,,28.989999771118164,40.48460388183594
2014-01-22,21.2120304107666,1.355913758277893,,,,,29.010000228881836,40.65985870361328
2014-01-23,21.195119857788086,1.354224443435669,,,,,28.600000381469727,40.56315994262695
2014-01-24,21.20357322692871,1.3689066171646118,,,,,28.375,40.05552291870117
2014-01-27,21.059850692749023,1.3687942028045654,,,,,27.825000762939453,39.7473030090332
2014-01-28,21.161304473876953,1.3674652576446533,,,,,27.975000381469727,40.07968521118164
2014-01-29,21.144393920898438,1.3655046224594116,,,,,27.895000457763672,39.86212158203125
2014-01-30,21.059850692749023,1.365859031677246,,,,,28.184999465942383,40.46647262573242
2014-01-31,21.034486770629883,1.3558770418167114,,,,,28.059999465942383,40.684024810791016
2014-02-03,21.034486770629883,1.3488178253173828,,,,,27.645000457763672,40.03739547729492
2014-02-04,21.195119857788086,1.3525028228759766,,,,,27.559999465942383,40.5208625793457
2014-02-05,21.23739242553711,1.3515887260437012,,,,,27.4950008392334,40.436256408691406
2014-02-06,21.32193374633789,1.3535096645355225,,,,,27.94499969482422,40.732383728027344
2014-02-07,21.567113876342773,1.3592127561569214,,,,,28.03499984741211,41.04058837890625
2014-02-10,21.448753356933594,1.361933946609497,,,,,28.084999084472656,41.4273567199707
2014-02-11,21.55866050720215,1.364610195159912,,,,,28.280000686645508,41.59054183959961
2014-02-12,21.600927352905273,1.3639029264450073,,,,,28.56999969482422,41.61472702026367
2014-02-13,21.71929359436035,1.3590095043182373,,,,,28.520000457763672,41.77183532714844
2014-02-14,21.795381546020508,1.3678767681121826,,,,,28.764999389648438,41.935020446777344
2014-02-17,,1.3699944019317627,,,,,28.719999313354492,
2014-02-18,22.108192443847656,1.3704450130462646,,,,,28.704999923706055,42.14048767089844
2014-02-19,22.167373657226562,1.376197338104248,,,,,28.729999542236328,42.11631393432617
2014-02-20,22.209646224975586,1.3730417490005493,,,,,28.670000076293945,42.025672912597656
2014-02-21,22.15046501159668,1.372118592262268,,,,,28.760000228881836,42.12841033935547
2014-02-24,22.24346351623535,1.3737962245941162,,,,,28.8799991607666,42.23114013671875
2014-02-25,22.142013549804688,1.3736075162887573,,,,,28.899999618530273,42.37013244628906
2014-02-26,22.08283233642578,1.3746082782745361,,,,,28.950000762939453,42.466835021972656
2014-02-27,22.015195846557617,1.3681949377059937,,,,,28.899999618530273,42.352012634277344
2014-02-28,22.091283798217773,1.3707455396652222,,,,,28.760000228881836,42.74483108520508
2014-03-03,22.39564323425293,1.377695083618164,,,,,28.514999389648438,42.76898956298828
2014-03-04,22.311098098754883,1.373701810836792,,,,,29.06999969482422,43.385440826416016
2014-03-05,22.125102996826172,1.374117136001587,,,,,29.075000762939453,43.3310432434082
2014-03-06,22.3280029296875,1.3734188079833984,,,,,28.989999771118164,42.96842956542969
2014-03-07,22.2265567779541,1.3863087892532349,,,,,28.829999923706055,42.50308609008789
2014-03-10,22.040557861328125,1.3878673315048218,,,,,28.704999923706055,42.27947235107422
2014-03-11,22.049013137817383,1.3878865242004395,,,,,28.709999084472656,42.54539489746094
2014-03-12,21.989831924438477,1.385809302330017,,,,,28.5049991607666,42.67231369018555
2014-03-13,21.88838005065918,1.3904531002044678,,,,,28.299999237060547,42.4728889465332
2014-03-14,22.006742477416992,1.3865394592285156,,,,,28.155000686645508,42.58165740966797
2014-03-17,21.761564254760742,1.39130437374115,,,,,28.264999389648438,42.67231369018555
2014-03-18,21.871471405029297,1.3926606178283691,,,,,28.479999542236328,42.7991943359375
2014-03-19,21.863018035888672,1.3930875062942505,,,,,28.469999313354492,41.98941421508789
2014-03-20,21.761564254760742,1.381921648979187,,,,,28.59000015258789,42.06192398071289
2014-03-21,21.778474807739258,1.378207802772522,,,,,28.729999542236328,42.448707580566406
2014-03-24,21.770017623901367,1.3795576095581055,,,,,28.3799991607666,42.17070770263672
2014-03-25,21.913742065429688,1.3838915824890137,,,,,28.530000686645508,42.55574417114258
2014-03-26,21.896835327148438,1.3819025754928589,,,,,28.71500015258789,42.075199127197266
2014-03-27,22.091283798217773,1.378207802772522,,,,,28.65999984741211,42.34285354614258
2014-03-28,22.09973907470703,1.3741360902786255,,,,,28.8799991607666,42.598331451416016
2014-03-31,22.08283233642578,1.3752131462097168,,,,,28.895000457763672,42.957237243652344
2014-04-01,21.81229019165039,1.3775053024291992,,,,,29.020000457763672,43.15187072753906
2014-04-02,21.761564254760742,1.379481554031372,,,,,29.209999084472656,43.188358306884766
2014-04-03,21.939105987548828,1.376822590827942,,,,,29.28499984741211,43.09711456298828
2014-04-04,22.040557861328125,1.3723821640014648,,,,,29.350000381469727,43.24311447143555
2014-04-07,21.989831924438477,1.3704074621200562,,,,,28.915000915527344,43.38301086425781
2014-04-08,22.24346351623535,1.374306082725525,,,,,28.709999084472656,43.65066909790039
2014-04-09,22.302642822265625,1.3793293237686157,,,,,28.774999618530273,43.54116439819336
2014-04-10,22.311098098754883,1.3855020999908447,,,,,28.639999389648438,43.12752914428711
2014-04-11,22.209646224975586,1.3886381387710571,,,,,28.149999618530273,42.86598205566406
2014-04-14,22.41254997253418,1.3846195936203003,,,,,28.420000076293945,43.1214485168457
2014-04-15,22.429460525512695,1.381711721420288,,,,,28.309999465942383,43.63242721557617
2014-04-16,22.471731185913086,1.38119637966156,,,,,28.635000228881836,43.912227630615234
2014-04-17,22.522457122802734,1.3827050924301147,,,,,28.610000610351562,43.6567497253418
2014-04-18,,1.3812155723571777,,,,,,
2014-04-21,22.446367263793945,1.3815207481384277,,,,,,43.90614318847656
2014-04-22,22.43791389465332,1.3795006275177002,,,,,29.1299991607666,44.00346755981445
2014-04-23,22.421003341674805,1.3810056447982788,,,,,29.0,43.82707595825195
2014-04-24,22.556276321411133,1.381921648979187,,,,,29.059999465942383,44.00954818725586
2014-04-25,22.463275909423828,1.3832024335861206,,,,,28.790000915527344,43.8392333984375
2014-04-28,22.387184143066406,1.384063959121704,,,,,28.84000015258789,44.17988586425781
2014-04-29,22.446367263793945,1.3852909803390503,,,,,29.079999923706055,44.210289001464844
2014-04-30,22.3280029296875,1.3813681602478027,,,,,29.010000228881836,44.368446350097656
2014-05-01,22.158920288085938,1.386924147605896,,,,,,44.55701446533203
2014-05-02,22.218101501464844,1.3870972394943237,,,,,29.110000610351562,44.54484939575195
2014-05-05,22.167373657226562,1.387270450592041,,,,,29.049999237060547,44.63608169555664
2014-05-06,22.184284210205078,1.387597680091858,,,,,28.940000534057617,44.477928161621094
2014-05-07,22.24346351623535,1.3930680751800537,,,,,28.829999923706055,45.013221740722656
2014-05-08,22.175830841064453,1.3911689519882202,,,,,29.170000076293945,45.11662292480469
2014-05-09,22.065921783447266,1.3844279050827026,,,,,29.125,45.14705276489258
2014-05-12,22.116649627685547,1.376064658164978,,,,,29.420000076293945,45.286956787109375
2014-05-13,22.218101501464844,1.3756672143936157,,,,,29.670000076293945,44.99498748779297
2014-05-14,22.319551467895508,1.3709522485733032,,,,,29.6200008392334,45.013221740722656
2014-05-15,22.184284210205078,1.372005581855774,,,,,29.239999771118164,44.988895416259766
2014-05-16,22.209646224975586,1.3716480731964111,,,,,29.299999237060547,45.402523040771484
2014-05-19,22.192737579345703,1.3703323602676392,,,,,29.440000534057617,45.22004318237305
2014-05-20,22.235008239746094,1.3713847398757935,,,,,29.424999237060547,45.08013916015625
2014-05-21,22.27728271484375,1.3704074621200562,,,,,29.559999465942383,44.782081604003906
2014-05-22,22.294189453125,1.3681762218475342,,,,,29.700000762939453,44.7029914855957
2014-05-23,22.34491539001465,1.3654487133026123,,,,,29.729999542236328,45.098392486572266
2014-05-26,,1.3628805875778198,,,,,29.920000076293945,
2014-05-27,22.158920288085938,1.3651318550109863,,,,,29.985000610351562,45.42076873779297
2014-05-28,22.167373657226562,1.3636983633041382,,,,,30.15999984741211,45.1348762512207
2014-05-29,22.175830841064453,1.359342098236084,,,,,30.104999542236328,45.22612762451172
2014-05-30,22.006742477416992,1.360451579093933,,,,,30.135000228881836,45.43294143676758
2014-06-02,21.98137664794922,1.3628062009811401,,,,,30.100000381469727,45.572853088378906
2014-06-03,21.96446990966797,1.3598966598510742,,,,,30.170000076293945,45.548500061035156
2014-06-04,21.905290603637695,1.3621008396148682,,,,,30.1200008392334,45.6397590637207
2014-06-05,21.93065071105957,1.3604146242141724,,,,,30.25,46.47919845581055
2014-06-06,22.023649215698242,1.3661948442459106,,,,,30.5,46.284549713134766
2014-06-09,22.116649627685547,1.3642936944961548,,,,,30.674999237060547,45.72492599487305
2014-06-10,22.057470321655273,1.3592681884765625,,,,,30.690000534057617,45.38427734375
2014-06-11,21.998289108276367,1.3540961742401123,,,,,30.649999618530273,45.26262283325195
2014-06-12,22.311098098754883,1.3537112474441528,,,,,30.6299991607666,45.14705276489258
2014-06-13,22.311098098754883,1.3554543256759644,,,,,30.604999542236328,45.26262283325195
2014-06-16,22.37873077392578,1.3538029193878174,,,,,30.489999771118164,45.031471252441406
2014-06-17,22.404096603393555,1.3577179908752441,,,,,30.594999313354492,45.14705276489258
2014-06-18,22.497095108032227,1.3547931909561157,,,,,30.549999237060547,45.46335983276367
2014-06-19,22.716909408569336,1.3590649366378784,,,,,30.739999771118164,45.84049987792969
2014-06-20,22.759178161621094,1.361136794090271,,,,,30.90999984741211,45.9986457824707
2014-06-23,22.674636840820312,1.3593051433563232,,,,,30.799999237060547,45.81007766723633
2014-06-24,22.708454132080078,1.3601926565170288,,,,,30.725000381469727,45.84384536743164
2014-06-25,22.742271423339844,1.3605812788009644,,,,,30.594999313354492,45.751766204833984
2014-06-26,22.649272918701172,1.3628991842269897,,,,,30.5049991607666,45.70877456665039
2014-06-27,22.60700035095215,1.3613035678863525,,,,,30.575000762939453,46.05873489379883
2014-06-30,22.471731185913086,1.3644425868988037,,,,,30.55500030517578,45.94820785522461
2014-07-01,22.404096603393555,1.3693565130233765,,,,,30.795000076293945,46.19379806518555
2014-07-02,22.36182403564453,1.3680826425552368,,,,,30.8700008392334,46.08327865600586
2014-07-03,22.319551467895508,1.3652995824813843,,,,,31.100000381469727,45.81928634643555
2014-07-04,,1.3610072135925293,,,,,31.1299991607666,
2014-07-07,22.142013549804688,1.3588433265686035,,,,,30.975000381469727,45.9543571472168
2014-07-08,22.08283233642578,1.360618233680725,,,,,30.670000076293945,46.08943176269531
2014-07-09,21.93065071105957,1.3617113828659058,,,,,30.725000381469727,46.16310119628906
2014-07-10,21.96446990966797,1.3642936944961548,,,,,30.594999313354492,46.37184143066406
2014-07-11,21.770017623901367,1.3605072498321533,,,,,30.600000381469727,46.37799072265625
2014-07-14,21.85456085205078,1.360377550125122,,,,,30.834999084472656,46.60516357421875
2014-07-15,21.65165901184082,1.3621751070022583,,,,,30.850000381469727,46.63585662841797
2014-07-16,21.685476303100586,1.3572019338607788,,,,,31.049999237060547,46.783199310302734
2014-07-17,21.7362003326416,1.3529969453811646,,,,,30.959999084472656,46.54375457763672
2014-07-18,21.592477798461914,1.3518811464309692,,,,,30.790000915527344,47.004215240478516
2014-07-21,21.693927764892578,1.3532166481018066,,,,,30.854999542236328,46.83232116699219
2014-07-22,21.600927352905273,1.3527040481567383,,,,,31.100000381469727,46.97966766357422
2014-07-23,21.660110473632812,1.3468012809753418,,,,,31.299999237060547,47.06562805175781
2014-07-24,21.634748458862305,1.346293568611145,,,,,31.360000610351562,47.004215240478516
2014-07-25,21.71929359436035,1.3464748859405518,,,,,31.2450008392334,46.67880630493164
2014-07-28,21.677019119262695,1.3428946733474731,,,,,31.184999465942383,47.004215240478516
2014-07-29,21.609386444091797,1.3439054489135742,,,,,31.2549991607666,46.77706527709961
2014-07-30,21.516387939453125,1.3411117792129517,,,,,31.28499984741211,46.67880630493164
2014-07-31,21.406478881835938,1.3396027088165283,,,,,30.860000610351562,45.98504638671875
2014-08-01,21.23739242553711,1.3389928340911865,,,,,30.454999923706055,45.87454605102539
2014-08-04,21.398025512695312,1.3428946733474731,,,,,30.4950008392334,46.19379806518555
2014-08-05,21.296573638916016,1.342209815979004,,,,,30.635000228881836,45.7210578918457
2014-08-06,21.43184471130371,1.337238073348999,,,,,30.4950008392334,45.70263671875
2014-08-07,21.47411346435547,1.3382940292358398,,,,,30.3799991607666,45.727195739746094
2014-08-08,21.372663497924805,1.3358268737792969,,,,,30.139999389648438,45.997344970703125
2014-08-11,21.406478881835938,1.3405184745788574,,,,,30.645000457763672,46.28590393066406
2014-08-12,21.271211624145508,1.3384909629821777,,,,,30.53499984741211,46.21222686767578
2014-08-13,21.254301071166992,1.3366124629974365,,,,,30.735000610351562,46.881439208984375
2014-08-14,21.000669479370117,1.3367911577224731,,,,,30.690000534057617,46.850738525390625
2014-08-15,21.085214614868164,1.3363981246948242,,,,,,46.80162811279297
2014-08-18,20.907670974731445,1.339046597480774,,,,,31.079999923706055,47.26209259033203
2014-08-19,20.94994354248047,1.336112380027771,,,,,31.299999237060547,47.36032485961914
2014-08-20,21.009122848510742,1.332196593284607,,,,,31.385000228881836,47.57521057128906
2014-08-21,21.059850692749023,1.3260489702224731,,,,,31.549999237060547,47.501522064208984
2014-08-22,21.026033401489258,1.3279330730438232,,,,,31.545000076293945,47.120872497558594
2014-08-25,21.059850692749023,1.3198705911636353,,,,,31.8700008392334,47.016510009765625
2014-08-26,21.06830406188965,1.3188958168029785,,,,,31.920000076293945,47.108585357666016
2014-08-27,21.102121353149414,1.3170199394226074,,,,,31.93000030517578,47.13928985595703
2014-08-28,21.11903190612793,1.319087266921997,,,,,31.825000762939453,47.133155822753906
2014-08-29,21.161304473876953,1.3184958696365356,,,,,31.920000076293945,47.3848876953125
2014-09-01,,1.3127838373184204,,,,,32.005001068115234,
2014-09-02,20.856945037841797,1.3131976127624512,,,,,32.04999923706055,47.39100646972656
2014-09-03,20.941490173339844,1.3131976127624512,,,,,32.150001525878906,47.51380920410156
2014-09-04,20.856945037841797,1.3150973320007324,,,,,32.59000015258789,47.33574295043945
2014-09-05,20.82312774658203,1.2932761907577515,,,,,32.3849983215332,47.839202880859375
2014-09-08,20.721677780151367,1.2953367233276367,,,,,32.46500015258789,47.79008102416992
2014-09-09,20.552589416503906,1.2891082763671875,,,,,32.35499954223633,47.49538040161133
2014-09-10,20.408863067626953,1.2941968441009521,,,,,32.28499984741211,46.74636459350586
2014-09-11,20.30741310119629,1.2917059659957886,,,,,32.27000045776367,46.783199310302734
2014-09-12,20.146778106689453,1.2923569679260254,,,,,32.19499969482422,45.3465461730957
2014-09-15,20.172142028808594,1.2960082292556763,,,,,32.04999923706055,45.125526428222656
2014-09-16,20.358137130737305,1.2939791679382324,,,,,32.125,45.56757354736328
2014-09-17,20.273595809936523,1.2959076166152954,,,,,32.255001068115234,45.55528259277344
2014-09-18,20.07914161682129,1.285000205039978,,,,,32.494998931884766,45.156227111816406
2014-09-19,20.01996421813965,1.2920063734054565,,,,,32.71500015258789,45.21147155761719
2014-09-22,19.850873947143555,1.2841421365737915,,,,,32.470001220703125,44.855384826660156
2014-09-23,19.850873947143555,1.2851488590240479,,,,,32.220001220703125,44.529991149902344
2014-09-24,19.9354190826416,1.2853965759277344,,,,,32.41999816894531,44.41101837158203
2014-09-25,19.893150329589844,1.2778083086013794,,,,,32.220001220703125,44.21271896362305
2014-09-26,19.859329223632812,1.2757054567337036,,,,,32.334999084472656,44.807594299316406
2014-09-29,19.977689743041992,1.2673146724700928,,,,,32.32500076293945,44.74562072753906
2014-09-30,19.631059646606445,1.269083857536316,,,,,32.54999923706055,44.522552490234375
2014-10-01,19.563425064086914,1.262833595275879,,,,,32.29499816894531,44.559757232666016
2014-10-02,19.487337112426758,1.2624191045761108,,,,,31.6200008392334,44.48537826538086
2014-10-03,19.30133819580078,1.2670577764511108,,,,,32.255001068115234,44.764198303222656
2014-10-06,19.546518325805664,1.2513607740402222,,,,,32.23500061035156,44.881961822509766
2014-10-07,19.470426559448242,1.264606237411499,,,,,31.84000015258789,44.52875900268555
2014-10-08,19.394338607788086,1.266800880432129,,,,,31.44499969482422,45.49541473388672
2014-10-09,19.166072845458984,1.2743074893951416,,,,,31.639999389648438,45.49541473388672
2014-10-10,19.098438262939453,1.2689067125320435,,,,,31.174999237060547,45.538787841796875
2014-10-13,19.098438262939453,1.263982892036438,,,,,30.854999542236328,45.5821647644043
2014-10-14,18.810985565185547,1.272394061088562,,,,,30.825000762939453,46.319576263427734
2014-10-15,18.574264526367188,1.2639029026031494,,,,,29.94499969482422,46.139862060546875
2014-10-16,18.76026153564453,1.2821663618087769,,,,,30.020000457763672,46.2142219543457
2014-10-17,18.827896118164062,1.280442476272583,,,,,30.635000228881836,46.269989013671875
2014-10-20,18.692625045776367,1.274957299232483,,,,,30.6200008392334,46.976409912109375
2014-10-21,18.844804763793945,1.2795250415802002,,,,,31.190000534057617,47.40397644042969
2014-10-22,18.63344383239746,1.2714719772338867,,,,,31.625,47.416378021240234
2014-10-23,18.85325813293457,1.2641425132751465,,,,,31.75,47.78195571899414
2014-10-24,18.734899520874023,1.2654062509536743,,,,,31.709999084472656,47.744789123535156
2014-10-27,18.68416976928711,1.2676681280136108,,,,,31.55500030517578,48.09800720214844
2014-10-28,18.83635139465332,1.270147681236267,,,,,31.7549991607666,48.30868148803711
2014-10-29,19.05616569519043,1.273836612701416,,,,,31.8799991607666,48.036033630371094
2014-10-30,18.895532608032227,1.2632802724838257,,,,,32.220001220703125,48.339664459228516
2014-10-31,18.870166778564453,1.2613362073898315,,,,,32.89500045776367,48.94693374633789
2014-11-03,18.701082229614258,1.2503125667572021,,,,,32.994998931884766,49.37449264526367
2014-11-04,18.430538177490234,1.2495938539505005,,,,,32.525001525878906,49.455047607421875
2014-11-05,18.48126983642578,1.2552564144134521,,,,,32.97999954223633,49.34971237182617
2014-11-06,18.4981746673584,1.2480031251907349,,,,,33.15999984741211,48.97171401977539
2014-11-07,18.582717895507812,1.238006830215454,,,,,33.189998626708984,48.90976333618164
2014-11-10,18.405176162719727,1.246137022972107,,,,,33.33000183105469,49.31253433227539
2014-11-11,18.4981746673584,1.242992639541626,,,,,33.380001068115234,49.12042999267578
2014-11-12,18.438995361328125,1.2475829124450684,,,,,33.16999816894531,48.74863815307617
2014-11-13,18.100818634033203,1.242992639541626,,,,,33.26499938964844,49.01509475708008
2014-11-14,18.295269012451172,1.2475982904434204,,,,,33.25,48.6122932434082
2014-11-17,18.219179153442383,1.251846432685852,,,,,33.25,48.82920837402344
2014-11-18,18.126182556152344,1.2448959350585938,,,,,33.28499984741211,49.03987503051758
2014-11-19,18.033184051513672,1.253337025642395,,,,,33.16999816894531,48.59991455078125
2014-11-20,18.185361862182617,1.2540757656097412,,,,,33.244998931884766,48.76102828979492
2014-11-21,18.37981414794922,1.2545005083084106,,,,,33.91999816894531,49.06467056274414
2014-11-24,18.219179153442383,1.2375012636184692,,,,,33.81999969482422,49.23818588256836
2014-11-25,18.1346378326416,1.2433171272277832,,,,,33.724998474121094,49.32490921020508
2014-11-26,18.092363357543945,1.24806547164917,,,,,33.7599983215332,49.80208969116211
2014-11-27,,1.2505940198898315,,,,,33.810001373291016,
2014-11-28,17.263837814331055,1.246199131011963,,,,,33.8849983215332,49.92599105834961
2014-12-01,17.618919372558594,1.2438275814056396,,,,,33.494998931884766,49.80208969116211
2014-12-02,17.246929168701172,1.247007131576538,,,,,33.8650016784668,50.11189270019531
2014-12-03,17.145475387573242,1.2388503551483154,,,,,34.150001525878906,50.06231689453125
2014-12-04,17.09474754333496,1.231663703918457,,,,,33.68000030517578,50.192440032958984
2014-12-05,17.05247688293457,1.2386661767959595,,,,,34.220001220703125,49.938377380371094
2014-12-08,16.756574630737305,1.2294074296951294,,,,,34.11000061035156,50.254425048828125
2014-12-09,16.87493324279785,1.2315119504928589,,,,,33.29499816894531,50.48368453979492
2014-12-10,16.61284828186035,1.2394952774047852,,,,,33.244998931884766,50.43410873413086
2014-12-11,16.460668563842773,1.2473959922790527,,,,,33.404998779296875,50.52705001831055
2014-12-12,16.325401306152344,1.2394952774047852,,,,,32.61000061035156,50.08708190917969
2014-12-15,16.063316345214844,1.2463544607162476,,,,,32.154998779296875,49.436458587646484
2014-12-16,15.970316886901855,1.2443537712097168,,,,,32.349998474121094,49.3682975769043
2014-12-17,16.063316345214844,1.2512043714523315,,,,,32.439998626708984,50.502281188964844
2014-12-18,16.012588500976562,1.2338976860046387,,,,,33.42499923706055,50.85548400878906
2014-12-19,16.249309539794922,1.229044795036316,,,,,33.89500045776367,50.830692291259766
2014-12-22,15.95340633392334,1.2225985527038574,,,,,33.94499969482422,51.68053436279297
2014-12-23,16.114038467407227,1.2223743200302124,,,,,34.32500076293945,51.536048889160156
2014-12-24,15.902678489685059,1.217492938041687,,,,,,51.32249450683594
2014-12-25,,1.2198543548583984,,,,,,
2014-12-26,15.885773658752441,1.2210012674331665,,,,,,51.50465774536133
2014-12-29,15.733592987060547,1.216944694519043,,,,,34.439998626708984,51.78730392456055
2014-12-30,15.71668529510498,1.215347409248352,,,,,34.224998474121094,51.749603271484375
2014-12-31,15.598325729370117,1.2162047624588013,,,,,,50.87654495239258
2015-01-01,,1.2098628282546997,,,,,,
2015-01-02,15.41232681274414,1.2089413404464722,,,,,34.20000076293945,51.64284133911133
2015-01-05,15.192513465881348,1.194643259048462,,,,,33.834999084472656,51.92549133300781
2015-01-06,15.048787117004395,1.193901538848877,,,,,33.61000061035156,52.44051742553711
2015-01-07,14.955791473388672,1.1875356435775757,,,,,33.97999954223633,53.24451446533203
2015-01-08,15.014970779418945,1.1836000680923462,,,,,34.79999923706055,53.44551086425781
2015-01-09,14.989607810974121,1.1796069145202637,,,,,34.334999084472656,53.47062683105469
2015-01-12,14.65988826751709,1.187070369720459,,,,,34.3650016784668,53.878883361816406
2015-01-13,14.600707054138184,1.1831519603729248,,,,,34.7400016784668,53.7972297668457
2015-01-14,14.76133918762207,1.1778285503387451,,,,,34.060001373291016,54.262046813964844
2015-01-15,14.55843448638916,1.1785920858383179,,,,,34.790000915527344,54.38765335083008
2015-01-16,14.837430000305176,1.1637378931045532,,,,,35.1150016784668,54.85873031616211
2015-01-19,,1.1566041707992554,,,,,34.96500015258789,
2015-01-20,14.634525299072266,1.1597968339920044,,,,,35.16999816894531,54.42534637451172
2015-01-21,14.727524757385254,1.1546944379806519,,,,,35.3650016784668,54.38765335083008
2015-01-22,14.710614204406738,1.1615345478057861,,,,,36.15999984741211,55.35493087768555
2015-01-23,14.6176176071167,1.1346745491027832,,,,,36.76499938964844,55.197914123535156
2015-01-26,14.566888809204102,1.1125450134277344,,,,,36.73500061035156,55.6627197265625
2015-01-27,14.642977714538574,1.1247708797454834,,,,,36.185001373291016,55.68154525756836
2015-01-28,14.431619644165039,1.1367381811141968,,,,,36.28499984741211,55.310970306396484
2015-01-29,14.363984107971191,1.1281461715698242,,,,,35.95500183105469,55.50566864013672
2015-01-30,14.710614204406738,1.13355553150177,,,,,35.9900016784668,54.362525939941406
2015-02-02,14.913518905639648,1.1309019327163696,,,,,35.970001220703125,54.21806335449219
2015-02-03,15.327781677246094,1.1341726779937744,,,,,36.09000015258789,54.68915939331055
2015-02-04,14.989607810974121,1.145737886428833,,,,,36.474998474121094,54.463043212890625
2015-02-05,15.192513465881348,1.131874680519104,,,,,36.61000061035156,55.11623764038086
2015-02-06,15.234785079956055,1.147196888923645,,,,,36.959999084472656,53.514583587646484
2015-02-09,15.386964797973633,1.1314393281936646,,,,,36.724998474121094,53.137718200683594
2015-02-10,15.192513465881348,1.1326953172683716,,,,,36.82500076293945,53.307315826416016
2015-02-11,15.074151039123535,1.1321951150894165,,,,,36.95000076293945,53.15029525756836
2015-02-12,15.302420616149902,1.131196141242981,,,,,36.959999084472656,53.784671783447266
2015-02-13,15.471508026123047,1.140393853187561,,,,,37.23500061035156,53.426666259765625
2015-02-16,,1.1400039196014404,,,,,37.26499938964844,
2015-02-17,15.479961395263672,1.1334012746810913,23.690000534057617,,,29.81999969482422,37.279998779296875,53.29475021362305
2015-02-18,15.293964385986328,1.1404719352722168,23.81999969482422,,,29.954999923706055,37.5,53.790950775146484
2015-02-19,15.243240356445312,1.1400039196014404,,23.43000030517578,,,37.54999923706055,52.6352424621582
2015-02-20,15.18405818939209,1.1366735696792603,,23.454999923706055,22.96500015258789,,37.56999969482422,53.144012451171875
2015-02-23,15.082608222961426,1.1381484270095825,,,,,37.810001373291016,53.57111358642578
2015-02-24,15.09106159210205,1.1332985162734985,24.28499984741211,,23.229999542236328,,38.03499984741211,52.51591873168945
2015-02-25,15.319331169128418,1.1339025497436523,24.21500015258789,23.709999084472656,23.079999923706055,30.25,37.95500183105469,52.52845001220703
2015-02-26,15.192513465881348,1.1363636255264282,24.530000686645508,,23.420000076293945,30.670000076293945,38.38999938964844,51.95689010620117
2015-02-27,15.361601829528809,1.1205360889434814,24.545000076293945,23.979999542236328,23.405000686645508,30.700000762939453,38.43000030517578,52.36515808105469
2015-03-02,15.1417875289917,1.1161960363388062,24.610000610351562,23.989999771118164,23.405000686645508,30.719999313354492,38.4900016784668,52.66664505004883
2015-03-03,15.234785079956055,1.1179054975509644,24.53499984741211,,23.295000076293945,30.645000457763672,38.314998626708984,52.56614303588867
2015-03-04,15.099517822265625,1.118217945098877,24.704999923706055,24.020000457763672,23.420000076293945,30.825000762939453,38.529998779296875,52.06364822387695
2015-03-05,15.040334701538086,1.1082050800323486,,,,,38.880001068115234,52.214412689208984
2015-03-06,14.854338645935059,1.1032048463821411,25.010000228881836,24.360000610351562,23.799999237060547,,39.08000183105469,50.48086929321289
2015-03-09,14.812067031860352,1.0845986604690552,24.950000762939453,24.270000457763672,23.719999313354492,31.114999771118164,38.95500183105469,50.88283920288086
2015-03-10,14.6176176071167,1.0833414793014526,,,,31.204999923706055,38.89500045776367,50.84514617919922
2015-03-11,14.693705558776855,1.0708701610565186,25.334999084472656,24.454999923706055,23.975000381469727,31.520000457763672,39.34000015258789,50.88911437988281
2015-03-12,14.626068115234375,1.0548745393753052,25.440000534057617,24.53499984741211,24.084999084472656,31.729999542236328,39.505001068115234,51.77473449707031
2015-03-13,14.330167770385742,1.0626314878463745,25.530000686645508,24.575000762939453,24.110000610351562,31.809999465942383,39.560001373291016,51.74334716796875
2015-03-16,14.313258171081543,1.0481630563735962,25.790000915527344,24.80500030517578,24.334999084472656,32.064998626708984,39.869998931884766,52.277225494384766
2015-03-17,14.21180534362793,1.0572947263717651,25.729999542236328,,24.19499969482422,31.924999237060547,39.724998474121094,52.25836181640625
2015-03-18,14.600707054138184,1.0598047971725464,25.670000076293945,24.645000457763672,,31.78499984741211,39.625,53.35126495361328
2015-03-19,14.355531692504883,1.0849988460540771,25.934999465942383,24.889999389648438,24.274999618530273,32.11000061035156,39.974998474121094,53.32615280151367
2015-03-20,14.549981117248535,1.066894292831421,25.875,24.885000228881836,,,39.974998474121094,54.664024353027344
2015-03-23,14.71906852722168,1.0826611518859863,25.479999542236328,24.579999923706055,24.145000457763672,31.795000076293945,39.53499984741211,54.59492874145508
2015-03-24,14.600707054138184,1.094499111175537,25.565000534057617,,24.15999984741211,31.899999618530273,39.599998474121094,54.13014221191406
2015-03-25,14.642977714538574,1.0902034044265747,25.045000076293945,24.235000610351562,23.850000381469727,31.459999084472656,38.939998626708984,53.19625473022461
2015-03-26,14.820520401000977,1.0960465669631958,24.905000686645508,24.184999465942383,,31.3799991607666,38.82500076293945,52.91823196411133
2015-03-27,14.524618148803711,1.0886367559432983,24.975000381469727,24.219999313354492,23.774999618530273,31.3799991607666,38.84000015258789,52.98772430419922
2015-03-30,14.600707054138184,1.0884946584701538,25.424999237060547,,,,39.5099983215332,53.74595260620117
2015-03-31,14.431619644165039,1.0830246210098267,25.5,,,,39.560001373291016,53.272071838378906
2015-04-01,14.693705558776855,1.073814034461975,25.170000076293945,,24.010000228881836,31.690000534057617,39.28499984741211,53.19625473022461
2015-04-02,14.6176176071167,1.0769942998886108,25.049999237060547,24.364999771118164,23.934999465942383,31.514999389648438,39.125,53.60063934326172
2015-04-03,,1.087074637413025,,,,,,
2015-04-06,14.803611755371094,1.100134253501892,,,,,,54.15664291381836
2015-04-07,14.879701614379883,1.0934817790985107,,24.71500015258789,24.290000915527344,31.8700008392334,39.654998779296875,53.202552795410156
2015-04-08,14.592253684997559,1.0824151039123535,25.440000534057617,,24.3799991607666,,39.810001373291016,53.284706115722656
2015-04-09,14.592253684997559,1.078527569770813,25.704999923706055,,24.604999542236328,32.34000015258789,40.209999084472656,52.178951263427734
2015-04-10,14.74443244934082,1.0669056177139282,26.05500030517578,25.450000762939453,24.8799991607666,32.79499816894531,40.76499938964844,52.14103317260742
2015-04-13,14.676796913146973,1.0609854459762573,26.28499984741211,,25.020000457763672,32.810001373291016,40.88999938964844,52.00202941894531
2015-04-14,14.74443244934082,1.0572947263717651,25.885000228881836,25.225000381469727,24.825000762939453,32.4900016784668,40.470001220703125,52.185264587402344
2015-04-15,15.040334701538086,1.0647132396697998,26.075000762939453,,25.18000030517578,,40.95500183105469,51.79352569580078
2015-04-16,15.200967788696289,1.0676802396774292,25.78499984741211,,24.920000076293945,32.400001525878906,40.56999969482422,51.92619705200195
2015-04-17,15.167150497436523,1.0755579471588135,25.30500030517578,,24.56999969482422,31.954999923706055,39.880001068115234,51.68608856201172
2015-04-20,15.099517822265625,1.0810226202011108,25.635000228881836,,24.84000015258789,32.290000915527344,40.27000045776367,51.76192092895508
2015-04-21,14.989607810974121,1.0747487545013428,25.774999618530273,25.235000610351562,,,40.3849983215332,51.850379943847656
2015-04-22,15.040334701538086,1.074171543121338,25.860000610351562,,24.8700008392334,32.404998779296875,40.470001220703125,51.957794189453125
2015-04-23,15.226332664489746,1.0725815296173096,25.735000610351562,25.18000030517578,,,40.290000915527344,52.09680938720703
2015-04-24,15.217877388000488,1.0815019607543945,25.71500015258789,25.165000915527344,,32.25,40.35499954223633,52.20423889160156
2015-04-27,15.217877388000488,1.086897373199463,25.684999465942383,,,32.25,40.44499969482422,52.13473129272461
2015-04-28,15.243240356445312,1.0877959728240967,25.315000534057617,24.889999389648438,24.540000915527344,31.885000228881836,39.939998626708984,52.03362274169922
2015-04-29,15.344693183898926,1.096912145614624,24.81999969482422,24.475000381469727,,31.31999969482422,39.17499923706055,50.98473358154297
2015-04-30,15.463053703308105,1.1114321947097778,24.514999389648438,24.2549991607666,23.834999084472656,30.90999984741211,38.880001068115234,50.15699768066406
2015-05-01,15.446146011352539,1.1214659214019775,,,,,,50.5361213684082
2015-05-04,15.437690734863281,1.1185932159423828,24.799999237060547,24.514999389648438,,,39.209999084472656,50.58666229248047
2015-05-05,15.564507484436035,1.1149141788482666,,24.21500015258789,23.780000686645508,30.860000610351562,38.70000076293945,49.48722457885742
2015-05-06,15.564507484436035,1.1186307668685913,23.954999923706055,,23.405000686645508,30.30500030517578,38.095001220703125,49.392452239990234
2015-05-07,15.319331169128418,1.1341469287872314,,,23.53499984741211,30.479999542236328,38.28499984741211,50.15068817138672
2015-05-08,15.4038724899292,1.1246949434280396,24.665000915527344,24.434999465942383,,,39.04999923706055,50.852046966552734
2015-05-11,15.336238861083984,1.1194071769714355,24.799999237060547,,,,39.22999954223633,50.08749771118164
2015-05-12,15.496870994567871,1.114441990852356,24.44499969482422,,,30.760000228881836,38.755001068115234,50.2391357421875
2015-05-13,15.513779640197754,1.1221455335617065,24.229999542236328,,,,38.459999084472656,49.75892639160156
2015-05-14,15.606775283813477,1.1350480318069458,24.389999389648438,,,30.625,38.685001373291016,50.71937942504883
2015-05-15,15.598325729370117,1.1404979228973389,24.395000457763672,24.18000030517578,23.795000076293945,30.65999984741211,38.560001373291016,51.23748779296875
2015-05-18,15.556052207946777,1.144505262374878,24.625,,,,38.91999816894531,51.10478210449219
2015-05-19,15.226332664489746,1.1326183080673218,25.225000381469727,24.81999969482422,,,39.630001068115234,50.92787551879883
2015-05-20,15.192513465881348,1.1146656274795532,25.21500015258789,,24.559999465942383,31.565000534057617,39.775001525878906,50.883636474609375
2015-05-21,15.378511428833008,1.1100751161575317,25.204999923706055,,,,39.84000015258789,50.64353942871094
2015-05-22,15.20942211151123,1.1111851930618286,,,24.774999618530273,31.670000076293945,40.005001068115234,50.58034133911133
2015-05-25,,1.0992997884750366,,,,31.764999389648438,40.14500045776367,
2015-05-26,14.913518905639648,1.0971167087554932,25.389999389648438,,24.665000915527344,,39.94499969482422,50.19491195678711
2015-05-27,14.710614204406738,1.08888578414917,25.610000610351562,,24.924999237060547,31.84000015258789,40.27000045776367,50.687767028808594
2015-05-28,14.786704063415527,1.0900014638900757,25.584999084472656,25.049999237060547,,31.594999313354492,40.08000183105469,50.58666229248047
2015-05-29,14.972700119018555,1.0960345268249512,25.30500030517578,24.780000686645508,24.540000915527344,31.350000381469727,39.665000915527344,50.00535583496094
2015-06-01,14.938881874084473,1.0957943201065063,25.524999618530273,,,31.56999969482422,39.8849983215332,50.618247985839844
2015-06-02,15.116422653198242,1.0922993421554565,24.979999542236328,,,,39.165000915527344,50.15068817138672
2015-06-03,14.921974182128906,1.1150012016296387,24.80500030517578,,,30.549999237060547,38.95500183105469,49.430362701416016
2015-06-04,14.786704063415527,1.1257838010787964,,24.065000534057617,,30.334999084472656,38.61000061035156,49.335575103759766
2015-06-05,14.854338645935059,1.120787262916565,24.674999237060547,,,30.5049991607666,38.779998779296875,48.7858772277832
2015-06-08,14.86279296875,1.1108149290084839,24.399999618530273,,,,38.31999969482422,48.69741439819336
2015-06-09,15.099517822265625,1.128095269203186,24.075000762939453,,23.540000915527344,,37.994998931884766,48.34357452392578
2015-06-10,15.158697128295898,1.1299052238464355,24.375,,23.854999542236328,,38.439998626708984,48.68477249145508
2015-06-11,15.023426055908203,1.131196141242981,24.604999542236328,,24.03499984741211,,38.724998474121094,48.98174285888672
2015-06-12,14.871248245239258,1.1240627765655518,24.469999313354492,23.989999771118164,23.8799991607666,,38.41999816894531,48.93750762939453
2015-06-15,14.803611755371094,1.1219944953918457,24.31999969482422,23.850000381469727,23.719999313354492,30.09000015258789,38.189998626708984,48.672119140625
2015-06-16,14.845884323120117,1.1277008056640625,,,,,38.33000183105469,49.06387710571289
2015-06-17,14.888157844543457,1.124201774597168,24.344999313354492,,,30.200000762939453,38.25,49.48091506958008
2015-06-18,14.888157844543457,1.1369967460632324,24.280000686645508,,,,38.16999816894531,50.1633186340332
2015-06-19,14.752886772155762,1.1370742321014404,24.469999313354492,,,,38.44499969482422,49.77788162231445
2015-06-22,14.803611755371094,1.1372941732406616,24.719999313354492,,23.934999465942383,30.295000076293945,38.665000915527344,49.26608657836914
2015-06-23,14.981154441833496,1.13490629196167,25.15999984741211,,,30.790000915527344,39.30500030517578,48.85535430908203
2015-06-24,14.879701614379883,1.1172186136245728,25.06999969482422,,24.2549991607666,30.68000030517578,39.18000030517578,48.589996337890625
2015-06-25,14.896611213684082,1.1206992864608765,,24.325000762939453,24.219999313354492,,39.084999084472656,48.09714126586914
2015-06-26,14.96424674987793,1.1202975511550903,25.139999389648438,,,30.614999771118164,39.099998474121094,48.44307327270508
2015-06-29,14.896611213684082,1.0975021123886108,24.625,23.90999984741211,23.700000762939453,30.280000686645508,38.36000061035156,47.689937591552734
2015-06-30,15.217877388000488,1.122296690940857,,,23.670000076293945,30.239999771118164,38.224998474121094,47.6707649230957
2015-07-01,15.031881332397461,1.1134989261627197,24.875,,23.809999465942383,,38.599998474121094,48.45583724975586
2015-07-02,15.006518363952637,1.103363037109375,24.780000686645508,,,,38.4900016784668,48.57709503173828
2015-07-03,,1.1086965799331665,,,,30.59000015258789,38.459999084472656,
2015-07-06,14.516162872314453,1.0995051860809326,,24.045000076293945,,30.674999237060547,38.31999969482422,48.88346481323242
2015-07-07,14.431619644165039,1.1048991680145264,,,23.31999969482422,30.875,38.165000915527344,49.64935302734375
2015-07-08,14.363984107971191,1.1009942293167114,24.235000610351562,23.719999313354492,,30.565000534057617,37.775001525878906,49.4578742980957
2015-07-09,14.533072471618652,1.1071009635925293,24.59000015258789,,,,38.23500061035156,49.22174072265625
2015-07-10,14.600707054138184,1.1063048839569092,24.69499969482422,,,30.575000762939453,38.279998779296875,49.630218505859375
2015-07-13,14.609163284301758,1.1129041910171509,25.274999618530273,24.604999542236328,,31.19499969482422,39.119998931884766,49.70042419433594
2015-07-14,14.55843448638916,1.099045991897583,25.424999237060547,24.7450008392334,24.0,,39.375,49.80253219604492
2015-07-15,14.389347076416016,1.1008002758026123,25.6299991607666,,,31.485000610351562,39.625,49.88551712036133
2015-07-16,14.3217134475708,1.0943553447723389,25.885000228881836,,24.405000686645508,31.770000457763672,40.02000045776367,50.2876091003418
2015-07-17,14.245624542236328,1.0886012315750122,25.9950008392334,,24.420000076293945,31.84000015258789,40.1349983215332,50.10889434814453
2015-07-20,14.017355918884277,1.0830246210098267,,25.295000076293945,24.454999923706055,31.815000534057617,40.2599983215332,50.166351318359375
2015-07-21,14.076536178588867,1.0835410356521606,25.799999237060547,25.045000076293945,24.184999465942383,31.514999389648438,39.80500030517578,50.02592468261719
2015-07-22,13.873629570007324,1.0939961671829224,25.7549991607666,24.9950008392334,24.18000030517578,31.56999969482422,39.709999084472656,50.242916107177734
2015-07-23,13.755270004272461,1.0927051305770874,25.729999542236328,24.8700008392334,,31.30500030517578,39.435001373291016,49.61744689941406
2015-07-24,13.64536190032959,1.0989010334014893,25.639999389648438,24.53499984741211,23.790000915527344,31.139999389648438,39.06999969482422,49.828060150146484
2015-07-27,13.383277893066406,1.0972371101379395,25.059999465942383,24.0,23.31999969482422,30.670000076293945,38.25,49.917415618896484
2015-07-28,13.493185043334961,1.109004020690918,,,,,38.57500076293945,49.94933319091797
2015-07-29,13.535455703735352,1.1065986156463623,25.5,24.614999771118164,,,39.095001220703125,50.27484130859375
2015-07-30,13.484728813171387,1.098406195640564,,,,31.579999923706055,39.40999984741211,50.02592468261719
2015-07-31,13.298733711242676,1.0939244031906128,,,,,39.244998931884766,50.421634674072266
2015-08-03,13.078919410705566,1.0969001054763794,25.735000610351562,24.7549991607666,24.024999618530273,,39.369998931884766,50.73436737060547
2015-08-04,13.155009269714355,1.09560227394104,,24.7450008392334,,,39.334999084472656,50.36420440673828
2015-08-05,13.10428237915039,1.0888975858688354,25.975000381469727,,24.334999084472656,,39.90999984741211,50.032310485839844
2015-08-06,13.095829010009766,1.0903104543685913,25.65999984741211,,24.145000457763672,31.864999771118164,39.400001525878906,50.102516174316406
2015-08-07,13.045103073120117,1.0927051305770874,25.350000381469727,24.545000076293945,23.985000610351562,31.635000228881836,39.02000045776367,50.2876091003418
2015-08-10,13.3240966796875,1.0965032577514648,25.649999618530273,,,,39.404998779296875,50.1280403137207
2015-08-11,13.146553993225098,1.1016976833343506,25.155000686645508,,23.700000762939453,,38.73500061035156,50.45992660522461
2015-08-12,13.10428237915039,1.104203701019287,24.3700008392334,,,30.84000015258789,37.720001220703125,50.61949920654297
2015-08-13,13.045103073120117,1.1160963773727417,,,23.395000457763672,31.31999969482422,38.3650016784668,50.67693328857422
2015-08-14,12.960558891296387,1.1160963773727417,,,23.399999618530273,31.420000076293945,38.40999984741211,50.95138168334961
2015-08-17,12.909832000732422,1.1092993021011353,25.125,24.34000015258789,23.524999618530273,,38.71500015258789,51.38540267944336
2015-08-18,12.842195510864258,1.107800006866455,25.25,,,31.850000381469727,38.85499954223633,51.525814056396484
2015-08-19,12.69847297668457,1.1030831336975098,,,23.15999984741211,31.46500015258789,38.22999954223633,51.219451904296875
2015-08-20,12.732290267944336,1.1118029356002808,24.155000686645508,23.55500030517578,22.59000015258789,30.96500015258789,37.35499954223633,50.842891693115234
2015-08-21,12.5209321975708,1.1236965656280518,,,21.825000762939453,29.9950008392334,35.95000076293945,49.89827346801758
2015-08-24,12.20811939239502,1.1376951932907104,21.69499969482422,21.190000534057617,20.219999313354492,28.139999389648438,33.54499816894531,47.56227493286133
2015-08-25,12.258845329284668,1.1583056449890137,,,21.200000762939453,28.985000610351562,35.04499816894531,46.253868103027344
2015-08-26,12.182755470275879,1.1550945043563843,22.485000610351562,,,28.450000762939453,34.34000015258789,47.50482940673828
2015-08-27,12.622384071350098,1.1340054273605347,23.6200008392334,,,29.700000762939453,36.09000015258789,48.42393493652344
2015-08-28,12.952102661132812,1.1247961521148682,23.649999618530273,,,,36.224998474121094,48.35371398925781
2015-08-31,13.264915466308594,1.1214030981063843,,22.639999389648438,21.84000015258789,29.635000228881836,36.060001373291016,47.249549865722656
2015-09-01,12.825288772583008,1.1225864887237549,22.899999618530273,22.110000610351562,,,35.06999969482422,46.349613189697266
2015-09-02,12.935195922851562,1.1293437480926514,22.959999084472656,22.03499984741211,,28.979999542236328,35.154998779296875,46.82829666137695
2015-09-03,13.01973819732666,1.121604323387146,23.635000228881836,,21.860000610351562,29.739999771118164,36.11000061035156,46.95594787597656
2015-09-04,12.859105110168457,1.1125946044921875,23.065000534057617,22.209999084472656,,29.165000915527344,35.275001525878906,46.08153533935547
2015-09-07,,1.115200161933899,23.094999313354492,,21.309999465942383,,35.33000183105469,
2015-09-08,12.952102661132812,1.1163954734802246,23.2549991607666,,21.575000762939453,,35.64500045776367,46.777244567871094
2015-09-09,12.783015251159668,1.1207369565963745,,,21.875,,36.119998931884766,46.24110412597656
2015-09-10,12.892922401428223,1.1220699548721313,23.170000076293945,,,28.975000381469727,35.34000015258789,46.34323501586914
2015-09-11,12.876014709472656,1.1290887594223022,23.049999237060547,,,28.825000762939453,35.10499954223633,47.23039627075195
2015-09-14,12.715380668640137,1.1344043016433716,23.125,,21.295000076293945,28.959999084472656,35.220001220703125,47.25590896606445
2015-09-15,12.757652282714844,1.1307612657546997,,22.415000915527344,,,35.56999969482422,47.72184753417969
2015-09-16,12.969012260437012,1.1271796226501465,23.524999618530273,,,29.375,35.93000030517578,48.232452392578125
2015-09-17,12.884468078613281,1.12920343875885,,,21.709999084472656,,35.970001220703125,48.781341552734375
2015-09-18,12.690018653869629,1.1400948762893677,,,,29.204999923706055,35.349998474121094,48.6983642578125
2015-09-21,12.83374309539795,1.12920343875885,,,,,35.875,49.113216400146484
2015-09-22,12.757652282714844,1.1190940141677856,,,,,35.095001220703125,48.494136810302734
2015-09-23,12.656201362609863,1.1120749711990356,,22.225000381469727,,,35.1150016784668,48.79838562011719
2015-09-24,12.732290267944336,1.1189937591552734,,,,28.920000076293945,34.29499816894531,48.340694427490234
2015-09-25,12.808379173278809,1.1178929805755615,23.299999237060547,,,29.645000457763672,35.23500061035156,48.53408432006836
2015-09-28,12.630838394165039,1.1201720237731934,,,20.5049991607666,,34.44499969482422,47.779884338378906
2015-09-29,12.715380668640137,1.123103380203247,22.219999313354492,21.68000030517578,,28.75,34.029998779296875,48.28913497924805
2015-09-30,12.808379173278809,1.1255937814712524,22.645000457763672,,,,34.720001220703125,48.695247650146484
2015-10-01,12.723835945129395,1.11720609664917,22.684999465942383,22.084999084472656,,,34.709999084472656,48.933773040771484
2015-10-02,12.808379173278809,1.1193444728851318,,,,29.020000457763672,34.595001220703125,49.28831100463867
2015-10-05,12.977466583251953,1.1226998567581177,,,,29.959999084472656,35.8650016784668,50.1198844909668
2015-10-06,13.231098175048828,1.1195199489593506,,,,29.860000610351562,35.95000076293945,50.00385665893555
2015-10-07,13.205735206604004,1.1267986297607422,23.049999237060547,,,,35.935001373291016,50.57757568359375
2015-10-08,13.264915466308594,1.1239995956420898,22.979999542236328,,21.834999084472656,29.809999465942383,36.04499816894531,51.00303649902344
2015-10-09,13.3240966796875,1.1286935806274414,23.110000610351562,,21.924999237060547,29.875,36.255001068115234,50.919227600097656
2015-10-12,13.112737655639648,1.1369967460632324,23.15999984741211,,21.94499969482422,,36.18000030517578,51.28020477294922
2015-10-13,13.028192520141602,1.135550618171692,23.21500015258789,,,29.905000686645508,36.06999969482422,50.88055419921875
2015-10-14,13.062010765075684,1.138498306274414,22.790000915527344,,21.520000457763672,,35.529998779296875,50.50020980834961
2015-10-15,13.028192520141602,1.147552251815796,,22.71500015258789,,29.844999313354492,35.89500045776367,51.189964294433594
2015-10-16,13.036646842956543,1.1368157863616943,,,,30.264999389648438,36.369998931884766,51.576744079589844
2015-10-19,12.799925804138184,1.1361054182052612,,,,30.354999542236328,36.4900016784668,52.298728942871094
2015-10-20,12.825288772583008,1.132900595664978,,,,30.325000762939453,36.404998779296875,52.27939987182617
2015-10-21,12.715380668640137,1.1353960037231445,23.309999465942383,,22.05500030517578,30.315000534057617,36.40999984741211,52.086002349853516
2015-10-22,12.757652282714844,1.134803295135498,23.725000381469727,,22.540000915527344,31.045000076293945,37.28499984741211,52.54368591308594
2015-10-23,12.681563377380371,1.108094573020935,24.385000228881836,,22.979999542236328,31.56999969482422,38.10499954223633,52.03443145751953
2015-10-26,12.647747039794922,1.1020376682281494,24.420000076293945,,,31.485000610351562,37.97999954223633,52.02153396606445
2015-10-27,12.588565826416016,1.1065986156463623,24.395000457763672,,,31.399999618530273,37.779998779296875,52.0022087097168
2015-10-28,12.799925804138184,1.1037039756774902,24.530000686645508,,22.864999771118164,31.530000686645508,38.05500030517578,52.047332763671875
2015-10-29,12.723835945129395,1.0928961038589478,24.704999923706055,24.489999771118164,,31.68000030517578,38.345001220703125,51.976417541503906
2015-10-30,12.850651741027832,1.0993843078613281,24.604999542236328,,22.739999771118164,31.53499984741211,38.150001525878906,51.49939727783203
2015-11-02,12.783015251159668,1.102596640586853,24.594999313354492,,22.809999465942383,31.415000915527344,38.19499969482422,52.59525680541992
2015-11-03,13.011284828186035,1.1016006469726562,24.725000381469727,,22.975000381469727,31.704999923706055,38.595001220703125,52.066680908203125
2015-11-04,12.791471481323242,1.0963950157165527,24.860000610351562,,23.139999389648438,31.94499969482422,38.8849983215332,51.83457565307617
2015-11-05,12.690018653869629,1.0868029594421387,25.014999389648438,24.829999923706055,23.03499984741211,31.854999542236328,38.75,52.040870666503906
2015-11-06,12.613929748535156,1.0883997678756714,25.2549991607666,24.96500015258789,,31.829999923706055,38.994998931884766,50.422847747802734
2015-11-09,12.504022598266602,1.0733413696289062,25.0,,,31.610000610351562,38.58000183105469,49.55904006958008
2015-11-10,12.478658676147461,1.0759514570236206,25.329999923706055,,,31.93000030517578,38.86000061035156,50.12632751464844
2015-11-11,12.351841926574707,1.0737563371658325,25.385000228881836,24.850000381469727,23.184999465942383,31.975000381469727,38.89500045776367,50.18434524536133
2015-11-12,12.174302101135254,1.0762988328933716,25.135000228881836,24.59000015258789,,31.690000534057617,38.48500061035156,49.84269332885742
2015-11-13,12.081303596496582,1.0815019607543945,24.864999771118164,,,31.475000381469727,38.084999084472656,49.27539825439453
2015-11-16,12.140482902526855,1.06999933719635,24.735000610351562,24.31999969482422,,31.540000915527344,38.084999084472656,49.84269332885742
2015-11-17,11.954487800598145,1.068798542022705,25.334999084472656,,,32.119998931884766,39.0,49.84269332885742
2015-11-18,12.005212783813477,1.0643846988677979,25.350000381469727,,,32.04499816894531,39.084999084472656,50.281036376953125
2015-11-19,12.005212783813477,1.066996693611145,25.329999923706055,24.96500015258789,,32.11000061035156,39.040000915527344,50.43573760986328
2015-11-20,11.98830509185791,1.0726161003112793,25.700000762939453,25.299999237060547,,32.4900016784668,39.494998931884766,51.0674934387207
2015-11-23,12.081303596496582,1.0641014575958252,25.8700008392334,25.360000610351562,,32.61000061035156,39.55500030517578,51.17707443237305
2015-11-24,12.27575397491455,1.0642033815383911,25.559999465942383,,,32.36000061035156,39.189998626708984,50.90633010864258
2015-11-25,12.258845329284668,1.0643846988677979,,,,32.52000045776367,39.51499938964844,51.11261749267578
2015-11-26,,1.0624960660934448,,,,32.619998931884766,39.73500061035156,
2015-11-27,12.072848320007324,1.0604453086853027,,,,32.56999969482422,39.6150016784668,51.55739974975586
2015-11-30,11.996758460998535,1.0583018064498901,,,,32.564998626708984,39.650001525878906,51.17707443237305
2015-12-01,12.132028579711914,1.0572947263717651,25.815000534057617,,23.43000030517578,32.56999969482422,39.6349983215332,51.88615798950195
2015-12-02,11.878398895263672,1.0625863075256348,25.989999771118164,25.520000457763672,,32.7400016784668,39.79499816894531,50.82896041870117
2015-12-03,12.013668060302734,1.0613007545471191,25.1200008392334,24.575000762939453,,31.55500030517578,38.349998474121094,50.02964401245117
2015-12-04,11.996758460998535,1.0915957689285278,,,,31.649999618530273,38.290000915527344,50.98368453979492
2015-12-07,11.650130271911621,1.0883997678756714,,,,31.760000228881836,38.334999084472656,50.84187316894531
2015-12-08,11.590950012207031,1.0834001302719116,25.030000686645508,,22.264999389648438,31.635000228881836,37.939998626708984,50.7967529296875
2015-12-09,11.599404335021973,1.0893957614898682,,24.209999084472656,22.1299991607666,31.34000015258789,37.6349983215332,50.51309585571289
2015-12-10,11.55713176727295,1.1017948389053345,,,,31.334999084472656,37.630001068115234,50.152122497558594
2015-12-11,11.438770294189453,1.0948106050491333,24.280000686645508,,21.674999237060547,30.860000610351562,36.790000915527344,50.06187438964844
2015-12-14,11.362680435180664,1.0983941555023193,23.979999542236328,,21.30500030517578,30.579999923706055,36.220001220703125,50.29393005371094
2015-12-15,11.337318420410156,1.0992997884750366,24.674999237060547,24.020000457763672,,31.315000534057617,37.29499816894531,50.84187316894531
2015-12-16,11.286592483520508,1.0936251878738403,,24.084999084472656,,31.399999618530273,37.349998474121094,51.83457565307617
2015-12-17,11.168231010437012,1.087453007698059,25.084999084472656,,,31.774999618530273,37.869998931884766,51.576744079589844
2015-12-18,11.21895694732666,1.0844104290008545,,,,31.450000762939453,37.3650016784668,50.977256774902344
2015-12-21,11.168231010437012,1.0869920253753662,,,,31.18000030517578,36.959999084472656,51.17707443237305
2015-12-22,11.117504119873047,1.09129798412323,24.450000762939453,23.78499984741211,,31.19499969482422,36.935001373291016,51.38335418701172
2015-12-23,11.320408821105957,1.0950024127960205,24.90999984741211,,,31.8700008392334,37.95500183105469,51.91148376464844
2015-12-24,11.320408821105957,1.0909169912338257,,,,,,51.91148376464844
2015-12-25,,1.0969964265823364,,,,,,
2015-12-28,11.159775733947754,1.0965994596481323,,23.940000534057617,22.15999984741211,31.53499984741211,37.435001373291016,52.19907760620117
2015-12-29,11.345772743225098,1.0975261926651,,,,32.08000183105469,38.1349983215332,52.75468063354492
2015-12-30,11.235865592956543,1.0928006172180176,25.200000762939453,,22.43000030517578,32.04499816894531,38.08000183105469,52.5716667175293
2015-12-31,11.295045852661133,1.093398094177246,,,,,38.08000183105469,52.11410140991211
2016-01-01,,1.0859060287475586,,,,,,
2016-01-04,11.210501670837402,1.0853991508483887,24.440000534057617,23.7450008392334,21.854999542236328,31.405000686645508,37.09000015258789,51.48663330078125
2016-01-05,11.100595474243164,1.0827549695968628,,,22.170000076293945,31.899999618530273,37.57500076293945,52.48014831542969
2016-01-06,10.923053741455078,1.0751993656158447,,,,31.760000228881836,37.099998474121094,52.336341857910156
2016-01-07,10.87232780456543,1.0778998136520386,24.135000228881836,23.229999542236328,21.28499984741211,31.190000534057617,36.150001525878906,51.31668472290039
2016-01-08,10.821601867675781,1.0925976037979126,23.665000915527344,,20.825000762939453,30.760000228881836,35.36000061035156,50.63038635253906
2016-01-11,10.525697708129883,1.0941038131713867,23.579999923706055,,20.729999542236328,30.59000015258789,35.220001220703125,50.917972564697266
2016-01-12,10.458062171936035,1.0857999324798584,23.889999389648438,,20.844999313354492,30.735000610351562,35.5099983215332,50.57806396484375
2016-01-13,10.398882865905762,1.0843987464904785,23.875,,20.905000686645508,30.850000381469727,35.63999938964844,49.85253143310547
2016-01-14,10.42424488067627,1.0886012315750122,23.420000076293945,,,30.549999237060547,35.13999938964844,49.73489761352539
2016-01-15,10.204431533813477,1.085894227027893,22.885000228881836,22.125,19.950000762939453,29.96500015258789,34.19499969482422,49.3950080871582
2016-01-18,,1.0920010805130005,22.934999465942383,22.2549991607666,20.0,30.0,34.31999969482422,
2016-01-19,10.119889259338379,1.0895025730133057,23.18000030517578,,20.139999389648438,30.2549991607666,34.6150016784668,49.656463623046875
2016-01-20,10.043798446655273,1.09129798412323,22.434999465942383,,19.31999969482422,29.479999542236328,33.400001525878906,48.323036193847656
2016-01-21,10.179068565368652,1.0877013206481934,23.075000762939453,22.204999923706055,,30.020000457763672,34.334999084472656,48.591041564941406
2016-01-22,10.48342514038086,1.0862009525299072,23.53499984741211,,20.30500030517578,30.55500030517578,35.005001068115234,49.94406509399414
2016-01-25,10.255159378051758,1.079901933670044,23.510000228881836,,20.079999923706055,30.514999389648438,34.869998931884766,49.630313873291016
2016-01-26,10.458062171936035,1.0853049755096436,,,,30.704999923706055,34.974998474121094,50.66958999633789
2016-01-27,10.584878921508789,1.0864958763122559,23.489999771118164,,20.290000915527344,30.764999389648438,35.064998626708984,49.68912887573242
2016-01-28,10.703239440917969,1.090798020362854,23.270000457763672,22.31999969482422,19.979999542236328,30.364999771118164,34.529998779296875,49.31005096435547
2016-01-29,10.804693222045898,1.0936970710754395,23.825000762939453,22.93000030517578,20.434999465942383,31.19499969482422,35.3849983215332,50.32315444946289
2016-02-01,10.601786613464355,1.0825908184051514,23.985000610351562,,20.43000030517578,31.399999618530273,35.46500015258789,50.40812301635742
2016-02-02,10.415790557861328,1.0897282361984253,,22.454999923706055,20.0049991607666,31.225000381469727,35.0,49.95058822631836
2016-02-03,10.677876472473145,1.0922038555145264,23.139999389648438,22.19499969482422,19.420000076293945,30.790000915527344,34.130001068115234,50.283935546875
2016-02-04,10.660966873168945,1.1091023683547974,22.690000534057617,,,30.56999969482422,34.189998626708984,50.310096740722656
2016-02-05,10.593332290649414,1.119996428489685,22.260000228881836,21.920000076293945,,30.30500030517578,33.81999969482422,49.35578155517578
2016-02-08,10.542607307434082,1.114504098892212,21.565000534057617,21.395000457763672,,29.899999618530273,32.845001220703125,47.943939208984375
2016-02-09,10.27206802368164,1.1189812421798706,21.559999465942383,,,29.7450008392334,32.595001220703125,47.0615234375
2016-02-10,10.288975715637207,1.1289994716644287,,,,30.075000762939453,32.994998931884766,47.38835906982422
2016-02-11,10.415790557861328,1.128095269203186,,20.81999969482422,,29.225000381469727,31.799999237060547,46.715110778808594
2016-02-12,10.56796932220459,1.1317979097366333,,21.475000381469727,,29.875,32.73500061035156,47.2510871887207
2016-02-15,,1.1225990056991577,,22.059999465942383,,30.559999465942383,33.650001525878906,
2016-02-16,10.44960880279541,1.1174057722091675,22.155000686645508,21.934999465942383,19.219999313354492,30.469999313354492,33.525001525878906,48.120418548583984
2016-02-17,10.66942310333252,1.1147029399871826,,22.469999313354492,,30.895000457763672,34.38999938964844,48.53221893310547
2016-02-18,10.610241889953613,1.112297534942627,22.770000457763672,22.56999969482422,19.729999542236328,31.100000381469727,34.474998474121094,49.022422790527344
2016-02-19,10.517243385314941,1.1110987663269043,,,19.549999237060547,31.049999237060547,34.255001068115234,49.30351638793945
2016-02-22,10.677876472473145,1.1123965978622437,,22.94499969482422,,31.670000076293945,35.025001525878906,49.774105072021484
2016-02-23,10.534152030944824,1.102803349494934,,22.6299991607666,,31.43000030517578,34.654998779296875,49.64337921142578
2016-02-24,10.66942310333252,1.1027060747146606,,,19.395000457763672,31.204999923706055,33.97999954223633,49.584564208984375
2016-02-25,10.660966873168945,1.1013944149017334,,,19.825000762939453,31.690000534057617,34.654998779296875,50.59769821166992
2016-02-26,10.644060134887695,1.1024993658065796,,,,32.060001373291016,35.349998474121094,50.33623123168945
2016-02-29,10.779330253601074,1.0923947095870972,23.764999389648438,,20.28499984741211,32.17499923706055,35.51499938964844,50.14015579223633
2016-03-01,10.7877836227417,1.0888975858688354,23.959999084472656,,20.614999771118164,32.36000061035156,35.88999938964844,51.55199432373047
2016-03-02,10.846963882446289,1.0875948667526245,24.084999084472656,23.614999771118164,20.854999542236328,32.494998931884766,36.25,51.924560546875
2016-03-03,10.906145095825195,1.086897373199463,23.75,,20.81999969482422,32.125,35.994998931884766,52.19907760620117
2016-03-04,11.117504119873047,1.094894528388977,23.780000686645508,,21.065000534057617,32.244998931884766,36.279998779296875,52.20561599731445
2016-03-07,11.320408821105957,1.0993964672088623,,,,32.20500183105469,36.224998474121094,52.3428840637207
2016-03-08,11.168231010437012,1.1016006469726562,,23.329999923706055,20.690000534057617,32.005001068115234,35.810001373291016,51.806907653808594
2016-03-09,11.337318420410156,1.1004005670547485,23.5049991607666,,20.825000762939453,32.16999816894531,36.0,52.09451675415039
2016-03-10,11.320408821105957,1.0989010334014893,23.174999237060547,,20.415000915527344,31.665000915527344,35.34000015258789,51.90493392944336
2016-03-11,11.362680435180664,1.1178430318832397,23.614999771118164,,20.954999923706055,32.064998626708984,36.099998474121094,53.06842803955078
2016-03-14,11.261228561401367,1.1167943477630615,,,,32.2599983215332,36.290000915527344,53.074951171875
2016-03-15,11.168231010437012,1.1101982593536377,23.75,23.475000381469727,20.799999237060547,32.224998474121094,36.029998779296875,53.10110092163086
2016-03-16,11.362680435180664,1.1109012365341187,,,,32.25,36.16999816894531,53.741661071777344
2016-03-17,11.489497184753418,1.1218937635421753,,23.405000686645508,20.674999237060547,32.09000015258789,35.939998626708984,54.499855041503906
2016-03-18,11.481042861938477,1.1317979097366333,,23.559999465942383,20.8799991607666,32.26499938964844,36.22999954223633,54.26455307006836
2016-03-21,11.514860153198242,1.1279042959213257,23.594999313354492,23.579999923706055,20.850000381469727,32.2400016784668,36.220001220703125,53.774810791015625
2016-03-22,11.599404335021973,1.1235954761505127,,,20.979999542236328,32.36000061035156,36.38999938964844,53.774810791015625
2016-03-23,11.354227066040039,1.122296690940857,,23.670000076293945,,32.435001373291016,36.31999969482422,53.483970642089844
2016-03-24,11.286592483520508,1.118105411529541,,,20.520000457763672,32.224998474121094,35.915000915527344,53.50380325317383
2016-03-25,,1.1167943477630615,,,,,,
2016-03-28,11.320408821105957,1.1159967184066772,,,,,,53.98631286621094
2016-03-29,11.295045852661133,1.1202723979949951,23.93000030517578,23.0,20.610000610351562,32.42499923706055,36.03499984741211,55.15618133544922
2016-03-30,11.25277328491211,1.12920343875885,23.96500015258789,23.68000030517578,20.739999771118164,32.474998474121094,36.2599983215332,55.05043411254883
2016-03-31,11.235865592956543,1.1334655284881592,23.78499984741211,23.450000762939453,,32.2400016784668,36.0,55.387516021728516
2016-04-01,11.04141616821289,1.1379671096801758,23.7450008392334,,20.2549991607666,32.150001525878906,35.75,55.31481170654297
2016-04-04,10.889237403869629,1.1390039920806885,,,20.2450008392334,32.185001373291016,35.810001373291016,55.23548889160156
2016-04-05,10.863873481750488,1.1389002799987793,23.545000076293945,23.28499984741211,19.915000915527344,32.0099983215332,35.32500076293945,54.87197494506836
2016-04-06,10.982234954833984,1.138200283050537,,23.360000610351562,,32.029998779296875,35.529998779296875,55.0041618347168
2016-04-07,10.948417663574219,1.1404979228973389,,,19.875,32.025001525878906,35.33000183105469,54.66045379638672
2016-04-08,11.210501670837402,1.1373976469039917,,23.3799991607666,20.1299991607666,32.185001373291016,35.60499954223633,54.96451950073242
2016-04-11,11.295045852661133,1.1403028964996338,,,,32.20500183105469,35.65999984741211,54.852149963378906
2016-04-12,11.540223121643066,1.141291856765747,23.649999618530273,,,32.3849983215332,35.8849983215332,55.24871063232422
2016-04-13,11.599404335021973,1.138498306274414,,,21.139999389648438,32.720001220703125,36.689998626708984,55.0041618347168
2016-04-14,11.506404876708984,1.1279042959213257,24.155000686645508,24.084999084472656,21.15999984741211,32.83000183105469,36.935001373291016,54.700130462646484
2016-04-15,11.464134216308594,1.1270017623901367,24.06999969482422,24.03499984741211,,32.72999954223633,36.78499984741211,55.10990905761719
2016-04-18,11.514860153198242,1.1299946308135986,,24.065000534057617,,32.834999084472656,36.845001220703125,55.374298095703125
2016-04-19,11.76003646850586,1.1309019327163696,,,21.31999969482422,32.95000076293945,37.064998626708984,55.40076446533203
2016-04-20,11.98830509185791,1.1359634399414062,24.295000076293945,,21.56999969482422,33.095001220703125,37.31999969482422,54.46219253540039
2016-04-21,11.937578201293945,1.1305055618286133,24.229999542236328,,21.655000686645508,32.869998931884766,37.334999084472656,53.4905891418457
2016-04-22,11.886853218078613,1.12920343875885,,,,32.77000045776367,37.23500061035156,54.072235107421875
2016-04-25,11.878398895263672,1.123406171798706,,,21.53499984741211,32.68000030517578,37.064998626708984,54.52167892456055
2016-04-26,12.030576705932617,1.1269001960754395,23.969999313354492,23.959999084472656,21.5049991607666,32.68000030517578,37.099998474121094,54.73318099975586
2016-04-27,12.140482902526855,1.1299052238464355,,23.950000762939453,21.924999237060547,32.70000076293945,37.04499816894531,54.700130462646484
2016-04-28,12.20811939239502,1.132900595664978,,,21.489999771118164,32.73500061035156,37.119998931884766,54.58776092529297
2016-04-29,12.326480865478516,1.135589361190796,23.475000381469727,,20.799999237060547,32.04999923706055,36.095001220703125,54.08544158935547
2016-05-02,12.157393455505371,1.146302580833435,23.6200008392334,23.40999984741211,20.764999389648438,32.2400016784668,36.209999084472656,54.92484664916992
2016-05-03,11.971396446228027,1.1524986028671265,,,20.469999313354492,32.029998779296875,35.755001068115234,55.010765075683594
2016-05-04,11.979850769042969,1.1504037380218506,23.440000534057617,,,31.934999465942383,35.529998779296875,55.79730987548828
2016-05-05,11.861489295959473,1.1493064165115356,,,20.44499969482422,32.20500183105469,35.834999084472656,55.9559326171875
2016-05-06,11.937578201293945,1.1406019926071167,,,,32.185001373291016,35.790000915527344,56.570613861083984
2016-05-09,11.675494194030762,1.1387965679168701,23.8799991607666,23.295000076293945,,32.43000030517578,35.8849983215332,57.1919059753418
2016-05-10,11.96294116973877,1.1387965679168701,24.18000030517578,,,32.685001373291016,36.290000915527344,57.185279846191406
2016-05-11,12.241934776306152,1.1374363899230957,24.05500030517578,,20.530000686645508,32.4900016784668,36.154998779296875,55.9625358581543
2016-05-12,12.258845329284668,1.142700433731079,,23.309999465942383,20.485000610351562,32.53499984741211,36.0099983215332,56.286407470703125
2016-05-13,12.241934776306152,1.1376951932907104,24.309999465942383,23.635000228881836,20.600000381469727,32.900001525878906,36.38999938964844,55.78407669067383
2016-05-16,12.377206802368164,1.1316953897476196,,23.540000915527344,20.549999237060547,32.790000915527344,36.28499984741211,56.3128547668457
2016-05-17,12.47020435333252,1.1316057443618774,24.094999313354492,23.489999771118164,,32.6349983215332,36.26499938964844,55.268558502197266
2016-05-18,12.377206802368164,1.1316057443618774,,,20.719999313354492,32.595001220703125,36.40999984741211,54.4027099609375
2016-05-19,12.343389511108398,1.122296690940857,24.024999618530273,,20.594999313354492,32.38999938964844,36.1349983215332,53.794639587402344
2016-05-20,12.394115447998047,1.1205987930297852,24.30500030517578,,,32.61000061035156,36.56999969482422,54.224246978759766
2016-05-23,12.326480865478516,1.1221708059310913,,,20.854999542236328,32.57500076293945,36.525001525878906,54.23086166381836
2016-05-24,12.326480865478516,1.121604323387146,,,,32.90999984741211,37.09000015258789,54.90502166748047
2016-05-25,12.47020435333252,1.113796591758728,24.68000030517578,24.225000381469727,21.405000686645508,33.005001068115234,37.38999938964844,54.90502166748047
2016-05-26,12.461750030517578,1.1158970594406128,24.65999984741211,24.18000030517578,,33.060001373291016,37.375,55.010765075683594
2016-05-27,12.512476921081543,1.1192066669464111,24.850000381469727,,,33.22999954223633,37.58000183105469,55.308189392089844
2016-05-30,,1.1110000610351562,24.90999984741211,24.40999984741211,21.584999084472656,33.279998779296875,37.685001373291016,
2016-05-31,12.43638801574707,1.1148396730422974,,,21.579999923706055,33.13999938964844,37.58000183105469,55.30158996582031
2016-06-01,12.563202857971191,1.113598108291626,24.729999542236328,24.18000030517578,21.399999618530273,33.029998779296875,37.310001373291016,55.34784698486328
2016-06-02,12.588565826416016,1.1189061403274536,,,21.424999237060547,33.11000061035156,37.3849983215332,55.63206100463867
2016-06-03,12.673110008239746,1.115200161933899,24.56999969482422,23.809999465942383,21.040000915527344,32.94499969482422,36.8650016784668,55.85679626464844
2016-06-06,12.825288772583008,1.1350995302200317,24.6299991607666,24.0,,32.96500015258789,37.1150016784668,55.42717742919922
2016-06-07,12.952102661132812,1.1364023685455322,,,21.43000030517578,33.154998779296875,37.3849983215332,55.76426315307617
2016-06-08,13.171917915344238,1.1357828378677368,24.639999389648438,24.0049991607666,21.325000762939453,33.029998779296875,37.209999084472656,56.121177673339844
2016-06-09,13.146553993225098,1.140706181526184,,,21.225000381469727,33.20000076293945,37.18000030517578,56.24675369262695
2016-06-10,12.985921859741211,1.1315033435821533,24.795000076293945,23.954999923706055,20.959999084472656,33.209999084472656,36.8849983215332,55.98236846923828
2016-06-13,12.985921859741211,1.1239995956420898,24.674999237060547,23.65999984741211,,33.05500030517578,36.599998474121094,55.99559783935547
2016-06-14,12.90137767791748,1.1291015148162842,24.600000381469727,23.440000534057617,20.43000030517578,32.939998626708984,36.22999954223633,55.85019302368164
2016-06-15,12.83374309539795,1.1213024854660034,24.610000610351562,23.559999465942383,,32.9900016784668,36.42499923706055,56.37893295288086
2016-06-16,12.613929748535156,1.1262656450271606,24.735000610351562,23.520000457763672,20.5,33.220001220703125,36.345001220703125,56.69618606567383
2016-06-17,12.909832000732422,1.1252011060714722,24.40999984741211,,,32.849998474121094,36.224998474121094,56.603675842285156
2016-06-20,13.028192520141602,1.13490629196167,24.725000381469727,,,33.19499969482422,36.915000915527344,56.6829719543457
2016-06-21,12.926740646362305,1.1322976350784302,,23.924999237060547,21.135000228881836,33.39500045776367,37.064998626708984,56.8990478515625
2016-06-22,12.850651741027832,1.1250618696212769,24.834999084472656,24.0049991607666,21.19499969482422,33.39500045776367,37.20000076293945,56.812355041503906
2016-06-23,12.952102661132812,1.1328235864639282,24.764999389648438,23.9950008392334,,33.29999923706055,37.23500061035156,57.09911346435547
2016-06-24,12.690018653869629,1.1324002742767334,24.84000015258789,,20.639999389648438,33.525001525878906,36.494998931884766,56.59228515625
2016-06-27,12.664654731750488,1.103594422340393,24.6299991607666,23.135000228881836,,33.459999084472656,35.69499969482422,56.63228988647461
2016-06-28,12.867559432983398,1.1015034914016724,24.799999237060547,23.354999542236328,20.155000686645508,33.70000076293945,36.029998779296875,57.82601547241211
2016-06-29,13.053557395935059,1.1073951721191406,,23.825000762939453,,34.165000915527344,36.77000045776367,58.52626419067383
2016-06-30,12.977466583251953,1.1128050088882446,,24.024999618530273,,34.494998931884766,37.07500076293945,59.133113861083984
2016-07-01,13.138099670410156,1.1106051206588745,25.575000762939453,24.235000610351562,,34.70000076293945,37.30500030517578,59.15313720703125
2016-07-04,,1.1131023168563843,25.6200008392334,24.260000228881836,,34.83000183105469,37.30500030517578,
2016-07-05,12.766108512878418,1.1146035194396973,25.665000915527344,24.100000381469727,,34.939998626708984,37.04499816894531,59.80666732788086
2016-07-06,12.816834449768066,1.1065007448196411,25.69499969482422,24.0049991607666,20.5049991607666,34.85499954223633,36.904998779296875,59.54658889770508
2016-07-07,12.453296661376953,1.1099025011062622,25.790000915527344,24.225000381469727,,35.04499816894531,37.224998474121094,58.93307876586914
2016-07-08,12.58011245727539,1.1065741777420044,26.020000457763672,24.559999465942383,,35.28499984741211,37.72999954223633,59.88671112060547
2016-07-11,12.52938461303711,1.1043988466262817,26.204999923706055,24.719999313354492,21.3799991607666,35.46500015258789,38.14500045776367,60.28683090209961
2016-07-12,12.766108512878418,1.1058032512664795,26.145000457763672,24.799999237060547,21.690000534057617,35.3650016784668,38.349998474121094,60.28016662597656
2016-07-13,12.605474472045898,1.1062926054000854,26.059999465942383,24.71500015258789,21.579999923706055,35.17499923706055,38.224998474121094,60.61363983154297
2016-07-14,12.656201362609863,1.1094961166381836,26.100000381469727,24.860000610351562,21.774999618530273,35.310001373291016,38.48500061035156,60.073455810546875
2016-07-15,12.622384071350098,1.1106051206588745,26.125,24.834999084472656,,35.20500183105469,38.53499984741211,60.09345626831055
2016-07-18,12.563202857971191,1.1053143739700317,26.15999984741211,24.93000030517578,21.854999542236328,35.42499923706055,38.55500030517578,60.25351333618164
2016-07-19,12.487113952636719,1.1071866750717163,26.290000915527344,24.975000381469727,21.829999923706055,35.415000915527344,38.64500045776367,60.54694747924805
2016-07-20,12.402569770812988,1.1013579368591309,26.420000076293945,25.204999923706055,,35.540000915527344,38.904998779296875,60.55359649658203
2016-07-21,12.33493423461914,1.1019526720046997,26.329999923706055,25.1299991607666,21.985000610351562,35.43000030517578,38.8650016784668,60.67361831665039
2016-07-22,12.309571266174316,1.1032899618148804,26.40999984741211,25.110000610351562,22.010000228881836,35.59000015258789,38.8849983215332,61.2071647644043
2016-07-25,12.174302101135254,1.097044587135315,26.3700008392334,25.094999313354492,21.979999542236328,35.56999969482422,38.814998626708984,61.093788146972656
2016-07-26,12.123575210571289,1.0991184711456299,,25.114999771118164,21.959999084472656,35.59000015258789,38.86000061035156,60.79368591308594
2016-07-27,12.005212783813477,1.0987803936004639,26.229999542236328,25.114999771118164,21.9950008392334,35.375,38.89500045776367,60.320194244384766
2016-07-28,11.971396446228027,1.1073460578918457,25.9950008392334,24.8700008392334,,35.040000915527344,38.5,60.880374908447266
2016-07-29,12.072848320007324,1.108438491821289,26.030000686645508,24.825000762939453,,35.154998779296875,38.540000915527344,61.65394592285156
2016-08-01,11.861489295959473,1.1168068647384644,26.010000228881836,24.84000015258789,21.735000610351562,35.19499969482422,38.53499984741211,61.787353515625
2016-08-02,11.844581604003906,1.1168068647384644,25.7549991607666,24.53499984741211,21.290000915527344,34.8849983215332,37.970001220703125,60.80036163330078
2016-08-03,12.039031982421875,1.1219062805175781,25.81999969482422,24.625,21.395000457763672,34.814998626708984,38.125,60.44690704345703
2016-08-04,12.089757919311523,1.1151504516601562,,,,34.92499923706055,38.41999816894531,60.200130462646484
2016-08-05,12.140482902526855,1.1134741306304932,26.06999969482422,25.049999237060547,22.0,35.099998474121094,38.8650016784668,60.240169525146484
2016-08-08,12.20811939239502,1.1089547872543335,,25.03499984741211,22.114999771118164,35.06999969482422,38.935001373291016,60.346885681152344
2016-08-09,12.174302101135254,1.1083648204803467,26.065000534057617,25.045000076293945,22.239999771118164,35.10499954223633,39.04499816894531,60.67361831665039
2016-08-10,12.030576705932617,1.111580491065979,25.8799991607666,24.850000381469727,22.06999969482422,34.970001220703125,38.755001068115234,60.60694885253906
2016-08-11,12.216573715209961,1.1186434030532837,26.030000686645508,24.975000381469727,,35.07500076293945,39.005001068115234,59.920066833496094
2016-08-12,12.309571266174316,1.113908290863037,26.059999465942383,24.959999084472656,,35.14500045776367,38.95000076293945,60.17347717285156
2016-08-15,12.512476921081543,1.1166945695877075,,,,,,60.11345672607422
2016-08-16,12.613929748535156,1.1184055805206299,25.68000030517578,24.770000457763672,21.979999542236328,34.60499954223633,38.619998931884766,59.39320373535156
2016-08-17,12.664654731750488,1.1275991201400757,25.489999771118164,24.614999771118164,,34.31999969482422,38.375,59.633296966552734
2016-08-18,12.825288772583008,1.1298924684524536,25.579999923706055,24.635000228881836,21.934999465942383,34.375,38.45000076293945,59.41322708129883
2016-08-19,12.783015251159668,1.1349449157714844,25.485000610351562,24.604999542236328,,34.220001220703125,38.369998931884766,59.033103942871094
2016-08-22,12.664654731750488,1.1298158168792725,25.454999923706055,,,34.224998474121094,38.310001373291016,59.35319137573242
2016-08-23,12.715380668640137,1.1319260597229004,,24.780000686645508,,34.375,38.595001220703125,59.38654708862305
2016-08-24,12.563202857971191,1.1300839185714722,,24.864999771118164,,34.404998779296875,38.720001220703125,59.126468658447266
2016-08-25,12.613929748535156,1.1263798475265503,25.459999084472656,24.799999237060547,22.0049991607666,34.29499816894531,38.505001068115234,59.39320373535156
2016-08-26,12.571657180786133,1.1290504932403564,25.59000015258789,24.864999771118164,,34.375,38.69499969482422,58.80635070800781
2016-08-29,12.5209321975708,1.1199462413787842,25.614999771118164,,,34.42499923706055,38.79499816894531,59.38654708862305
2016-08-30,12.402569770812988,1.1192818880081177,25.565000534057617,24.934999465942383,22.299999237060547,34.279998779296875,38.84000015258789,59.273170471191406
2016-08-31,12.165846824645996,1.1153244972229004,25.395000457763672,24.799999237060547,22.235000610351562,34.20500183105469,38.720001220703125,59.33321762084961
2016-09-01,12.030576705932617,1.116071343421936,25.299999237060547,24.700000762939453,22.21500015258789,34.07500076293945,38.53499984741211,59.18648147583008
2016-09-02,12.165846824645996,1.1200717687606812,25.704999923706055,,22.565000534057617,34.439998626708984,39.099998474121094,59.69999694824219
2016-09-05,,1.1161960363388062,,25.06999969482422,22.559999465942383,34.54499816894531,39.125,
2016-09-06,12.25039005279541,1.1153244972229004,,24.905000686645508,22.424999237060547,34.459999084472656,38.935001373291016,60.16013717651367
2016-09-07,12.360297203063965,1.1253657341003418,25.639999389648438,24.90999984741211,22.540000915527344,34.44499969482422,38.970001220703125,60.520263671875
2016-09-08,12.58011245727539,1.1241008043289185,25.579999923706055,24.795000076293945,22.485000610351562,34.36000061035156,38.85499954223633,59.78001022338867
2016-09-09,12.385660171508789,1.1271415948867798,,24.645000457763672,22.344999313354492,33.900001525878906,38.51499938964844,57.41254425048828
2016-09-12,12.385660171508789,1.1241133213043213,,24.344999313354492,22.1200008392334,33.599998474121094,38.13999938964844,58.092777252197266
2016-09-13,12.22502613067627,1.1243535280227661,24.844999313354492,24.225000381469727,21.889999389648438,33.45500183105469,37.810001373291016,56.63428497314453
2016-09-14,12.132028579711914,1.12186861038208,24.790000915527344,24.264999389648438,21.829999923706055,33.3650016784668,37.84000015258789,56.81560516357422
2016-09-15,12.191210746765137,1.1247328519821167,24.979999542236328,24.450000762939453,21.954999923706055,33.584999084472656,38.09000015258789,57.03048324584961
2016-09-16,12.20811939239502,1.124593734741211,25.0049991607666,24.46500015258789,21.915000915527344,33.63999938964844,38.08000183105469,57.05733871459961
2016-09-19,12.199664115905762,1.1158473491668701,,24.604999542236328,22.06999969482422,33.810001373291016,38.35499954223633,57.57437515258789
2016-09-20,12.241934776306152,1.118067979812622,25.200000762939453,,,33.935001373291016,38.369998931884766,57.48710632324219
2016-09-21,12.394115447998047,1.1153992414474487,,24.684999465942383,22.350000381469727,34.09000015258789,38.54999923706055,58.22573471069336
2016-09-22,12.461750030517578,1.1193194389343262,,24.854999542236328,22.53499984741211,34.310001373291016,38.900001525878906,59.266571044921875
2016-09-23,12.318026542663574,1.1210134029388428,,24.764999389648438,,34.255001068115234,38.810001373291016,59.447872161865234
2016-09-26,12.402569770812988,1.123923897743225,25.209999084472656,24.459999084472656,22.040000915527344,33.92499923706055,38.22999954223633,59.588890075683594
2016-09-27,12.284209251403809,1.124985933303833,25.31999969482422,24.614999771118164,22.149999618530273,34.244998931884766,38.5,58.95766830444336
2016-09-28,12.571657180786133,1.121956706047058,,24.69499969482422,,34.154998779296875,38.57500076293945,59.441162109375
2016-09-29,12.647747039794922,1.1224982738494873,25.450000762939453,24.674999237060547,,34.029998779296875,38.63999938964844,58.6487922668457
2016-09-30,12.690018653869629,1.121956706047058,,,,33.97999954223633,38.685001373291016,58.24589920043945
2016-10-03,12.799925804138184,1.1234692335128784,25.3700008392334,24.684999465942383,22.21500015258789,33.875,38.630001068115234,57.15806198120117
2016-10-04,12.766108512878418,1.121038556098938,25.40999984741211,24.81999969482422,22.440000534057617,33.79999923706055,38.8650016784668,56.379112243652344
2016-10-05,12.842195510864258,1.121076226234436,25.110000610351562,24.684999465942383,22.450000762939453,33.40999984741211,38.71500015258789,55.237545013427734
2016-10-06,12.867559432983398,1.120824933052063,25.09000015258789,24.665000915527344,22.420000076293945,33.38999938964844,38.68000030517578,55.2577018737793
2016-10-07,12.83374309539795,1.1144545078277588,,24.665000915527344,22.350000381469727,33.35499954223633,38.564998626708984,55.1637077331543
2016-10-10,12.977466583251953,1.1196954250335693,25.235000610351562,24.760000228881836,,33.55500030517578,38.84000015258789,55.50617218017578
2016-10-11,12.90137767791748,1.1140819787979126,,24.6200008392334,22.43000030517578,33.44499969482422,38.6349983215332,54.968963623046875
2016-10-12,12.808379173278809,1.1061947345733643,25.235000610351562,24.729999542236328,,33.630001068115234,38.7400016784668,55.60016632080078
2016-10-13,12.892922401428223,1.1011881828308105,,24.5,22.184999465942383,33.564998626708984,38.40999984741211,56.036643981933594
2016-10-14,12.90137767791748,1.1049723625183105,25.420000076293945,24.80500030517578,22.479999542236328,33.82500076293945,38.85499954223633,55.78820037841797
2016-10-17,12.918286323547363,1.0967799425125122,25.274999618530273,24.600000381469727,22.344999313354492,33.689998626708984,38.650001525878906,55.909061431884766
2016-10-18,12.94365119934082,1.1015641689300537,,24.834999084472656,22.584999084472656,33.8849983215332,39.005001068115234,56.26496505737305
2016-10-19,13.028192520141602,1.0976948738098145,25.579999923706055,,,33.9900016784668,39.185001373291016,56.385841369628906
2016-10-20,12.909832000732422,1.0975141525268555,25.510000228881836,24.885000228881836,,33.92499923706055,39.18000030517578,56.25824737548828
2016-10-21,12.960558891296387,1.0930395126342773,25.514999389648438,24.940000534057617,22.889999389648438,34.005001068115234,39.33000183105469,56.05009078979492
2016-10-24,12.969012260437012,1.0882576704025269,25.565000534057617,25.024999618530273,23.040000915527344,34.025001525878906,39.48500061035156,56.17768859863281
2016-10-25,12.909832000732422,1.0875475406646729,25.520000457763672,,,33.98500061035156,39.3650016784668,56.07695007324219
2016-10-26,12.825288772583008,1.0887316465377808,,24.854999542236328,22.93000030517578,33.8849983215332,39.27000045776367,55.34500503540039
2016-10-27,12.90137767791748,1.091202735900879,,24.770000457763672,22.934999465942383,33.66999816894531,39.16999816894531,53.89457702636719
2016-10-28,12.816834449768066,1.0900371074676514,,24.704999923706055,22.920000076293945,33.60499954223633,39.084999084472656,54.02213668823242
2016-10-31,12.647747039794922,1.0984665155410767,,24.59000015258789,22.834999084472656,33.64500045776367,38.90999984741211,54.901824951171875
2016-11-01,12.706927299499512,1.0973334312438965,24.94499969482422,,,33.2400016784668,38.314998626708984,53.7065544128418
2016-11-02,12.55474853515625,1.1057054996490479,,24.049999237060547,22.344999313354492,33.07500076293945,37.935001373291016,52.92089080810547
2016-11-03,12.512476921081543,1.1097548007965088,,24.010000228881836,22.375,33.07500076293945,37.88999938964844,52.51127243041992
2016-11-04,12.427933692932129,1.1102476119995117,,23.915000915527344,22.200000762939453,32.869998931884766,37.724998474121094,52.9276237487793
2016-11-07,12.478658676147461,1.1101243495941162,24.969999313354492,24.334999084472656,,33.25,38.40999984741211,53.85425567626953
2016-11-08,12.461750030517578,1.1052166223526,25.18000030517578,,,33.404998779296875,38.55500030517578,54.136295318603516
2016-11-09,12.5209321975708,1.1019041538238525,,24.815000534057617,22.940000534057617,33.70000076293945,39.11000061035156,53.317081451416016
2016-11-10,12.419477462768555,1.0920606851577759,25.309999465942383,24.975000381469727,23.270000457763672,33.59000015258789,39.400001525878906,52.42396926879883
2016-11-11,12.182755470275879,1.0889687538146973,25.165000915527344,24.834999084472656,23.2450008392334,33.46500015258789,39.29499816894531,52.73958969116211
2016-11-14,12.157393455505371,1.0824854373931885,,25.065000534057617,23.674999237060547,33.69499969482422,39.779998779296875,53.98857879638672
2016-11-15,12.427933692932129,1.0750375986099243,25.5049991607666,25.139999389648438,,33.78499984741211,39.90999984741211,53.53864669799805
2016-11-16,12.27575397491455,1.0727311372756958,,25.290000915527344,23.899999618530273,33.974998474121094,40.119998931884766,53.384212493896484
2016-11-17,12.301117897033691,1.0706638097763062,25.850000381469727,25.434999465942383,24.395000457763672,34.189998626708984,40.349998474121094,52.840309143066406
2016-11-18,12.402569770812988,1.062304139137268,25.93000030517578,25.55500030517578,24.399999618530273,34.224998474121094,40.48500061035156,52.99475860595703
2016-11-21,12.749197959899902,1.0584250688552856,,25.59000015258789,24.0049991607666,34.23500061035156,40.58000183105469,52.83359146118164
2016-11-22,12.732290267944336,1.0638864040374756,26.155000686645508,25.674999237060547,24.545000076293945,34.26499938964844,40.67499923706055,53.76027297973633
2016-11-23,12.783015251159668,1.0633772611618042,26.344999313354492,25.795000076293945,24.110000610351562,34.43000030517578,40.834999084472656,53.531951904296875
2016-11-24,,1.0545185804367065,26.364999771118164,25.825000762939453,24.225000381469727,34.369998931884766,40.939998626708984,
2016-11-25,12.690018653869629,1.0561892986297607,26.385000228881836,25.850000381469727,24.184999465942383,34.439998626708984,40.90999984741211,53.84083938598633
2016-11-28,12.732290267944336,1.0612331628799438,26.395000457763672,25.809999465942383,24.145000457763672,34.540000915527344,40.845001220703125,54.089298248291016
2016-11-29,12.478658676147461,1.062134861946106,26.3700008392334,25.770000457763672,24.15999984741211,34.584999084472656,40.810001373291016,54.60634994506836
2016-11-30,12.859105110168457,1.0648492574691772,26.440000534057617,25.885000228881836,24.610000610351562,34.584999084472656,40.9900016784668,53.981849670410156
2016-12-01,13.095829010009766,1.0592098236083984,25.43000030517578,,24.610000610351562,33.935001373291016,40.61000061035156,53.18951416015625
2016-12-02,13.188827514648438,1.0663141012191772,25.975000381469727,25.489999771118164,24.094999313354492,33.95500183105469,40.720001220703125,53.719966888427734
2016-12-05,13.256461143493652,1.0582010746002197,,25.475000381469727,24.1299991607666,33.755001068115234,40.5099983215332,54.11616516113281
2016-12-06,13.197279930114746,1.0757315158843994,,25.459999084472656,24.274999618530273,33.80500030517578,40.56999969482422,54.46534729003906
2016-12-07,13.095829010009766,1.0720411539077759,26.075000762939453,25.5,24.514999389648438,33.834999084472656,40.77000045776367,55.55316925048828
2016-12-08,13.12119197845459,1.0761945247650146,,26.014999389648438,25.024999618530273,34.459999084472656,41.66999816894531,55.935916900634766
2016-12-09,13.188827514648438,1.062134861946106,26.770000457763672,26.274999618530273,25.184999465942383,34.83000183105469,42.11000061035156,55.875492095947266
2016-12-12,13.273370742797852,1.0547411441802979,26.645000457763672,26.170000076293945,25.094999313354492,34.849998474121094,41.970001220703125,56.24481201171875
2016-12-13,13.307188034057617,1.0641694068908691,26.774999618530273,26.329999923706055,25.1299991607666,34.96500015258789,42.05500030517578,56.217952728271484
2016-12-14,13.180374145507812,1.062925100326538,,26.25,25.049999237060547,34.900001525878906,41.96500015258789,54.98910903930664
2016-12-15,13.163463592529297,1.051414132118225,27.135000228881836,26.709999084472656,25.5,35.38999938964844,42.75,54.66679382324219
2016-12-16,13.222644805908203,1.0418837070465088,26.93000030517578,26.514999389648438,25.354999542236328,35.31999969482422,42.53499984741211,55.48602294921875
2016-12-19,13.146553993225098,1.0449975728988647,27.03499984741211,26.65999984741211,25.354999542236328,35.494998931884766,42.52000045776367,56.08365249633789
2016-12-20,13.205735206604004,1.0405826568603516,27.2549991607666,26.78499984741211,25.540000915527344,35.70500183105469,42.834999084472656,56.21123504638672
2016-12-21,13.129646301269531,1.039047360420227,27.114999771118164,26.665000915527344,25.375,35.59000015258789,42.654998779296875,55.358436584472656
2016-12-22,13.112737655639648,1.0428615808486938,26.989999771118164,26.5049991607666,25.28499984741211,35.375,42.400001525878906,55.265869140625
2016-12-23,13.138099670410156,1.0437650680541992,26.9950008392334,26.53499984741211,25.290000915527344,35.4900016784668,42.45500183105469,55.40985870361328
2016-12-26,,1.045478343963623,,,,,,
2016-12-27,13.341005325317383,1.0456969738006592,,26.594999313354492,25.235000610351562,35.5,42.54499816894531,55.52639389038086
2016-12-28,13.34946060180664,1.046233057975769,27.2450008392334,26.665000915527344,25.34000015258789,35.66999816894531,42.689998626708984,55.190452575683594
2016-12-29,13.366369247436523,1.0416991710662842,26.934999465942383,,24.94499969482422,35.435001373291016,42.185001373291016,55.87604904174805
2016-12-30,13.391731262207031,1.0575296878814697,26.790000915527344,,24.899999618530273,35.21500015258789,41.959999084472656,56.582218170166016
2017-01-02,,1.052698016166687,27.09000015258789,,25.110000610351562,35.57500076293945,42.459999084472656,
2017-01-03,13.231098175048828,1.0460032224655151,27.114999771118164,26.610000610351562,25.334999084472656,35.619998931884766,42.63999938964844,56.767337799072266
2017-01-04,13.332551956176758,1.0419923067092896,,,25.524999618530273,35.724998474121094,42.72999954223633,57.596923828125
2017-01-05,13.400186538696289,1.0500892400741577,,26.440000534057617,25.350000381469727,35.52000045776367,42.439998626708984,57.782005310058594
2017-01-06,13.383277893066406,1.0605915784835815,27.059999465942383,,25.34000015258789,35.59000015258789,42.619998931884766,57.78886795043945
2017-01-09,13.180374145507812,1.0531858205795288,,26.530000686645508,25.299999237060547,35.505001068115234,42.58000183105469,57.267822265625
2017-01-10,13.12119197845459,1.0588620901107788,27.110000610351562,26.514999389648438,25.344999313354492,35.4900016784668,42.54999923706055,56.781044006347656
2017-01-11,13.264915466308594,1.0552419424057007,27.280000686645508,26.59000015258789,25.510000228881836,35.7599983215332,42.71500015258789,56.43138885498047
2017-01-12,13.459366798400879,1.0597710609436035,26.895000457763672,26.145000457763672,25.065000534057617,35.130001068115234,42.119998931884766,56.719337463378906
2017-01-13,13.434003829956055,1.0616837739944458,27.18000030517578,26.415000915527344,25.350000381469727,35.39500045776367,42.619998931884766,56.6370849609375
2017-01-16,,1.0628687143325806,27.165000915527344,26.360000610351562,25.219999313354492,35.43000030517578,42.4900016784668,
2017-01-17,13.42555046081543,1.0602991580963135,26.950000762939453,26.170000076293945,24.889999389648438,35.189998626708984,42.1150016784668,57.07585144042969
2017-01-18,13.307188034057617,1.0696789026260376,27.040000915527344,26.219999313354492,25.065000534057617,35.275001525878906,42.185001373291016,57.171817779541016
2017-01-19,13.264915466308594,1.062778353691101,27.170000076293945,26.34000015258789,25.135000228881836,35.2599983215332,42.30500030517578,56.589073181152344
2017-01-20,13.417094230651855,1.0659730434417725,27.065000534057617,26.204999923706055,25.145000457763672,35.185001373291016,42.23500061035156,57.000431060791016
2017-01-23,13.417094230651855,1.0713750123977661,26.864999771118164,26.024999618530273,24.885000228881836,34.94499969482422,41.845001220703125,57.48036575317383
2017-01-24,13.450911521911621,1.0760787725448608,,26.024999618530273,24.9950008392334,34.94499969482422,41.98500061035156,57.49406814575195
2017-01-25,13.366369247436523,1.0728693008422852,,26.329999923706055,25.309999465942383,35.185001373291016,42.53499984741211,57.11698532104492
2017-01-26,13.42555046081543,1.0751993656158447,,26.454999923706055,25.489999771118164,35.334999084472656,42.78499984741211,57.00728988647461
2017-01-27,13.315642356872559,1.068296194076538,27.450000762939453,26.399999618530273,25.309999465942383,35.22999954223633,42.61000061035156,56.45195388793945
2017-01-30,13.239553451538086,1.0713980197906494,27.209999084472656,26.19499969482422,25.040000915527344,35.125,42.18000030517578,56.068031311035156
2017-01-31,13.315642356872559,1.0708587169647217,27.0,25.94499969482422,24.7450008392334,34.900001525878906,41.81999969482422,56.472530364990234
2017-02-01,13.459366798400879,1.0803803205490112,27.110000610351562,26.094999313354492,25.15999984741211,34.95500183105469,42.11000061035156,55.79377365112305
2017-02-02,13.459366798400879,1.0767391920089722,27.174999237060547,25.989999771118164,24.934999465942383,34.9900016784668,42.02000045776367,56.45882034301758
2017-02-03,13.450911521911621,1.0761713981628418,,26.18000030517578,25.1200008392334,35.2400016784668,42.33000183105469,56.767337799072266
2017-02-06,13.366369247436523,1.0782949924468994,,26.2450008392334,25.084999084472656,35.30500030517578,42.369998931884766,56.671363830566406
2017-02-07,13.307188034057617,1.0743216276168823,27.40999984741211,26.375,25.155000686645508,35.4900016784668,42.525001525878906,56.472530364990234
2017-02-08,13.357914924621582,1.0678056478500366,27.459999084472656,26.395000457763672,25.079999923706055,35.56999969482422,42.525001525878906,56.918155670166016
2017-02-09,13.42555046081543,1.0692213773727417,27.670000076293945,26.665000915527344,25.170000076293945,35.80500030517578,42.900001525878906,57.055301666259766
2017-02-10,13.5692720413208,1.0658594369888306,27.81999969482422,26.799999237060547,25.8799991607666,36.095001220703125,43.119998931884766,57.459781646728516
2017-02-13,13.417094230651855,1.061954379081726,,27.0049991607666,25.6299991607666,36.18000030517578,43.5,57.48036575317383
2017-02-14,13.434003829956055,1.059849739074707,,27.030000686645508,25.635000228881836,36.11000061035156,43.540000915527344,57.17869567871094
2017-02-15,13.450911521911621,1.0578316450119019,28.09000015258789,27.165000915527344,25.84000015258789,36.189998626708984,43.76499938964844,56.98673629760742
2017-02-16,13.366369247436523,1.0607378482818604,27.934999465942383,27.020000457763672,25.68000030517578,36.04999923706055,43.474998474121094,57.322654724121094
2017-02-17,13.341005325317383,1.0672245025634766,28.010000228881836,27.170000076293945,25.665000915527344,36.275001525878906,43.56999969482422,57.43234634399414
2017-02-20,,1.062665343284607,28.170000076293945,27.270000457763672,25.799999237060547,36.3849983215332,43.814998626708984,
2017-02-21,13.3240966796875,1.0609403848648071,28.459999084472656,27.4950008392334,26.03499984741211,36.73500061035156,44.185001373291016,58.165950775146484
2017-02-22,13.256461143493652,1.0542073249816895,28.43000030517578,27.53499984741211,26.065000534057617,36.77000045776367,44.20000076293945,57.9739875793457
2017-02-23,13.298733711242676,1.0554089546203613,28.315000534057617,27.434999465942383,26.0049991607666,36.80500030517578,44.029998779296875,58.275638580322266
2017-02-24,13.273370742797852,1.0584474802017212,28.28499984741211,27.46500015258789,26.34000015258789,36.900001525878906,43.94499969482422,58.54987716674805
2017-02-27,13.239553451538086,1.055275321006775,,27.420000076293945,25.725000381469727,36.810001373291016,43.845001220703125,58.858402252197266
2017-02-28,13.290279388427734,1.0584250688552856,28.165000915527344,27.375,25.770000457763672,36.814998626708984,43.880001068115234,58.453887939453125
2017-03-01,13.34946060180664,1.0569148063659668,28.549999237060547,27.84000015258789,26.235000610351562,37.1349983215332,44.505001068115234,58.275638580322266
2017-03-02,13.138099670410156,1.0535852909088135,28.610000610351562,27.93000030517578,26.15999984741211,37.150001525878906,44.4900016784668,57.96028518676758
2017-03-03,13.205735206604004,1.0509721040725708,28.440000534057617,27.7549991607666,26.09000015258789,36.904998779296875,44.29499816894531,57.734031677246094
2017-03-06,13.188827514648438,1.062044620513916,,27.639999389648438,25.895000457763672,36.76499938964844,44.01499938964844,57.47349166870117
2017-03-07,13.129646301269531,1.0579211711883545,28.344999313354492,27.604999542236328,25.809999465942383,36.744998931884766,44.060001373291016,57.19926071166992
2017-03-08,12.83374309539795,1.0570154190063477,,27.68000030517578,25.93000030517578,36.76499938964844,44.16999816894531,56.14345169067383
2017-03-09,12.723835945129395,1.0547411441802979,28.299999237060547,27.575000762939453,25.709999084472656,36.68000030517578,44.0,55.300167083740234
2017-03-10,12.605474472045898,1.0578428506851196,28.170000076293945,27.450000762939453,25.7450008392334,36.505001068115234,43.814998626708984,55.12875747680664
2017-03-13,12.588565826416016,1.0690041780471802,28.30500030517578,27.479999542236328,25.795000076293945,36.6150016784668,43.89500045776367,55.265869140625
2017-03-14,12.537840843200684,1.0651443004608154,28.229999542236328,27.485000610351562,25.690000534057617,36.61000061035156,43.80500030517578,55.25216293334961
2017-03-15,12.647747039794922,1.0612443685531616,28.420000076293945,27.610000610351562,25.729999542236328,36.779998779296875,44.07500076293945,56.369667053222656
2017-03-16,12.630838394165039,1.0737909078598022,28.405000686645508,27.545000076293945,25.809999465942383,36.63999938964844,43.974998474121094,56.259986877441406
2017-03-17,12.673110008239746,1.077470064163208,28.440000534057617,27.55500030517578,25.764999389648438,36.709999084472656,43.94499969482422,56.52052688598633
2017-03-20,12.664654731750488,1.0742985010147095,28.415000915527344,27.549999237060547,25.649999618530273,36.68000030517578,43.86000061035156,56.472530364990234
2017-03-21,12.597020149230957,1.073767900466919,28.1299991607666,27.28499984741211,25.3700008392334,36.349998474121094,43.34000015258789,56.22571563720703
2017-03-22,12.588565826416016,1.081244707107544,,,25.260000228881836,36.369998931884766,43.17499923706055,56.194637298583984
2017-03-23,12.563202857971191,1.0790164470672607,,27.3700008392334,25.454999923706055,36.61000061035156,43.5,56.60898971557617
2017-03-24,12.605474472045898,1.0783880949020386,28.200000762939453,,25.389999389648438,36.4900016784668,43.375,56.54683303833008
2017-03-27,12.588565826416016,1.0849517583847046,,26.979999542236328,25.079999923706055,36.10499954223633,42.904998779296875,56.03579330444336
2017-03-28,12.664654731750488,1.0860947370529175,28.05500030517578,27.165000915527344,25.399999618530273,36.224998474121094,43.27000045776367,56.277496337890625
2017-03-29,12.783015251159668,1.0817711353302002,28.375,27.420000076293945,25.639999389648438,36.56999969482422,43.7400016784668,56.59518051147461
2017-03-30,12.83374309539795,1.0759629011154175,,27.56999969482422,25.780000686645508,36.66999816894531,44.005001068115234,56.69879150390625
2017-03-31,12.859105110168457,1.0687072277069092,28.635000228881836,27.635000228881836,25.760000228881836,36.724998474121094,44.08000183105469,57.03717041015625
2017-04-03,12.808379173278809,1.0668829679489136,28.56999969482422,27.545000076293945,25.6200008392334,36.790000915527344,43.915000915527344,57.20293045043945
2017-04-04,12.935195922851562,1.067008137702942,,27.584999084472656,25.6200008392334,36.82500076293945,43.98500061035156,57.20293045043945
2017-04-05,12.960558891296387,1.0680338144302368,28.780000686645508,27.69499969482422,25.674999237060547,36.94499969482422,44.15999984741211,57.285797119140625
2017-04-06,12.994375228881836,1.0672472715377808,,27.670000076293945,25.584999084472656,36.8650016784668,44.064998626708984,57.589656829833984
2017-04-07,13.028192520141602,1.0644639730453491,,27.739999771118164,25.655000686645508,36.9900016784668,44.150001525878906,57.67251968383789
2017-04-10,13.129646301269531,1.0582010746002197,,27.829999923706055,25.665000915527344,37.0,44.220001220703125,58.031646728515625
2017-04-11,13.155009269714355,1.0597598552703857,28.7450008392334,27.65999984741211,26.049999237060547,36.880001068115234,43.95000076293945,58.43220520019531
2017-04-12,13.155009269714355,1.0611318349838257,,27.75,25.520000457763672,37.060001373291016,44.07500076293945,58.32859420776367
2017-04-13,13.197279930114746,1.0670650005340576,28.725000381469727,27.709999084472656,25.375,36.994998931884766,43.959999084472656,58.197391510009766
2017-04-14,,1.0616387128829956,,,,,,
2017-04-17,13.12119197845459,1.0610530376434326,,,,,,58.90182113647461
2017-04-18,13.070466995239258,1.0644525289535522,28.514999389648438,27.479999542236328,25.03499984741211,36.81999969482422,43.61000061035156,59.06066131591797
2017-04-19,12.842195510864258,1.0728693008422852,28.514999389648438,27.475000381469727,25.209999084472656,36.79999923706055,43.64500045776367,58.977783203125
2017-04-20,12.791471481323242,1.0715012550354004,28.364999771118164,27.420000076293945,25.084999084472656,36.58000183105469,43.48500061035156,58.98469543457031
2017-04-21,12.664654731750488,1.0714898109436035,28.614999771118164,27.600000381469727,25.334999084472656,36.84000015258789,43.77000045776367,58.77059555053711
2017-04-24,12.622384071350098,1.087393879890442,,27.479999542236328,25.389999389648438,36.5099983215332,43.73500061035156,58.12140655517578
2017-04-25,12.681563377380371,1.0864840745925903,,,25.3700008392334,36.35499954223633,43.75,58.36314392089844
2017-04-26,12.613929748535156,1.0928245782852173,28.670000076293945,27.665000915527344,25.635000228881836,36.58000183105469,44.095001220703125,57.92806625366211
2017-04-27,12.546295166015625,1.090893268585205,,27.610000610351562,25.524999618530273,36.525001525878906,43.904998779296875,57.77614212036133
2017-04-28,12.512476921081543,1.0864251852035522,28.579999923706055,27.514999389648438,25.434999465942383,36.3650016784668,43.814998626708984,57.17530059814453
2017-05-01,12.537840843200684,1.0907504558563232,,,,,,57.51367950439453
2017-05-02,12.402569770812988,1.090893268585205,28.639999389648438,27.600000381469727,25.420000076293945,36.29999923706055,43.904998779296875,57.41698455810547
2017-05-03,12.351841926574707,1.0935654640197754,28.520000457763672,27.575000762939453,25.295000076293945,36.21500015258789,43.79999923706055,56.650428771972656
2017-05-04,12.055939674377441,1.0888975858688354,,27.559999465942383,25.46500015258789,36.27000045776367,43.845001220703125,56.374210357666016
2017-05-05,12.22502613067627,1.098152995109558,28.5,27.530000686645508,25.5,36.26499938964844,43.81999969482422,56.90594482421875
2017-05-08,12.174302101135254,1.0965152978897095,28.65999984741211,27.690000534057617,25.520000457763672,36.470001220703125,44.07500076293945,56.505401611328125
2017-05-09,12.115118980407715,1.0927767753601074,28.854999542236328,27.8700008392334,25.690000534057617,36.584999084472656,44.290000915527344,56.2015380859375
2017-05-10,12.309571266174316,1.0886842012405396,29.010000228881836,27.8799991607666,25.704999923706055,36.6150016784668,44.36000061035156,56.64353942871094
2017-05-11,12.360297203063965,1.087074637413025,28.93000030517578,27.780000686645508,25.625,36.52000045776367,44.15999984741211,56.36039733886719
2017-05-12,12.360297203063965,1.0864958763122559,28.954999923706055,27.709999084472656,25.520000457763672,36.5,44.07500076293945,56.13247299194336
2017-05-15,12.427933692932129,1.0927289724349976,28.915000915527344,27.719999313354492,25.489999771118164,36.474998474121094,44.1150016784668,56.2982292175293
2017-05-16,12.444841384887695,1.0981770753860474,28.829999923706055,27.530000686645508,25.295000076293945,36.20000076293945,43.85499954223633,55.91841506958008
2017-05-17,12.52938461303711,1.1093976497650146,,27.145000457763672,25.0,35.86000061035156,43.14500045776367,56.14629364013672
2017-05-18,12.495567321777344,1.115635633468628,28.395000457763672,27.114999771118164,24.844999313354492,35.959999084472656,43.099998474121094,56.45704650878906
2017-05-19,12.740744590759277,1.1113580465316772,,27.1200008392334,24.979999542236328,35.875,43.185001373291016,56.76092529296875
2017-05-22,12.825288772583008,1.120485782623291,28.5,27.145000457763672,24.969999313354492,35.77000045776367,43.18000030517578,56.98193359375
2017-05-23,12.783015251159668,1.123885989189148,28.549999237060547,27.200000762939453,24.954999923706055,35.8849983215332,43.30500030517578,57.0302734375
2017-05-24,12.757652282714844,1.11793053150177,,27.295000076293945,24.989999771118164,36.03499984741211,43.459999084472656,57.49296951293945
2017-05-25,12.478658676147461,1.1230907440185547,,,25.030000686645508,36.13999938964844,43.53499984741211,57.499874114990234
2017-05-26,12.571657180786133,1.121076226234436,28.885000228881836,27.43000030517578,25.059999465942383,36.27000045776367,43.595001220703125,57.08552169799805
2017-05-29,,1.1176055669784546,,27.450000762939453,25.049999237060547,36.279998779296875,43.599998474121094,
2017-05-30,12.47020435333252,1.1129041910171509,,27.420000076293945,24.96500015258789,36.27000045776367,43.54999923706055,56.72639846801758
2017-05-31,12.33493423461914,1.117168664932251,28.825000762939453,,24.854999542236328,36.27000045776367,43.34000015258789,56.76092529296875
2017-06-01,12.25039005279541,1.1243535280227661,28.979999542236328,27.46500015258789,24.934999465942383,36.415000915527344,43.584999084472656,57.05788803100586
2017-06-02,12.191210746765137,1.1215791702270508,,27.5,25.084999084472656,36.47999954223633,43.68000030517578,57.64491653442383
2017-06-05,12.123575210571289,1.128082513809204,,27.55500030517578,25.104999542236328,36.51499938964844,43.75,57.39628982543945
2017-06-06,12.20811939239502,1.1256824731826782,,27.440000534057617,24.94499969482422,36.46500015258789,43.59000015258789,57.12003707885742
2017-06-07,12.039031982421875,1.1271415948867798,29.145000457763672,27.469999313354492,25.09000015258789,36.45500183105469,43.630001068115234,57.520606994628906
2017-06-08,12.039031982421875,1.125517725944519,,27.540000915527344,25.114999771118164,36.40999984741211,43.7599983215332,57.382469177246094
2017-06-09,12.10666561126709,1.1184805631637573,29.56999969482422,27.649999618530273,25.295000076293945,36.47999954223633,44.025001525878906,57.78303146362305
2017-06-12,11.996758460998535,1.1201971769332886,28.9950008392334,27.46500015258789,25.235000610351562,36.334999084472656,43.69499969482422,58.30097198486328
2017-06-13,12.0474853515625,1.1196202039718628,29.145000457763672,27.575000762939453,25.325000762939453,36.470001220703125,43.8650016784668,58.43220520019531
2017-06-14,11.836126327514648,1.1208877563476562,29.040000915527344,27.5,25.030000686645508,36.41999816894531,43.70000076293945,58.51507568359375
2017-06-15,11.886853218078613,1.1215791702270508,29.149999618530273,27.6299991607666,25.059999465942383,36.63999938964844,43.849998474121094,58.81203079223633
2017-06-16,11.937578201293945,1.1146905422210693,29.104999542236328,27.565000534057617,24.93000030517578,36.599998474121094,43.779998779296875,58.66010284423828
2017-06-19,11.861489295959473,1.120824933052063,,27.8700008392334,25.184999465942383,36.904998779296875,44.23500061035156,58.66699981689453
2017-06-20,11.743127822875977,1.1144545078277588,29.53499984741211,27.860000610351562,25.225000381469727,36.935001373291016,44.19499969482422,58.52889633178711
2017-06-21,11.616312980651855,1.1136974096298218,29.415000915527344,27.709999084472656,25.09000015258789,36.79499816894531,43.98500061035156,58.41147232055664
2017-06-22,11.633220672607422,1.1167196035385132,29.389999389648438,27.665000915527344,25.235000610351562,36.834999084472656,44.064998626708984,58.46672058105469
2017-06-23,11.683947563171387,1.1149640083312988,29.290000915527344,27.59000015258789,25.1299991607666,36.65999984741211,43.88999938964844,58.66961669921875
2017-06-26,11.709311485290527,1.1198835372924805,29.184999465942383,27.639999389648438,25.190000534057617,36.70500183105469,43.94499969482422,59.08793640136719
2017-06-27,11.844581604003906,1.118355631828308,28.979999542236328,,25.05500030517578,36.26499938964844,43.54499816894531,58.55807876586914
2017-06-28,11.920669555664062,1.1339154243469238,28.850000381469727,27.2450008392334,24.969999313354492,36.040000915527344,43.415000915527344,58.6974983215332
2017-06-29,11.971396446228027,1.1382650136947632,28.4950008392334,26.899999618530273,24.84000015258789,35.540000915527344,42.92499923706055,58.0281867980957
2017-06-30,12.216573715209961,1.144164800643921,28.5,26.8700008392334,24.799999237060547,35.525001525878906,42.86000061035156,58.0281867980957
2017-07-03,12.343389511108398,1.1423088312149048,28.760000228881836,,25.079999923706055,35.76499938964844,43.30500030517578,58.767234802246094
2017-07-04,,1.1371389627456665,28.625,27.049999237060547,25.03499984741211,35.64500045776367,43.16999816894531,
2017-07-05,12.157393455505371,1.1360150575637817,,,25.079999923706055,35.6150016784668,43.220001220703125,57.93754196166992
2017-07-06,12.165846824645996,1.1346874237060547,28.575000762939453,26.825000762939453,24.799999237060547,35.279998779296875,42.904998779296875,56.84991455078125
2017-07-07,12.0474853515625,1.1424784660339355,28.704999923706055,26.889999389648438,24.850000381469727,35.334999084472656,42.875,57.170623779296875
2017-07-10,12.098212242126465,1.140380859375,28.834999084472656,26.96500015258789,24.780000686645508,35.404998779296875,43.025001525878906,56.6477165222168
2017-07-11,12.216573715209961,,28.68000030517578,,24.690000534057617,35.07500076293945,42.72999954223633,56.58499526977539
2017-07-12,12.157393455505371,1.1473942995071411,29.06999969482422,27.075000762939453,24.985000610351562,35.45500183105469,43.279998779296875,57.28218078613281
2017-07-13,12.14893913269043,1.1418914794921875,,,25.06999969482422,35.5,43.435001373291016,57.3728141784668
2017-07-14,12.284209251403809,1.140393853187561,29.135000228881836,27.155000686645508,25.040000915527344,35.43000030517578,43.345001220703125,57.923606872558594
2017-07-17,12.241934776306152,1.1475391387939453,29.139999389648438,27.209999084472656,25.114999771118164,35.494998931884766,43.45000076293945,58.390743255615234
2017-07-18,12.292662620544434,1.1474337577819824,28.80500030517578,26.93000030517578,24.78499984741211,35.189998626708984,42.974998474121094,58.26524353027344
2017-07-19,12.402569770812988,1.1549744606018066,,27.145000457763672,24.969999313354492,35.47999954223633,43.349998474121094,58.704463958740234
2017-07-20,12.385660171508789,1.1528440713882446,28.829999923706055,,24.7549991607666,35.2400016784668,43.040000915527344,58.43257522583008
2017-07-21,12.216573715209961,1.1628718376159668,,,24.665000915527344,35.224998474121094,42.875,58.390743255615234
2017-07-24,12.241934776306152,1.1681697368621826,28.75,26.815000534057617,24.649999618530273,35.20000076293945,42.83000183105469,58.27918243408203
2017-07-25,12.377206802368164,1.1638869047164917,28.899999618530273,,24.78499984741211,35.19499969482422,43.029998779296875,58.35586929321289
2017-07-26,12.495567321777344,1.1644561290740967,28.975000381469727,,24.80500030517578,35.244998931884766,43.119998931884766,58.76025390625
2017-07-27,12.571657180786133,1.1728004217147827,28.93000030517578,,24.795000076293945,35.224998474121094,43.060001373291016,58.829978942871094
2017-07-28,12.639291763305664,1.1688660383224487,28.479999542236328,,24.610000610351562,34.98500061035156,42.564998626708984,58.66961669921875
2017-07-31,12.715380668640137,1.1747292280197144,28.475000381469727,,24.610000610351562,35.029998779296875,42.53499984741211,58.74632263183594
2017-08-01,12.571657180786133,1.182410478591919,28.520000457763672,,24.739999771118164,35.130001068115234,42.625,59.01124954223633
2017-08-02,12.597020149230957,1.1811256408691406,28.375,26.424999237060547,24.59000015258789,34.900001525878906,42.375,58.47441482543945
2017-08-03,12.504022598266602,1.1851149797439575,28.3799991607666,26.440000534057617,24.665000915527344,34.88999938964844,42.349998474121094,58.35586929321289
2017-08-04,12.52938461303711,1.1884952783584595,28.81999969482422,26.690000534057617,24.825000762939453,35.17499923706055,42.814998626708984,58.551090240478516
2017-08-07,12.55474853515625,1.1778424978256226,28.81999969482422,26.6200008392334,24.7450008392334,35.084999084472656,42.709999084472656,58.48834991455078
2017-08-08,12.563202857971191,1.1800941228866577,28.81999969482422,26.7450008392334,24.885000228881836,35.20000076293945,42.95000076293945,58.209468841552734
2017-08-09,12.647747039794922,1.1754610538482666,28.78499984741211,26.7450008392334,24.704999923706055,35.125,42.63999938964844,58.01424789428711
2017-08-10,12.453296661376953,1.1761523485183716,28.78499984741211,26.40999984741211,24.53499984741211,35.029998779296875,42.33000183105469,57.59592819213867
2017-08-11,12.495567321777344,1.177024483680725,28.270000457763672,26.40999984741211,24.21500015258789,34.84000015258789,41.939998626708984,57.2403678894043
2017-08-14,12.385660171508789,1.182550311088562,28.645000457763672,26.40999984741211,24.524999618530273,35.125,42.42499923706055,58.19551467895508
2017-08-15,12.326480865478516,1.1775789260864258,,,,,,58.021217346191406
2017-08-16,12.292662620544434,1.1741223335266113,28.915000915527344,26.670000076293945,24.704999923706055,35.4900016784668,42.775001525878906,58.25129699707031
2017-08-17,12.326480865478516,1.1774264574050903,28.639999389648438,26.479999542236328,24.485000610351562,35.32500076293945,42.45500183105469,57.88875198364258
2017-08-18,12.546295166015625,1.1715501546859741,28.639999389648438,26.479999542236328,24.344999313354492,35.125,42.13999938964844,57.3030891418457
2017-08-21,12.394115447998047,1.1756268739700317,28.104999542236328,26.049999237060547,24.165000915527344,34.95000076293945,41.79999923706055,57.91664123535156
2017-08-22,12.427933692932129,1.1811953783035278,28.53499984741211,26.329999923706055,24.395000457763672,35.21500015258789,42.26499938964844,57.74931335449219
2017-08-23,12.537840843200684,1.176221489906311,28.53499984741211,26.170000076293945,24.30500030517578,35.095001220703125,42.130001068115234,58.34193801879883
2017-08-24,12.52938461303711,1.1816558837890625,28.395000457763672,26.170000076293945,24.264999389648438,35.04499816894531,42.095001220703125,58.1606559753418
2017-08-25,12.504022598266602,1.1802195310592651,28.395000457763672,26.170000076293945,24.209999084472656,34.900001525878906,41.94499969482422,58.43954849243164
2017-08-28,12.512476921081543,1.1951857805252075,28.09000015258789,25.924999237060547,24.075000762939453,34.6150016784668,41.6349983215332,57.99332809448242
2017-08-29,12.512476921081543,1.1963869333267212,27.905000686645508,25.924999237060547,23.81999969482422,34.45500183105469,41.33000183105469,57.930572509765625
2017-08-30,12.419477462768555,1.1970456838607788,28.325000762939453,25.924999237060547,24.110000610351562,34.779998779296875,41.845001220703125,58.25828552246094
2017-08-31,12.766108512878418,1.1893434524536133,28.579999923706055,25.924999237060547,24.385000228881836,35.02000045776367,42.209999084472656,58.592926025390625
2017-09-01,12.783015251159668,1.1910432577133179,28.75,25.924999237060547,24.459999084472656,35.095001220703125,42.42499923706055,58.795108795166016
2017-09-04,,1.1882835626602173,28.510000228881836,26.200000762939453,24.299999237060547,34.849998474121094,42.11000061035156,
2017-09-05,12.808379173278809,1.1893434524536133,28.40999984741211,26.200000762939453,24.264999389648438,34.834999084472656,42.060001373291016,58.63474655151367
2017-09-06,12.935195922851562,1.1924067735671997,28.299999237060547,26.114999771118164,24.274999618530273,34.83000183105469,42.0099983215332,58.78813934326172
2017-09-07,12.926740646362305,1.1927765607833862,28.190000534057617,26.114999771118164,24.229999542236328,34.70000076293945,41.8849983215332,59.16463088989258
2017-09-08,12.783015251159668,1.2029062509536743,28.235000610351562,26.114999771118164,24.21500015258789,34.77000045776367,41.90999984741211,59.21345138549805
2017-09-11,12.808379173278809,1.2017642259597778,28.235000610351562,26.389999389648438,24.5,35.095001220703125,42.34000015258789,59.757240295410156
2017-09-12,12.842195510864258,1.1959433555603027,28.235000610351562,26.514999389648438,24.71500015258789,35.09000015258789,42.56999969482422,59.05308151245117
2017-09-13,12.90137767791748,1.1974613666534424,28.235000610351562,26.514999389648438,24.75,35.17499923706055,42.76499938964844,58.899696350097656
2017-09-14,12.909832000732422,1.1890605688095093,28.959999084472656,26.514999389648438,24.80500030517578,35.18000030517578,42.845001220703125,59.38773727416992
2017-09-15,12.969012260437012,1.1921650171279907,28.795000076293945,26.540000915527344,24.68000030517578,34.94499969482422,42.560001373291016,59.49927520751953
2017-09-18,12.952102661132812,1.193716287612915,28.795000076293945,26.540000915527344,24.809999465942383,35.04499816894531,42.744998931884766,59.1785774230957
2017-09-19,12.926740646362305,1.1959290504455566,28.795000076293945,26.649999618530273,24.78499984741211,34.96500015258789,42.71500015258789,58.78813934326172
2017-09-20,13.036646842956543,1.199256420135498,28.854999542236328,26.600000381469727,24.795000076293945,34.880001068115234,42.665000915527344,58.627777099609375
2017-09-21,12.985921859741211,1.1872113943099976,29.0049991607666,26.674999237060547,24.924999237060547,34.869998931884766,42.81999969482422,58.51622009277344
2017-09-22,13.036646842956543,1.194557547569275,28.864999771118164,26.674999237060547,24.844999313354492,34.72999954223633,42.66999816894531,58.10347366333008
2017-09-25,13.256461143493652,1.1927196979522705,28.920000076293945,26.674999237060547,25.075000762939453,35.119998931884766,42.96500015258789,58.44158172607422
2017-09-26,13.138099670410156,1.185564637184143,29.024999618530273,26.674999237060547,25.204999923706055,35.375,43.20000076293945,58.54017639160156
2017-09-27,13.087373733520508,1.1786059141159058,29.024999618530273,27.040000915527344,25.34000015258789,35.32500076293945,43.369998931884766,58.011924743652344
2017-09-28,13.087373733520508,1.1749638319015503,29.334999084472656,27.0,25.274999618530273,35.26499938964844,43.33000183105469,58.40635681152344
2017-09-29,13.01973819732666,1.178175449371338,29.420000076293945,27.0,25.360000610351562,35.2599983215332,43.3849983215332,58.52608871459961
2017-10-02,12.909832000732422,1.1807351112365723,29.704999923706055,27.25,25.524999618530273,35.599998474121094,43.775001525878906,58.44158172607422
2017-10-03,12.918286323547363,1.173378348350525,29.704999923706055,27.264999389648438,25.594999313354492,35.540000915527344,43.81999969482422,58.35702896118164
2017-10-04,12.935195922851562,1.1747568845748901,29.770000457763672,27.295000076293945,25.625,35.59000015258789,43.88999938964844,58.65288543701172
2017-10-05,13.078919410705566,1.175723671913147,29.770000457763672,27.295000076293945,25.729999542236328,35.79999923706055,44.125,58.864200592041016
2017-10-06,12.876014709472656,1.1712344884872437,29.969999313354492,27.424999237060547,25.735000610351562,35.779998779296875,44.04999923706055,58.67402648925781
2017-10-09,12.884468078613281,1.1742464303970337,30.020000457763672,27.424999237060547,25.69499969482422,35.7599983215332,44.07500076293945,58.81488800048828
2017-10-10,13.036646842956543,1.1741636991500854,29.860000610351562,27.424999237060547,25.635000228881836,35.66999816894531,43.89500045776367,58.99098587036133
2017-10-11,13.062010765075684,1.1814883947372437,29.815000534057617,27.325000762939453,25.6200008392334,35.6349983215332,43.834999084472656,59.18822479248047
2017-10-12,13.045103073120117,1.1865493059158325,29.905000686645508,27.325000762939453,25.594999313354492,35.724998474121094,43.88999938964844,59.56856918334961
2017-10-13,13.171917915344238,1.1831799745559692,29.979999542236328,27.545000076293945,25.670000076293945,35.80500030517578,44.03499984741211,59.72353744506836
2017-10-16,13.205735206604004,1.181404709815979,30.09000015258789,27.584999084472656,25.829999923706055,35.85499954223633,44.13999938964844,59.427696228027344
2017-10-17,13.188827514648438,1.1794538497924805,30.264999389648438,27.704999923706055,25.81999969482422,35.959999084472656,44.255001068115234,59.49813461303711
2017-10-18,13.180374145507812,1.1771907806396484,30.260000228881836,27.69499969482422,25.889999389648438,35.96500015258789,44.314998626708984,59.43473815917969
2017-10-19,13.12119197845459,1.1795234680175781,29.975000381469727,27.469999313354492,25.684999465942383,35.76499938964844,43.974998474121094,59.2586555480957
2017-10-20,13.188827514648438,1.184805989265442,30.424999237060547,27.645000457763672,25.90999984741211,36.01499938964844,44.28499984741211,58.92056655883789
2017-10-23,13.188827514648438,1.175364375114441,30.424999237060547,27.795000076293945,26.135000228881836,36.19499969482422,44.505001068115234,58.69514846801758
2017-10-24,13.3240966796875,1.1759172677993774,30.540000915527344,27.690000534057617,26.094999313354492,36.04499816894531,44.375,58.34296417236328
2017-10-25,13.341005325317383,1.1759034395217896,30.2549991607666,27.440000534057617,25.8799991607666,35.70000076293945,43.970001220703125,58.17391586303711
2017-10-26,13.400186538696289,1.182075023651123,30.735000610351562,27.875,26.19499969482422,36.14500045776367,44.540000915527344,57.69493865966797
2017-10-27,13.46782112121582,1.163724422454834,31.295000076293945,28.174999237060547,26.424999237060547,36.59000015258789,45.095001220703125,57.955562591552734
2017-10-30,13.50163745880127,1.1604562997817993,31.295000076293945,28.03499984741211,26.315000534057617,36.3650016784668,44.88999938964844,57.90625
2017-10-31,13.535455703735352,1.1652703285217285,31.315000534057617,28.084999084472656,26.3700008392334,36.3650016784668,44.970001220703125,57.899192810058594
2017-11-01,13.543910026550293,1.165175199508667,31.364999771118164,28.15999984741211,26.625,36.46500015258789,45.154998779296875,58.18095016479492
2017-11-02,13.62845516204834,1.1628718376159668,31.260000228881836,28.15999984741211,26.479999542236328,36.32500076293945,44.970001220703125,58.67402648925781
2017-11-03,13.712998390197754,1.1661807298660278,31.485000610351562,28.225000381469727,26.575000762939453,36.48500061035156,45.224998474121094,58.52608871459961
2017-11-06,13.975085258483887,1.1614941358566284,31.59000015258789,28.225000381469727,26.559999465942383,36.54999923706055,45.349998474121094,58.92056655883789
2017-11-07,13.89054012298584,1.1612648963928223,31.645000457763672,28.28499984741211,26.665000915527344,36.63999938964844,45.40999984741211,59.39950942993164
2017-11-08,13.8651762008667,1.1601063013076782,31.530000686645508,28.28499984741211,26.719999313354492,36.70000076293945,45.35499954223633,59.695350646972656
2017-11-09,13.89054012298584,1.15968918800354,31.139999389648438,28.09000015258789,26.420000076293945,36.435001373291016,45.005001068115234,59.75874328613281
2017-11-10,13.8651762008667,1.164686679840088,31.170000076293945,28.03499984741211,26.329999923706055,36.314998626708984,44.8650016784668,59.82215118408203
2017-11-13,13.822906494140625,1.1661127805709839,31.149999618530273,28.065000534057617,26.229999542236328,36.375,44.83000183105469,60.1250114440918
2017-11-14,13.636906623840332,1.1664936542510986,30.84000015258789,27.80500030517578,25.934999465942383,36.11000061035156,44.345001220703125,59.99822998046875
2017-11-15,13.619998931884766,1.1792869567871094,30.719999313354492,27.670000076293945,25.78499984741211,35.93000030517578,44.10499954223633,59.39246368408203
2017-11-16,13.577727317810059,,30.989999771118164,27.825000762939453,26.1200008392334,36.19499969482422,44.470001220703125,59.88554000854492
2017-11-17,13.797541618347168,1.1777453422546387,30.860000610351562,27.764999389648438,26.0,36.07500076293945,44.33000183105469,59.62490463256836
2017-11-20,13.68763542175293,1.1731857061386108,31.045000076293945,28.0,26.145000457763672,36.290000915527344,44.599998474121094,59.44882583618164
2017-11-21,13.780632019042969,1.1741223335266113,31.315000534057617,28.21500015258789,26.344999313354492,36.44499969482422,44.8849983215332,59.89256286621094
2017-11-22,13.856721878051758,1.173722743988037,31.110000610351562,28.06999969482422,26.274999618530273,36.255001068115234,44.685001373291016,59.75874328613281
2017-11-23,,1.1814744472503662,31.040000915527344,27.94499969482422,26.225000381469727,36.119998931884766,44.54999923706055,
2017-11-24,13.898994445800781,1.1853959560394287,30.885000228881836,27.825000762939453,26.1200008392334,35.904998779296875,44.3849983215332,59.83622360229492
2017-11-27,13.873629570007324,1.1926485300064087,30.860000610351562,27.825000762939453,26.03499984741211,35.9900016784668,44.334999084472656,59.55449295043945
2017-11-28,13.81445026397705,1.1904903650283813,31.079999923706055,27.825000762939453,26.190000534057617,36.25,44.61000061035156,59.329078674316406
2017-11-29,13.721451759338379,1.184805989265442,31.06999969482422,28.165000915527344,26.434999465942383,36.53499984741211,44.845001220703125,59.3502197265625
2017-11-30,13.662271499633789,1.18519926071167,31.1200008392334,28.18000030517578,26.420000076293945,36.44499969482422,44.810001373291016,59.4417724609375
2017-12-01,13.780632019042969,1.1898245811462402,30.674999237060547,27.920000076293945,26.06999969482422,36.17499923706055,44.48500061035156,59.582645416259766
2017-12-04,13.61154556274414,1.1859863996505737,30.989999771118164,28.375,26.510000228881836,36.68000030517578,45.084999084472656,59.28681564331055
2017-12-05,13.61154556274414,1.1867746114730835,31.084999084472656,28.395000457763672,26.5049991607666,36.65999984741211,45.099998474121094,58.79375457763672
2017-12-06,13.383277893066406,1.1832919120788574,30.9950008392334,28.375,26.364999771118164,36.70000076293945,44.97999954223633,58.73741149902344
2017-12-07,13.42555046081543,1.1804285049438477,31.139999389648438,28.334999084472656,26.440000534057617,36.64500045776367,45.01499938964844,58.88530731201172
2017-12-08,13.493185043334961,1.1772184371948242,31.395000457763672,28.334999084472656,26.440000534057617,36.80500030517578,45.33000183105469,59.18822479248047
2017-12-11,13.527000427246094,1.1769968271255493,31.325000762939453,28.5049991607666,26.764999389648438,36.72999954223633,45.314998626708984,59.1811637878418
2017-12-12,13.40864086151123,1.1777591705322266,31.575000762939453,28.780000686645508,26.9950008392334,37.03499984741211,45.810001373291016,59.469940185546875
2017-12-13,13.34946060180664,1.1742602586746216,31.575000762939453,28.770000457763672,26.920000076293945,37.04999923706055,45.689998626708984,59.56856918334961
2017-12-14,13.391731262207031,1.1835860013961792,31.434999465942383,28.670000076293945,26.829999923706055,36.95000076293945,45.525001525878906,59.55449295043945
2017-12-15,13.391731262207031,1.1774957180023193,31.53499984741211,28.670000076293945,26.8700008392334,37.07500076293945,45.59000015258789,59.927799224853516
2017-12-18,13.450911521911621,1.1743566989898682,31.770000457763672,28.795000076293945,27.075000762939453,37.04999923706055,45.875,60.322242736816406
2017-12-19,13.55236530303955,1.1784253120422363,31.655000686645508,28.719999313354492,27.03499984741211,36.88999938964844,45.70500183105469,59.04030227661133
2017-12-20,13.62845516204834,1.1841325759887695,31.450000762939453,28.5,26.90999984741211,36.56999969482422,45.369998931884766,58.35702896118164
2017-12-21,13.636906623840332,1.1878176927566528,31.524999618530273,28.6200008392334,26.9950008392334,36.59000015258789,45.56999969482422,58.13101577758789
2017-12-22,13.696089744567871,1.1857331991195679,31.469999313354492,28.635000228881836,26.975000381469727,36.650001525878906,45.599998474121094,58.53157424926758
2017-12-25,,1.1856067180633545,,,,,,
2017-12-26,13.898994445800781,1.187253713607788,,,,,,58.82483673095703
2017-12-27,13.932811737060547,1.1857894659042358,31.424999237060547,28.6200008392334,26.96500015258789,36.63999938964844,45.560001373291016,59.01797866821289
2017-12-28,14.000446319580078,1.1900794506072998,31.28499984741211,28.5049991607666,26.834999084472656,36.474998474121094,45.3650016784668,59.33269119262695
2017-12-29,14.042718887329102,1.1941723823547363,31.09000015258789,28.454999923706055,26.7450008392334,36.380001068115234,45.22999954223633,59.354148864746094
2018-01-01,,1.200494647026062,,,,,,
2018-01-02,14.11035442352295,1.2011579275131226,31.040000915527344,28.350000381469727,26.739999771118164,36.20500183105469,45.13999938964844,59.13241195678711
2018-01-03,14.19489860534668,1.2063454389572144,31.399999618530273,28.549999237060547,27.030000686645508,36.29499816894531,45.53499984741211,58.96073532104492
2018-01-04,14.17798900604248,1.2010425329208374,31.600000381469727,28.645000457763672,27.19499969482422,36.38999938964844,45.76499938964844,57.945045471191406
2018-01-05,14.1272611618042,1.2068840265274048,31.8700008392334,28.645000457763672,27.399999618530273,36.54999923706055,46.084999084472656,57.97364044189453
2018-01-08,14.11880874633789,1.2037460803985596,32.209999084472656,29.045000076293945,27.565000534057617,36.755001068115234,46.40999984741211,58.274078369140625
2018-01-09,14.21180534362793,1.1970456838607788,32.45000076293945,29.270000457763672,27.795000076293945,37.060001373291016,46.7400016784668,57.52302551269531
2018-01-10,14.262532234191895,1.1929330825805664,32.209999084472656,29.0049991607666,27.760000228881836,36.689998626708984,46.41999816894531,56.87925338745117
2018-01-11,14.254076957702637,1.1956144571304321,32.189998626708984,28.895000457763672,27.665000915527344,36.47999954223633,46.33000183105469,56.686153411865234
2018-01-12,14.347074508666992,1.2042099237442017,32.290000915527344,28.954999923706055,27.799999237060547,36.36000061035156,46.39500045776367,56.228355407714844
2018-01-15,,1.2192296981811523,32.084999084472656,28.954999923706055,27.575000762939453,36.13999938964844,46.150001525878906,
2018-01-16,14.279439926147461,1.2268433570861816,32.31999969482422,28.854999542236328,27.684999465942383,36.255001068115234,46.26499938964844,56.335670471191406
2018-01-17,14.29634952545166,1.227129340171814,32.2400016784668,28.8799991607666,27.649999618530273,36.345001220703125,46.23500061035156,56.72904586791992
2018-01-18,14.29634952545166,1.218397855758667,32.38999938964844,28.899999618530273,27.6299991607666,36.2400016784668,46.209999084472656,55.99946975708008
2018-01-19,14.270984649658203,1.2236607074737549,32.58000183105469,29.045000076293945,27.709999084472656,36.369998931884766,46.415000915527344,56.29990005493164
2018-01-22,14.304803848266602,1.2255502939224243,32.58000183105469,29.03499984741211,27.78499984741211,36.459999084472656,46.55500030517578,56.81489562988281
2018-01-23,14.406255722045898,1.2256253957748413,32.83000183105469,29.155000686645508,27.844999313354492,36.540000915527344,46.73500061035156,57.601707458496094
2018-01-24,14.55843448638916,1.2310267686843872,32.505001068115234,28.90999984741211,27.649999618530273,36.32500076293945,46.34000015258789,57.3012809753418
2018-01-25,14.473893165588379,1.239111304283142,32.21500015258789,28.649999618530273,27.485000610351562,36.13999938964844,46.064998626708984,57.201148986816406
2018-01-26,14.5837984085083,1.239234209060669,32.6349983215332,28.885000228881836,27.75,36.48500061035156,46.42499923706055,57.00087356567383
2018-01-29,14.541526794433594,1.2428072690963745,32.845001220703125,28.989999771118164,27.934999465942383,36.619998931884766,46.619998931884766,56.23552703857422
2018-01-30,14.440074920654297,1.2381141185760498,32.369998931884766,28.655000686645508,27.415000915527344,36.26499938964844,46.03499984741211,55.827816009521484
2018-01-31,14.45698356628418,1.2409565448760986,32.35499954223633,28.514999389648438,27.170000076293945,36.08000183105469,45.869998931884766,56.82920837402344
2018-02-01,14.600707054138184,1.241865873336792,32.279998779296875,28.344999313354492,27.09000015258789,35.94499969482422,45.64500045776367,55.606075286865234
2018-02-02,14.363984107971191,1.2510008811950684,32.0,28.1200008392334,26.860000610351562,35.73500061035156,45.26499938964844,55.133975982666016
2018-02-05,14.228713989257812,1.244694471359253,31.579999923706055,27.774999618530273,26.434999465942383,35.31999969482422,44.630001068115234,53.49598693847656
2018-02-06,14.144170761108398,1.2367818355560303,30.344999313354492,26.815000534057617,25.674999237060547,34.19499969482422,43.10499954223633,53.50313186645508
2018-02-07,13.983537673950195,1.2381294965744019,31.604999542236328,27.684999465942383,26.459999084472656,35.05500030517578,44.53499984741211,53.27425765991211
2018-02-08,13.839814186096191,1.2268133163452148,30.739999771118164,27.15999984741211,26.0049991607666,34.60499954223633,43.650001525878906,51.7435302734375
2018-02-09,13.636906623840332,1.2260762453079224,30.190000534057617,27.549999237060547,25.479999542236328,34.084999084472656,42.849998474121094,53.0382080078125
2018-02-12,13.721451759338379,1.2252799272537231,30.795000076293945,27.1200008392334,25.834999084472656,34.5,43.48500061035156,53.05966567993164
2018-02-13,13.746814727783203,1.2303755283355713,30.655000686645508,26.989999771118164,25.6200008392334,34.244998931884766,43.23500061035156,53.43159866333008
2018-02-14,13.958175659179688,1.235376238822937,30.975000381469727,27.209999084472656,25.78499984741211,34.44499969482422,43.5099983215332,53.04536056518555
2018-02-15,13.983537673950195,1.2467273473739624,31.25,27.329999923706055,25.854999542236328,34.560001373291016,43.76499938964844,53.56034851074219
2018-02-16,14.00890064239502,1.2503595352172852,31.719999313354492,27.7549991607666,26.325000762939453,35.099998474121094,44.44499969482422,53.85362243652344
2018-02-19,,1.241187572479248,31.655000686645508,27.665000915527344,26.30500030517578,35.07500076293945,44.349998474121094,
2018-02-20,14.051173210144043,1.2398641109466553,32.025001525878906,27.829999923706055,26.415000915527344,35.154998779296875,44.6349983215332,53.21703338623047
2018-02-21,14.03426456451416,1.233532428741455,32.185001373291016,27.94499969482422,26.385000228881836,35.220001220703125,44.7599983215332,52.16556167602539
2018-02-22,14.161080360412598,1.2281843423843384,32.04499816894531,27.854999542236328,26.329999923706055,35.10499954223633,44.560001373291016,52.75923538208008
2018-02-23,14.254076957702637,1.2326656579971313,32.119998931884766,27.899999618530273,26.399999618530273,35.189998626708984,44.689998626708984,53.60327911376953
2018-02-26,14.330167770385742,1.228712558746338,32.540000915527344,28.2549991607666,26.69499969482422,35.57500076293945,45.154998779296875,53.75349044799805
2018-02-27,14.186444282531738,1.2315573692321777,32.845001220703125,28.375,26.844999313354492,35.665000915527344,45.35499954223633,52.50174331665039
2018-02-28,14.03426456451416,1.2230321168899536,32.724998474121094,28.200000762939453,26.649999618530273,35.47999954223633,45.04499816894531,52.465965270996094
2018-03-01,14.059627532958984,1.2191256284713745,32.224998474121094,27.889999389648438,26.334999084472656,35.15999984741211,44.525001525878906,52.516048431396484
2018-03-02,14.059627532958984,1.2270842790603638,31.260000228881836,27.264999389648438,25.690000534057617,34.47999954223633,43.42499923706055,52.49459457397461
2018-03-05,14.144170761108398,1.2315422296524048,31.68000030517578,27.549999237060547,25.950000762939453,34.82500076293945,43.9900016784668,53.08828353881836
2018-03-06,14.19489860534668,1.2336541414260864,31.719999313354492,27.514999389648438,25.954999923706055,34.755001068115234,43.939998626708984,53.338626861572266
2018-03-07,14.042718887329102,1.2416653633117676,31.80500030517578,27.55500030517578,25.954999923706055,34.75,44.02000045776367,53.66763687133789
2018-03-08,13.958175659179688,1.2414649724960327,32.17499923706055,27.850000381469727,26.145000457763672,35.13999938964844,44.459999084472656,53.767791748046875
2018-03-09,14.09344482421875,1.2306632995605469,32.720001220703125,28.235000610351562,26.274999618530273,35.369998931884766,44.939998626708984,54.061065673828125
2018-03-12,14.068081855773926,1.2308752536773682,32.96500015258789,28.309999465942383,26.5049991607666,35.54499816894531,45.16999816894531,54.29711151123047
2018-03-13,14.025810241699219,1.2339584827423096,32.60499954223633,28.079999923706055,26.280000686645508,35.28499984741211,44.73500061035156,54.3471565246582
2018-03-14,14.025810241699219,1.239234209060669,32.404998779296875,27.940000534057617,26.19499969482422,35.26499938964844,44.55500030517578,54.39723205566406
2018-03-15,14.017355918884277,1.2375624179840088,32.625,28.114999771118164,26.334999084472656,35.435001373291016,44.79499816894531,54.38292694091797
2018-03-16,14.068081855773926,1.2309207916259766,32.654998779296875,28.15999984741211,26.43000030517578,35.5,44.8650016784668,54.76203536987305
2018-03-19,13.975085258483887,1.228078842163086,32.07500076293945,27.799999237060547,25.959999084472656,35.20000076293945,44.165000915527344,54.28994369506836
2018-03-20,14.068081855773926,1.2336845397949219,32.47999954223633,28.09000015258789,26.209999084472656,35.35499954223633,44.48500061035156,54.103973388671875
2018-03-21,14.3217134475708,1.2251899242401123,32.564998626708984,28.184999465942383,26.25,35.349998474121094,44.595001220703125,53.703426361083984
2018-03-22,14.21180534362793,1.2347661256790161,31.834999084472656,27.594999313354492,25.795000076293945,34.97999954223633,43.83000183105469,53.38868713378906
2018-03-23,14.338621139526367,1.2324985265731812,31.049999237060547,27.114999771118164,25.325000762939453,34.5099983215332,43.02000045776367,52.4373664855957
2018-03-26,14.347074508666992,1.235437273979187,30.594999313354492,26.875,25.030000686645508,34.01499938964844,42.525001525878906,53.033935546875
2018-03-27,14.287894248962402,1.2457488775253296,31.350000381469727,27.360000610351562,25.565000534057617,34.58000183105469,43.29499816894531,53.236167907714844
2018-03-28,14.228713989257812,1.240787148475647,30.479999542236328,27.139999389648438,25.440000534057617,34.59000015258789,42.845001220703125,54.57229995727539
2018-03-29,14.355531692504883,1.2310267686843872,31.03499984741211,27.479999542236328,25.774999618530273,34.98500061035156,43.41999816894531,54.507301330566406
2018-03-30,,1.2302846908569336,,,,,,
2018-04-02,14.161080360412598,1.231420874595642,,,,,,53.77061462402344
2018-04-03,14.23716926574707,1.229271411895752,30.670000076293945,27.30500030517578,25.579999923706055,34.790000915527344,43.095001220703125,54.22563552856445
2018-04-04,14.17798900604248,1.2278525829315186,30.485000610351562,27.264999389648438,25.514999389648438,34.744998931884766,43.0099983215332,54.79619216918945
2018-04-05,14.245624542236328,1.228682279586792,31.5,27.959999084472656,26.114999771118164,35.48500061035156,44.185001373291016,54.774532318115234
2018-04-06,14.144170761108398,1.2251598834991455,30.950000762939453,27.600000381469727,25.760000228881836,35.10499954223633,43.59000015258789,54.36286163330078
2018-04-09,14.3217134475708,1.227144479751587,30.940000534057617,27.600000381469727,25.825000762939453,35.060001373291016,43.595001220703125,54.18949890136719
2018-04-10,14.566888809204102,1.2322403192520142,31.149999618530273,27.764999389648438,26.03499984741211,35.150001525878906,43.869998931884766,54.131736755371094
2018-04-11,14.676796913146973,1.2363078594207764,30.94499969482422,27.600000381469727,25.979999542236328,34.85499954223633,43.60499954223633,54.247310638427734
2018-04-12,14.6176176071167,1.2371643781661987,31.40999984741211,27.860000610351562,26.219999313354492,35.06999969482422,44.02000045776367,53.640621185302734
2018-04-13,14.626068115234375,1.2329696416854858,31.219999313354492,27.799999237060547,26.200000762939453,34.974998474121094,43.935001373291016,53.92229461669922
2018-04-16,14.575345039367676,1.233258605003357,31.204999923706055,27.774999618530273,26.15999984741211,35.10499954223633,43.880001068115234,54.25453186035156
2018-04-17,14.5837984085083,1.2385127544403076,31.7549991607666,28.045000076293945,26.420000076293945,35.415000915527344,44.44499969482422,54.89007568359375
2018-04-18,14.854338645935059,1.237317442893982,31.860000610351562,27.9950008392334,26.469999313354492,35.41999816894531,44.5,54.774532318115234
2018-04-19,14.795158386230469,1.237914800643921,31.764999389648438,27.844999313354492,26.450000762939453,35.23500061035156,44.380001068115234,53.98006820678711
2018-04-20,14.769794464111328,1.2345526218414307,31.700000762939453,27.729999542236328,26.3700008392334,35.20000076293945,44.32500076293945,53.48172378540039
2018-04-23,14.76133918762207,1.2273402214050293,32.0099983215332,27.96500015258789,26.6200008392334,35.38999938964844,44.625,53.438392639160156
2018-04-24,14.685251235961914,1.22089684009552,31.84000015258789,27.889999389648438,26.739999771118164,35.3849983215332,44.4900016784668,53.640621185302734
2018-04-25,14.710614204406738,1.2241400480270386,31.40999984741211,27.889999389648438,26.584999084472656,35.099998474121094,44.1349983215332,53.539512634277344
2018-04-26,14.786704063415527,1.2171669006347656,31.96500015258789,28.049999237060547,26.850000381469727,35.59000015258789,44.7400016784668,54.240081787109375
2018-04-27,14.77824878692627,1.2109616994857788,32.165000915527344,28.190000534057617,26.895000457763672,35.73500061035156,44.875,55.171749114990234
2018-04-30,14.845884323120117,1.2122827768325806,32.31999969482422,28.375,26.989999771118164,35.90999984741211,45.095001220703125,54.955078125
2018-05-01,14.76133918762207,1.2081234455108643,,,,,,55.453433990478516
2018-05-02,14.76133918762207,1.1991558074951172,32.33000183105469,28.405000686645508,26.895000457763672,35.720001220703125,45.165000915527344,55.251197814941406
2018-05-03,14.854338645935059,1.19510018825531,31.795000076293945,28.405000686645508,26.479999542236328,35.415000915527344,44.55500030517578,55.215087890625
2018-05-04,14.955791473388672,1.1989257335662842,32.51499938964844,28.55500030517578,26.850000381469727,35.91999816894531,45.33000183105469,55.82176208496094
2018-05-07,14.947338104248047,1.195500135421753,32.880001068115234,28.55500030517578,26.985000610351562,36.10499954223633,45.744998931884766,56.19734573364258
2018-05-08,14.989607810974121,1.1933743953704834,33.09000015258789,28.889999389648438,27.075000762939453,36.255001068115234,45.80500030517578,55.915653228759766
2018-05-09,15.124878883361816,1.1867886781692505,33.18000030517578,28.9950008392334,27.079999923706055,36.14500045776367,45.97999954223633,56.291221618652344
2018-05-10,15.200967788696289,1.184721827507019,33.54499816894531,29.184999465942383,27.270000457763672,36.369998931884766,46.30500030517578,56.73178482055664
2018-05-11,15.107970237731934,1.1917530298233032,33.564998626708984,29.2549991607666,27.334999084472656,36.40999984741211,46.369998931884766,56.53678512573242
2018-05-14,15.217877388000488,1.1952143907546997,33.58000183105469,29.21500015258789,27.399999618530273,36.33000183105469,46.42499923706055,56.05289077758789
2018-05-15,15.234785079956055,1.1931180953979492,33.505001068115234,29.200000762939453,27.475000381469727,36.34000015258789,46.404998779296875,55.14285659790039
2018-05-16,15.319331169128418,1.1820889711380005,33.80500030517578,29.44499969482422,27.645000457763672,36.540000915527344,46.72999954223633,54.97676086425781
2018-05-17,15.336238861083984,1.1816978454589844,33.95000076293945,29.600000381469727,27.774999618530273,36.560001373291016,46.935001373291016,54.70231246948242
2018-05-18,15.344693183898926,1.1795234680175781,33.91999816894531,29.56999969482422,27.635000228881836,36.529998779296875,46.8650016784668,54.774532318115234
2018-05-21,15.463053703308105,1.1766643524169922,34.165000915527344,29.774999618530273,27.725000381469727,36.7400016784668,47.10499954223633,55.42452621459961
2018-05-22,15.479961395263672,1.1792453527450562,34.18000030517578,29.80500030517578,27.829999923706055,36.7400016784668,47.154998779296875,55.50398635864258
2018-05-23,15.564507484436035,1.1788560152053833,34.04999923706055,29.700000762939453,27.575000762939453,36.83000183105469,46.95000076293945,56.06011199951172
2018-05-24,15.463053703308105,1.1710150241851807,34.060001373291016,29.649999618530273,27.395000457763672,36.84000015258789,46.790000915527344,55.94456100463867
2018-05-25,15.234785079956055,1.1722642183303833,34.369998931884766,29.8700008392334,27.489999771118164,37.185001373291016,47.084999084472656,56.13956832885742
2018-05-28,,1.1688934564590454,34.5,29.8700008392334,27.479999542236328,37.244998931884766,47.125,
2018-05-29,15.09106159210205,1.162696123123169,34.349998474121094,29.81999969482422,27.309999465942383,37.28499984741211,46.935001373291016,56.40678405761719
2018-05-30,15.28551197052002,1.1539349555969238,34.334999084472656,29.770000457763672,27.264999389648438,37.154998779296875,46.90999984741211,57.172367095947266
2018-05-31,15.243240356445312,1.1667250394821167,34.25,29.735000610351562,27.1200008392334,37.060001373291016,46.744998931884766,56.97734069824219
2018-06-01,15.1417875289917,1.1693171262741089,34.435001373291016,29.84000015258789,27.350000381469727,37.060001373291016,47.05500030517578,57.23014450073242
2018-06-04,14.96424674987793,1.1668611764907837,34.53499984741211,29.93000030517578,27.43000030517578,37.1150016784668,47.154998779296875,57.728485107421875
2018-06-05,14.989607810974121,1.1700559854507446,34.685001373291016,29.94499969482422,27.354999542236328,37.099998474121094,47.165000915527344,57.5767936706543
2018-06-06,15.040334701538086,1.1726216077804565,34.69499969482422,29.8700008392334,27.360000610351562,36.93000030517578,47.14500045776367,57.71403503417969
2018-06-07,15.099517822265625,1.178550362586975,34.560001373291016,29.829999923706055,27.40999984741211,36.88999938964844,47.08000183105469,57.71403503417969
2018-06-08,15.09106159210205,1.1795234680175781,34.654998779296875,29.895000457763672,27.3799991607666,37.10499954223633,47.16999816894531,57.92347717285156
2018-06-11,15.082608222961426,1.1783976554870605,34.665000915527344,29.915000915527344,27.510000228881836,37.125,47.31999969482422,57.836814880371094
2018-06-12,15.074151039123535,1.177412509918213,34.7400016784668,29.915000915527344,27.405000686645508,37.150001525878906,47.314998626708984,58.18349838256836
2018-06-13,15.133332252502441,1.17482590675354,34.915000915527344,30.020000457763672,27.475000381469727,37.2599983215332,47.435001373291016,57.04957580566406
2018-06-14,14.96424674987793,1.1807769536972046,35.21500015258789,30.2549991607666,27.700000762939453,37.599998474121094,47.915000915527344,57.59124755859375
2018-06-15,14.600707054138184,1.1566576957702637,35.03499984741211,30.155000686645508,27.489999771118164,37.54999923706055,47.6349983215332,57.55514907836914
2018-06-18,14.727524757385254,1.159595012664795,35.11000061035156,30.079999923706055,27.360000610351562,37.51499938964844,47.63999938964844,57.571189880371094
2018-06-19,14.575345039367676,1.1630746126174927,34.900001525878906,29.950000762939453,27.2549991607666,37.53499984741211,47.404998779296875,57.51286315917969
2018-06-20,14.55843448638916,1.1588560342788696,35.14500045776367,30.05500030517578,27.334999084472656,37.53499984741211,47.59000015258789,58.154319763183594
2018-06-21,14.448528289794922,1.1579033136367798,34.85499954223633,29.834999084472656,27.040000915527344,37.400001525878906,47.279998779296875,58.43132019042969
2018-06-22,14.735977172851562,1.1605775356292725,34.70000076293945,29.895000457763672,27.15999984741211,37.53499984741211,47.41999816894531,58.890560150146484
2018-06-25,14.566888809204102,1.1661399602890015,33.70000076293945,29.260000228881836,26.520000457763672,37.02000045776367,46.349998474121094,58.73748016357422
2018-06-26,14.710614204406738,1.1702749729156494,33.904998779296875,29.399999618530273,26.610000610351562,37.220001220703125,46.57500076293945,58.927001953125
2018-06-27,14.786704063415527,1.1650259494781494,34.21500015258789,29.610000610351562,26.78499984741211,37.439998626708984,47.01499938964844,58.701026916503906
2018-06-28,14.77824878692627,1.1563634872436523,33.935001373291016,29.43000030517578,26.565000534057617,37.310001373291016,46.650001525878906,59.22584533691406
2018-06-29,14.947338104248047,1.1562966108322144,34.150001525878906,29.600000381469727,26.604999542236328,37.31999969482422,46.86000061035156,59.37162780761719
2018-07-02,14.634525299072266,1.1678558588027954,33.880001068115234,29.405000686645508,26.3799991607666,37.150001525878906,46.5,59.04362487792969
2018-07-03,14.6176176071167,1.1642121076583862,33.95000076293945,29.5,26.479999542236328,37.290000915527344,46.70500183105469,59.488285064697266
2018-07-04,,1.1659224033355713,33.84000015258789,29.489999771118164,26.43000030517578,37.349998474121094,46.6349983215332,
2018-07-05,14.702159881591797,1.166235089302063,33.73500061035156,29.440000534057617,26.469999313354492,37.209999084472656,46.6150016784668,60.19535827636719
2018-07-06,14.769794464111328,1.1695905923843384,33.904998779296875,29.59000015258789,26.575000762939453,37.380001068115234,46.845001220703125,60.51606750488281
2018-07-09,14.845884323120117,1.1752262115478516,34.23500061035156,29.854999542236328,26.809999465942383,37.4900016784668,47.220001220703125,60.034996032714844
2018-07-10,14.812067031860352,1.1756960153579712,34.540000915527344,29.985000610351562,26.905000686645508,37.584999084472656,47.435001373291016,60.15889358520508
2018-07-11,14.29634952545166,1.1727042198181152,34.33000183105469,29.815000534057617,26.604999542236328,37.56999969482422,47.119998931884766,59.96207809448242
2018-07-12,14.37243938446045,1.1676785945892334,34.70000076293945,30.079999923706055,26.684999465942383,37.810001373291016,47.46500015258789,60.14432907104492
2018-07-13,14.39780330657959,1.1665889024734497,34.869998931884766,30.21500015258789,26.760000228881836,37.95000076293945,47.71500015258789,59.96207809448242
2018-07-16,14.09344482421875,1.1679104566574097,34.79999923706055,30.094999313354492,26.690000534057617,37.84000015258789,47.474998474121094,59.641357421875
2018-07-17,14.11035442352295,1.170946478843689,34.880001068115234,30.219999313354492,26.799999237060547,37.98500061035156,47.64500045776367,59.247718811035156
2018-07-18,14.23716926574707,1.1653246879577637,35.20500183105469,30.375,26.940000534057617,38.150001525878906,47.974998474121094,58.98530960083008
2018-07-19,14.220260620117188,1.164564609527588,35.18000030517578,30.43000030517578,26.950000762939453,38.21500015258789,48.0,59.67781066894531
2018-07-20,14.3217134475708,1.1655147075653076,34.9900016784668,30.315000534057617,26.719999313354492,38.0,47.68000030517578,59.101924896240234
2018-07-23,14.37243938446045,1.1741912364959717,34.91999816894531,30.21500015258789,26.764999389648438,37.92499923706055,47.6150016784668,58.97802734375
2018-07-24,14.448528289794922,1.1694128513336182,35.16999816894531,30.46500015258789,27.075000762939453,37.95000076293945,47.9900016784668,58.67916488647461
2018-07-25,14.642977714538574,1.1685519218444824,35.20500183105469,30.5049991607666,26.975000381469727,38.130001068115234,48.03499984741211,59.14567947387695
2018-07-26,14.642977714538574,1.1737502813339233,35.55500030517578,30.655000686645508,27.329999923706055,38.43000030517578,48.36000061035156,59.34248352050781
2018-07-27,14.5837984085083,1.1642934083938599,35.310001373291016,30.594999313354492,27.325000762939453,38.5,48.404998779296875,58.708316802978516
2018-07-30,14.668343544006348,1.16604483127594,34.595001220703125,30.2549991607666,27.184999465942383,38.15999984741211,47.875,58.74476623535156
2018-07-31,14.5837984085083,1.1707408428192139,34.584999084472656,30.329999923706055,27.229999542236328,38.244998931884766,47.994998931884766,59.728816986083984
2018-08-01,14.37243938446045,1.168961763381958,34.73500061035156,30.344999313354492,27.235000610351562,38.29499816894531,48.02000045776367,60.15160369873047
2018-08-02,14.45698356628418,1.1665889024734497,34.77000045776367,30.329999923706055,27.114999771118164,38.439998626708984,48.064998626708984,59.91105270385742
2018-08-03,14.507708549499512,1.1586008071899414,35.0099983215332,30.549999237060547,27.290000915527344,38.630001068115234,48.38999938964844,60.559814453125
2018-08-06,14.533072471618652,1.1562297344207764,35.189998626708984,30.709999084472656,27.295000076293945,38.834999084472656,48.599998474121094,60.479637145996094
2018-08-07,14.642977714538574,1.1558021306991577,35.439998626708984,30.875,27.4950008392334,38.80500030517578,48.720001220703125,60.37030029296875
2018-08-08,14.465438842773438,1.1602946519851685,35.435001373291016,30.764999389648438,27.454999923706055,38.7599983215332,48.71500015258789,60.020389556884766
2018-08-09,14.406255722045898,1.1610760688781738,35.66999816894531,30.764999389648438,27.485000610351562,38.85499954223633,48.845001220703125,60.049556732177734
2018-08-10,14.406255722045898,1.1523923873901367,35.845001220703125,30.764999389648438,27.395000457763672,39.17499923706055,48.95000076293945,59.5903205871582
2018-08-13,14.330167770385742,1.1394712924957275,35.80500030517578,30.899999618530273,27.28499984741211,39.060001373291016,48.790000915527344,59.47368240356445
2018-08-14,14.355531692504883,1.1402509212493896,35.9900016784668,31.079999923706055,27.28499984741211,39.400001525878906,49.01499938964844,59.765281677246094
2018-08-15,14.042718887329102,1.1345715522766113,,,,,,60.224491119384766
2018-08-16,14.152626037597656,1.134429931640625,35.7599983215332,31.014999389648438,27.219999313354492,39.474998474121094,48.88999938964844,60.71289825439453
2018-08-17,14.21180534362793,1.1371389627456665,35.54499816894531,30.93000030517578,27.18000030517578,39.5,48.77000045776367,61.27417755126953
2018-08-20,14.23716926574707,1.1437721252441406,35.709999084472656,31.084999084472656,27.295000076293945,39.55500030517578,48.94499969482422,61.317893981933594
2018-08-21,14.262532234191895,1.149134635925293,35.654998779296875,30.940000534057617,27.239999771118164,39.20000076293945,48.79999923706055,60.946144104003906
2018-08-22,14.465438842773438,1.1576753854751587,35.56999969482422,30.940000534057617,27.184999465942383,38.959999084472656,48.599998474121094,60.603538513183594
2018-08-23,14.440074920654297,1.1584800481796265,35.599998474121094,30.774999618530273,27.030000686645508,38.95000076293945,48.48500061035156,60.45046615600586
2018-08-24,14.549981117248535,1.154334545135498,35.779998779296875,30.774999618530273,27.024999618530273,38.94499969482422,48.58000183105469,60.80764389038086
2018-08-27,14.600707054138184,1.164890170097351,36.01499938964844,30.940000534057617,27.209999084472656,38.94499969482422,48.790000915527344,60.588966369628906
2018-08-28,14.541526794433594,1.1683608293533325,35.92499923706055,30.850000381469727,27.155000686645508,38.81999969482422,48.6349983215332,61.405372619628906
2018-08-29,14.702159881591797,1.1691256761550903,36.2599983215332,31.014999389648438,27.260000228881836,39.0,48.93000030517578,61.419952392578125
2018-08-30,14.676796913146973,1.1709738969802856,36.314998626708984,31.030000686645508,27.165000915527344,39.0099983215332,48.91999816894531,61.02632522583008
2018-08-31,14.693705558776855,1.1664663553237915,36.345001220703125,31.045000076293945,27.06999969482422,39.10499954223633,48.90999984741211,61.26688003540039
2018-09-03,,1.1601063013076782,36.415000915527344,31.104999542236328,27.059999465942383,39.18000030517578,48.904998779296875,
2018-09-04,14.609163284301758,1.161548137664795,36.5,31.059999465942383,26.934999465942383,39.19499969482422,48.834999084472656,60.53792190551758
2018-09-05,14.549981117248535,1.1586545705795288,35.814998626708984,30.704999923706055,26.68000030517578,38.88999938964844,48.255001068115234,60.8878288269043
2018-09-06,14.465438842773438,1.1635212898254395,35.72999954223633,30.604999542236328,26.56999969482422,38.935001373291016,48.125,61.062774658203125
2018-09-07,14.49925422668457,1.1620069742202759,35.98500061035156,30.739999771118164,26.604999542236328,39.154998779296875,48.375,60.399444580078125
2018-09-10,14.549981117248535,1.1561094522476196,35.869998931884766,30.729999542236328,26.635000228881836,39.11000061035156,48.34000015258789,60.66914749145508
2018-09-11,14.693705558776855,1.159595012664795,35.94499969482422,30.735000610351562,26.524999618530273,39.150001525878906,48.38999938964844,60.6618537902832
2018-09-12,14.795158386230469,1.1596084833145142,36.005001068115234,30.770000457763672,26.604999542236328,39.224998474121094,48.40999984741211,60.69102478027344
2018-09-13,14.634525299072266,1.1629259586334229,35.959999084472656,30.704999923706055,26.645000457763672,39.209999084472656,48.38999938964844,60.98989486694336
2018-09-14,14.541526794433594,1.1691803932189941,36.275001525878906,30.854999542236328,26.920000076293945,39.290000915527344,48.630001068115234,60.603538513183594
2018-09-17,14.524618148803711,1.1628988981246948,35.94499969482422,30.760000228881836,26.969999313354492,39.255001068115234,48.47999954223633,60.80036926269531
2018-09-18,14.65988826751709,1.1669156551361084,36.20500183105469,30.809999465942383,27.204999923706055,39.404998779296875,48.68000030517578,60.5087890625
2018-09-19,14.752886772155762,1.167992353439331,36.17499923706055,30.8799991607666,27.434999465942383,39.42499923706055,48.79499816894531,59.80170822143555
2018-09-20,14.752886772155762,1.167460560798645,36.1150016784668,30.8799991607666,27.454999923706055,39.189998626708984,48.8849983215332,60.36300277709961
2018-09-21,14.786704063415527,1.1775927543640137,36.25,30.9950008392334,27.65999984741211,39.310001373291016,49.05500030517578,60.34114074707031
2018-09-24,15.006518363952637,1.1751019954681396,36.07500076293945,30.774999618530273,27.424999237060547,38.994998931884766,48.67499923706055,59.25752258300781
2018-09-25,15.040334701538086,1.175295352935791,36.224998474121094,30.875,27.489999771118164,39.119998931884766,48.85499954223633,59.26491165161133
2018-09-26,14.972700119018555,1.1763184070587158,36.40999984741211,30.934999465942383,27.530000686645508,39.20500183105469,48.96500015258789,58.555335998535156
2018-09-27,15.040334701538086,1.1748534440994263,36.61000061035156,31.170000076293945,27.665000915527344,39.404998779296875,49.244998931884766,58.83621597290039
2018-09-28,15.192513465881348,1.1637378931045532,36.849998474121094,31.225000381469727,27.6200008392334,39.599998474121094,49.255001068115234,59.634498596191406
2018-10-01,15.479961395263672,1.1605371236801147,37.13999938964844,31.450000762939453,27.834999084472656,39.84000015258789,49.6349983215332,59.08013916015625
2018-10-02,15.53069019317627,1.157755732536316,37.02000045776367,31.295000076293945,27.795000076293945,39.76499938964844,49.470001220703125,58.947086334228516
2018-10-03,15.67441463470459,1.1551746129989624,37.15999984741211,31.514999389648438,27.924999237060547,39.959999084472656,49.70000076293945,58.31880569458008
2018-10-04,15.505326271057129,1.147631287574768,36.6349983215332,31.1200008392334,27.7450008392334,39.3849983215332,49.185001373291016,57.830970764160156
2018-10-05,15.471508026123047,1.1518083810806274,36.314998626708984,30.96500015258789,27.600000381469727,39.459999084472656,48.91999816894531,57.80141067504883
2018-10-08,15.429235458374023,1.1522595882415771,35.970001220703125,30.860000610351562,27.5,39.474998474121094,48.75,58.636653900146484
2018-10-09,15.539143562316895,1.1494120359420776,36.16999816894531,30.954999923706055,27.514999389648438,39.56999969482422,48.89500045776367,58.717952728271484
2018-10-10,15.234785079956055,1.1506949663162231,35.029998779296875,30.229999542236328,27.209999084472656,39.084999084472656,47.900001525878906,57.84577178955078
2018-10-11,15.006518363952637,1.1533360481262207,33.94499969482422,29.475000381469727,26.440000534057617,38.18000030517578,46.57500076293945,56.19005584716797
2018-10-12,15.124878883361816,1.1590440273284912,34.31999969482422,29.489999771118164,26.354999542236328,37.994998931884766,46.59000015258789,56.04222869873047
2018-10-15,15.158697128295898,1.1551345586776733,34.19499969482422,29.520000457763672,26.44499969482422,38.1349983215332,46.65999984741211,56.41920471191406
2018-10-16,15.226332664489746,1.1583458185195923,34.584999084472656,29.7549991607666,26.704999923706055,38.42499923706055,47.10499954223633,57.57968521118164
2018-10-17,15.09106159210205,1.1575279235839844,34.80500030517578,29.864999771118164,26.704999923706055,38.61000061035156,47.275001525878906,57.35792541503906
2018-10-18,14.921974182128906,1.1500862836837769,34.57500076293945,29.860000610351562,26.674999237060547,38.790000915527344,47.040000915527344,57.24704360961914
2018-10-19,15.006518363952637,1.1460003852844238,34.4900016784668,29.850000381469727,26.6200008392334,38.89500045776367,47.17499923706055,57.74227523803711
2018-10-22,15.023426055908203,1.1509466171264648,34.31999969482422,29.80500030517578,26.450000762939453,38.755001068115234,46.92499923706055,56.93660354614258
2018-10-23,14.693705558776855,1.1467890739440918,33.439998626708984,29.18000030517578,25.989999771118164,38.2599983215332,46.029998779296875,57.187931060791016
2018-10-24,14.592253684997559,1.147315263748169,33.595001220703125,29.274999618530273,25.850000381469727,38.685001373291016,46.16999816894531,57.72750473022461
2018-10-25,14.651433944702148,1.1399258375167847,33.72999954223633,29.25,25.959999084472656,38.52000045776367,46.25,58.466636657714844
2018-10-26,14.76133918762207,1.1377859115600586,33.099998474121094,28.885000228881836,25.540000915527344,38.099998474121094,45.630001068115234,57.06226348876953
2018-10-29,14.609163284301758,1.1398738622665405,33.0099983215332,29.15999984741211,25.809999465942383,38.29999923706055,45.84000015258789,57.786617279052734
2018-10-30,14.533072471618652,1.137617588043213,32.935001373291016,29.174999237060547,25.81999969482422,38.255001068115234,45.72999954223633,58.57752227783203
2018-10-31,14.338621139526367,1.1346358060836792,33.994998931884766,29.825000762939453,26.260000228881836,38.79499816894531,46.84000015258789,57.89011764526367
2018-11-01,14.23716926574707,1.1316697597503662,33.98500061035156,29.75,26.28499984741211,38.55500030517578,46.7599983215332,58.163604736328125
2018-11-02,14.203351020812988,1.1403288841247559,34.21500015258789,29.7549991607666,26.354999542236328,38.58000183105469,46.73500061035156,57.68313980102539
2018-11-05,14.19489860534668,1.1397570371627808,33.9900016784668,29.760000228881836,26.360000610351562,38.720001220703125,46.790000915527344,58.54055404663086
2018-11-06,14.135717391967773,1.141291856765747,34.220001220703125,29.875,26.5049991607666,38.814998626708984,46.939998626708984,58.83621597290039
2018-11-07,14.101901054382324,1.1438506841659546,34.775001525878906,30.145000457763672,26.6299991607666,39.084999084472656,47.44499969482422,59.538414001464844
2018-11-08,14.017355918884277,1.1434059143066406,35.165000915527344,30.385000228881836,26.834999084472656,39.345001220703125,47.84000015258789,59.5827522277832
2018-11-09,13.8651762008667,1.1368415355682373,34.94499969482422,30.334999084472656,26.670000076293945,39.6150016784668,47.67499923706055,59.57537078857422
2018-11-12,13.83135986328125,1.132502794265747,34.29499816894531,30.235000610351562,26.4950008392334,39.71500015258789,47.28499984741211,59.693634033203125
2018-11-13,13.450911521911621,1.1233429908752441,34.5,30.270000457763672,26.549999237060547,39.57500076293945,47.400001525878906,59.634498596191406
2018-11-14,13.5692720413208,1.1311193704605103,33.97999954223633,29.899999618530273,26.309999465942383,39.20000076293945,46.82500076293945,59.486671447753906
2018-11-15,13.543910026550293,1.131183385848999,33.73500061035156,29.729999542236328,26.125,39.1150016784668,46.65999984741211,59.08013916015625
2018-11-16,13.62845516204834,1.1324899196624756,33.77000045776367,29.704999923706055,26.1200008392334,39.1349983215332,46.6150016784668,59.71581268310547
2018-11-19,13.62845516204834,1.141396164894104,33.064998626708984,29.375,25.93000030517578,38.93000030517578,46.154998779296875,59.797115325927734
2018-11-20,13.214189529418945,1.1455016136169434,32.39500045776367,28.9950008392334,25.6200008392334,38.630001068115234,45.494998931884766,59.18361282348633
2018-11-21,13.3240966796875,1.1372424364089966,32.76499938964844,29.190000534057617,25.84000015258789,38.77000045776367,45.88999938964844,59.235355377197266
2018-11-22,,1.1388354301452637,32.369998931884766,28.860000610351562,25.84000015258789,38.48500061035156,45.369998931884766,
2018-11-23,12.935195922851562,1.1403158903121948,32.70500183105469,29.100000381469727,25.795000076293945,38.88999938964844,45.779998779296875,59.117095947265625
2018-11-26,12.994375228881836,1.1337354183197021,33.125,29.30500030517578,26.059999465942383,39.040000915527344,46.125,59.22798156738281
2018-11-27,12.94365119934082,1.1333370208740234,33.33000183105469,29.3799991607666,26.145000457763672,39.11000061035156,46.345001220703125,59.479286193847656
2018-11-28,12.90137767791748,1.1298797130584717,33.665000915527344,29.559999465942383,26.165000915527344,39.42499923706055,46.6150016784668,60.0114860534668
2018-11-29,12.985921859741211,1.1368545293807983,33.9900016784668,29.649999618530273,26.21500015258789,39.39500045776367,46.86000061035156,60.0262336730957
2018-11-30,12.926740646362305,1.1392766237258911,34.185001373291016,29.81999969482422,26.264999389648438,39.63999938964844,46.9900016784668,60.59539031982422
2018-12-03,13.222644805908203,1.1342240571975708,34.66999816894531,30.110000610351562,26.6299991607666,39.7599983215332,47.65999984741211,60.920631408691406
2018-12-04,13.231098175048828,1.135486125946045,34.599998474121094,29.954999923706055,26.28499984741211,39.875,47.33000183105469,60.01884841918945
2018-12-05,,1.1342884302139282,33.95500183105469,29.450000762939453,25.959999084472656,39.39500045776367,46.54999923706055,
2018-12-06,13.12119197845459,1.13490629196167,32.814998626708984,28.524999618530273,25.09000015258789,38.61000061035156,45.16999816894531,61.504539489746094
2018-12-07,13.273370742797852,1.1374752521514893,33.130001068115234,28.825000762939453,25.295000076293945,38.91999816894531,45.51499938964844,60.69888687133789
2018-12-10,13.062010765075684,1.1400948762893677,32.529998779296875,28.229999542236328,24.704999923706055,38.39500045776367,44.560001373291016,60.30712890625
2018-12-11,13.138099670410156,1.1356538534164429,33.400001525878906,28.229999542236328,25.225000381469727,39.154998779296875,45.51499938964844,60.336708068847656
2018-12-12,13.095829010009766,1.1323105096817017,33.720001220703125,28.229999542236328,25.510000228881836,39.14500045776367,45.89500045776367,59.405364990234375
2018-12-13,13.264915466308594,1.1373459100723267,33.40999984741211,28.969999313354492,25.334999084472656,39.17499923706055,45.67499923706055,59.74867630004883
2018-12-14,13.062010765075684,1.1363636255264282,33.189998626708984,28.719999313354492,25.274999618530273,38.974998474121094,45.380001068115234,59.576663970947266
2018-12-17,12.909832000732422,1.1305949687957764,32.654998779296875,28.395000457763672,25.094999313354492,38.51499938964844,44.7599983215332,57.332706451416016
2018-12-18,12.639291763305664,1.1349835395812988,32.11000061035156,28.03499984741211,24.809999465942383,38.04999923706055,44.19499969482422,57.92362976074219
2018-12-19,12.690018653869629,1.1375399827957153,32.150001525878906,28.049999237060547,24.75,37.939998626708984,44.13999938964844,57.287845611572266
2018-12-20,12.571657180786133,1.1389521360397339,31.155000686645508,27.389999389648438,24.149999618530273,37.29999923706055,42.935001373291016,56.42764663696289
2018-12-21,12.461750030517578,1.1456853151321411,31.024999618530273,27.31999969482422,23.905000686645508,37.35499954223633,42.849998474121094,55.64227294921875
2018-12-24,12.323866844177246,1.1372811794281006,,,,,,53.66011428833008
2018-12-25,,1.140393853187561,,,,,,
2018-12-26,12.597921371459961,1.1415525674819946,,,,,,55.45527648925781
2018-12-27,12.478022575378418,1.1361312866210938,30.625,27.024999618530273,23.530000686645508,36.540000915527344,42.220001220703125,55.44778823852539
2018-12-28,12.375252723693848,1.143105387687683,31.21500015258789,27.459999084472656,23.989999771118164,37.119998931884766,42.9900016784668,55.62732696533203
2018-12-31,12.40950870513916,1.1439945697784424,,,,,,55.77693176269531
2019-01-01,,1.1493064165115356,,,,,,
2019-01-02,12.443766593933105,1.14617121219635,31.56999969482422,27.71500015258789,24.225000381469727,37.255001068115234,43.314998626708984,54.565181732177734
2019-01-03,12.54653549194336,1.1318106651306152,30.954999923706055,27.21500015258789,24.059999465942383,36.9900016784668,42.724998474121094,54.946651458740234
2019-01-04,12.717819213867188,1.1391078233718872,31.6200008392334,27.854999542236328,24.78499984741211,37.5099983215332,43.72999954223633,55.58992385864258
2019-01-07,12.81202507019043,1.1410444974899292,31.739999771118164,27.885000228881836,24.854999542236328,37.54499816894531,44.005001068115234,56.135955810546875
2019-01-08,12.940486907958984,1.1479737758636475,31.950000762939453,28.100000381469727,25.030000686645508,37.6150016784668,44.185001373291016,57.29533004760742
2019-01-09,13.197413444519043,1.1456066370010376,32.20500183105469,28.28499984741211,25.094999313354492,37.625,44.415000915527344,57.21303176879883
2019-01-10,13.16315746307373,1.1554949283599854,32.125,28.28499984741211,25.174999237060547,37.7599983215332,44.57500076293945,57.99093246459961
2019-01-11,13.120335578918457,1.151012897491455,32.279998779296875,28.3799991607666,25.299999237060547,37.900001525878906,44.67499923706055,58.155494689941406
2019-01-14,13.009000778198242,1.146013617515564,32.1349983215332,28.21500015258789,25.204999923706055,37.73500061035156,44.54999923706055,57.96101379394531
2019-01-15,13.111773490905762,1.1472889184951782,32.665000915527344,28.594999313354492,25.5,38.209999084472656,45.060001373291016,58.514503479003906
2019-01-16,13.18028450012207,1.1416828632354736,32.779998779296875,28.725000381469727,25.604999542236328,38.279998779296875,45.400001525878906,58.925899505615234
2019-01-17,13.188848495483398,1.1398088932037354,32.84000015258789,28.815000534057617,25.520000457763672,38.41999816894531,45.470001220703125,59.21014404296875
2019-01-18,13.32587718963623,1.13926362991333,33.375,29.415000915527344,26.010000228881836,38.83000183105469,46.28499984741211,59.412109375
2019-01-21,,1.1365574598312378,33.255001068115234,29.270000457763672,25.905000686645508,38.73500061035156,46.16999816894531,
2019-01-22,13.231671333312988,1.136932134628296,33.154998779296875,29.15999984741211,25.725000381469727,38.720001220703125,45.900001525878906,59.23257827758789
2019-01-23,13.214543342590332,1.1364023685455322,32.92499923706055,28.924999237060547,25.6299991607666,38.64500045776367,45.6150016784668,59.240055084228516
2019-01-24,13.248799324035645,1.1388224363327026,33.01499938964844,29.065000534057617,25.905000686645508,38.71500015258789,45.869998931884766,59.442012786865234
2019-01-25,13.317313194274902,1.1313496828079224,33.15999984741211,29.200000762939453,26.049999237060547,38.810001373291016,46.165000915527344,60.18251419067383
2019-01-28,13.137465476989746,1.1413049697875977,32.70500183105469,28.885000228881836,25.764999389648438,38.415000915527344,45.58000183105469,60.773441314697266
2019-01-29,13.265928268432617,1.143000841140747,32.685001373291016,29.010000228881836,25.864999771118164,38.654998779296875,45.744998931884766,61.25212860107422
2019-01-30,13.360135078430176,1.1435366868972778,33.06999969482422,29.165000915527344,25.934999465942383,38.88999938964844,46.084999084472656,61.74580001831055
2019-01-31,13.291620254516602,1.1487650871276855,33.439998626708984,29.540000915527344,26.06999969482422,39.1349983215332,46.474998474121094,62.3890495300293
2019-02-01,13.411519050598145,1.1449507474899292,33.415000915527344,29.655000686645508,26.05500030517578,39.09000015258789,46.529998779296875,61.99263000488281
2019-02-04,13.420083045959473,1.1455278396606445,33.619998931884766,29.81999969482422,26.049999237060547,39.30500030517578,46.744998931884766,62.456382751464844
2019-02-05,13.360135078430176,1.1436283588409424,34.0099983215332,30.225000381469727,26.31999969482422,39.685001373291016,47.2400016784668,62.81541061401367
2019-02-06,13.377262115478516,1.140992522239685,33.98500061035156,30.299999237060547,26.364999771118164,39.68000030517578,47.290000915527344,62.40402603149414
2019-02-07,13.248799324035645,1.1365960836410522,33.689998626708984,30.014999389648438,25.979999542236328,39.470001220703125,46.665000915527344,62.92013931274414
2019-02-08,13.265928268432617,1.1338768005371094,33.755001068115234,30.030000686645508,25.725000381469727,39.665000915527344,46.61000061035156,62.92013931274414
2019-02-11,13.188848495483398,1.1324259042739868,34.084999084472656,30.325000762939453,26.014999389648438,39.970001220703125,47.14500045776367,63.0921516418457
2019-02-12,13.265928268432617,1.1279042959213257,34.290000915527344,30.55500030517578,26.309999465942383,40.10499954223633,47.525001525878906,62.69573974609375
2019-02-13,13.343006134033203,1.1334655284881592,34.5,30.7450008392334,26.415000915527344,40.19499969482422,47.7599983215332,63.01736068725586
2019-02-14,13.377262115478516,1.12649405002594,34.47999954223633,30.690000534057617,26.344999313354492,40.05500030517578,47.665000915527344,63.21930694580078
2019-02-15,13.62562370300293,1.1295350790023804,34.78499984741211,30.969999313354492,26.71500015258789,40.595001220703125,48.220001220703125,63.64565658569336
2019-02-18,,1.1298030614852905,34.82500076293945,30.985000610351562,26.709999084472656,40.505001068115234,48.209999084472656,
2019-02-19,13.659879684448242,1.131196141242981,34.77000045776367,30.920000076293945,26.69499969482422,40.560001373291016,48.14500045776367,63.63070297241211
2019-02-20,13.7027006149292,1.1343011856079102,34.744998931884766,31.020000457763672,26.829999923706055,40.52000045776367,48.275001525878906,63.234283447265625
2019-02-21,13.745521545410156,1.1346358060836792,34.755001068115234,30.96500015258789,26.709999084472656,40.595001220703125,48.20000076293945,63.294124603271484
2019-02-22,13.779779434204102,1.1343011856079102,35.084999084472656,31.21500015258789,26.799999237060547,40.80500030517578,48.470001220703125,63.66812515258789
2019-02-25,13.574238777160645,1.1342240571975708,35.19499969482422,31.329999923706055,26.924999237060547,40.81999969482422,48.709999084472656,63.16697311401367
2019-02-26,13.634188652038574,1.1367511749267578,35.07500076293945,31.28499984741211,26.8799991607666,40.6349983215332,48.54499816894531,62.97247314453125
2019-02-27,13.7027006149292,1.1393154859542847,34.92499923706055,31.139999389648438,26.7450008392334,40.48500061035156,48.380001068115234,62.658329010009766
2019-02-28,13.668445587158203,1.1380189657211304,35.040000915527344,31.15999984741211,26.614999771118164,40.56999969482422,48.33000183105469,62.822872161865234
2019-03-01,13.514288902282715,1.1373459100723267,35.099998474121094,31.25,26.610000610351562,40.58000183105469,48.36000061035156,62.62839126586914
2019-03-04,13.557109832763672,1.1375917196273804,35.18000030517578,31.450000762939453,26.665000915527344,40.619998931884766,48.6150016784668,62.912662506103516
2019-03-05,13.62562370300293,1.1337354183197021,35.28499984741211,31.524999618530273,26.610000610351562,40.849998474121094,48.73500061035156,63.084686279296875
2019-03-06,13.548545837402344,1.1307101249694824,35.060001373291016,31.399999618530273,26.450000762939453,40.58000183105469,48.474998474121094,62.79298400878906
2019-03-07,13.514288902282715,1.1314009428024292,35.060001373291016,31.344999313354492,26.30500030517578,40.83000183105469,48.439998626708984,62.658329010009766
2019-03-08,13.505725860595703,1.1198333501815796,34.79999923706055,31.15999984741211,26.06999969482422,40.60499954223633,47.9900016784668,62.72563934326172
2019-03-11,13.52285385131836,1.1232421398162842,35.27000045776367,31.59000015258789,26.424999237060547,40.994998931884766,48.650001525878906,63.64565658569336
2019-03-12,13.60849666595459,1.1259232759475708,35.345001220703125,31.639999389648438,26.459999084472656,40.98500061035156,48.67499923706055,63.937381744384766
2019-03-13,13.694136619567871,1.1287446022033691,35.54499816894531,31.7450008392334,26.549999237060547,41.10499954223633,48.93000030517578,64.25152587890625
2019-03-14,13.634188652038574,1.133105993270874,35.560001373291016,31.7450008392334,26.510000228881836,41.19499969482422,48.95500183105469,64.34876251220703
2019-03-15,13.634188652038574,1.1308379173278809,35.72999954223633,31.895000457763672,26.65999984741211,41.31999969482422,49.22999954223633,64.14680480957031
2019-03-18,13.7027006149292,1.1319772005081177,35.650001525878906,31.84000015258789,26.729999542236328,41.189998626708984,49.18000030517578,63.82518768310547
2019-03-19,13.736959457397461,1.133619785308838,35.904998779296875,32.025001525878906,26.959999084472656,41.28499984741211,49.5,63.63070297241211
2019-03-20,13.839727401733398,1.135486125946045,35.64500045776367,31.700000762939453,26.639999389648438,40.915000915527344,48.915000915527344,63.82518768310547
2019-03-21,13.771214485168457,1.1427918672561646,36.005001068115234,31.895000457763672,26.795000076293945,41.27000045776367,49.314998626708984,64.96212005615234
2019-03-22,13.651315689086914,1.1375011205673218,35.79499816894531,31.674999237060547,26.549999237060547,41.349998474121094,48.959999084472656,64.49085998535156
2019-03-25,13.7027006149292,1.129586100578308,35.63999938964844,31.565000534057617,26.375,41.2400016784668,48.665000915527344,64.57318115234375
2019-03-26,13.728395462036133,1.131580114364624,35.97999954223633,31.829999923706055,26.59000015258789,41.68000030517578,49.07500076293945,65.08926391601562
2019-03-27,13.651315689086914,1.127484679222107,35.80500030517578,31.770000457763672,26.594999313354492,41.6349983215332,49.02000045776367,64.90225982666016
2019-03-28,13.60849666595459,1.1251758337020874,36.04499816894531,31.959999084472656,26.56999969482422,41.755001068115234,49.18000030517578,65.53204345703125
2019-03-29,13.617059707641602,1.1230024099349976,36.27000045776367,32.154998779296875,26.735000610351562,41.90999984741211,49.54999923706055,65.4718017578125
2019-04-01,13.745521545410156,1.1223849058151245,36.61000061035156,32.47999954223633,27.190000534057617,42.10499954223633,50.11000061035156,65.43412017822266
2019-04-02,13.779779434204102,1.1205737590789795,36.685001373291016,32.625,27.260000228881836,42.150001525878906,50.27000045776367,65.89366149902344
2019-04-03,13.796907424926758,1.1203854084014893,36.75,32.73500061035156,27.415000915527344,42.11000061035156,50.54999923706055,65.81832885742188
2019-04-04,13.805472373962402,1.1246949434280396,36.58000183105469,32.65999984741211,27.40999984741211,41.92499923706055,50.400001525878906,65.7128677368164
2019-04-05,13.848292350769043,1.1225864887237549,36.81999969482422,32.814998626708984,27.520000457763672,42.125,50.599998474121094,66.17239379882812
2019-04-08,13.899677276611328,1.121956706047058,36.625,32.665000915527344,27.3700008392334,41.83000183105469,50.45000076293945,65.80325317382812
2019-04-09,13.87398624420166,1.1256444454193115,36.630001068115234,32.56999969482422,27.21500015258789,41.76499938964844,50.2400016784668,65.45672607421875
2019-04-10,13.993884086608887,1.126697063446045,36.69499969482422,32.61000061035156,27.2549991607666,41.915000915527344,50.36000061035156,66.05939483642578
2019-04-11,13.925370216369629,1.1276500225067139,36.630001068115234,32.685001373291016,27.28499984741211,41.915000915527344,50.40999984741211,66.0141830444336
2019-04-12,13.968191146850586,1.1260753870010376,36.5099983215332,32.68000030517578,27.274999618530273,41.78499984741211,50.43000030517578,66.33060455322266
2019-04-15,13.942498207092285,1.1305055618286133,36.595001220703125,32.73500061035156,27.325000762939453,41.89500045776367,50.470001220703125,65.99158477783203
2019-04-16,13.89111328125,1.1304928064346313,36.709999084472656,32.93000030517578,27.44499969482422,41.900001525878906,50.709999084472656,64.50000762939453
2019-04-17,13.839727401733398,1.128502607345581,36.45500183105469,32.86000061035156,27.43000030517578,41.64500045776367,50.56999969482422,63.91240310668945
2019-04-18,13.882548332214355,1.129713773727417,36.525001525878906,32.98500061035156,27.469999313354492,41.724998474121094,50.79999923706055,64.40205383300781
2019-04-19,,1.1235954761505127,,,,,,
2019-04-22,13.95106315612793,1.1244546175003052,,,,,,63.69392395019531
2019-04-23,13.968191146850586,1.1258978843688965,37.119998931884766,33.3849983215332,27.56999969482422,42.029998779296875,51.279998779296875,64.53766632080078
2019-04-24,13.916807174682617,1.122435212135315,37.314998626708984,33.45000076293945,27.34000015258789,42.189998626708984,51.31999969482422,65.01226806640625
2019-04-25,13.89111328125,1.1153494119644165,37.474998474121094,33.47999954223633,27.325000762939453,42.290000915527344,51.439998626708984,64.87666320800781
2019-04-26,13.728395462036133,1.113684892654419,37.58000183105469,33.404998779296875,27.225000381469727,42.4900016784668,51.41999816894531,65.38895416259766
2019-04-29,13.736959457397461,1.1150261163711548,37.709999084472656,33.46500015258789,27.350000381469727,42.415000915527344,51.619998931884766,64.74858856201172
2019-04-30,13.779779434204102,1.1185182332992554,37.474998474121094,33.220001220703125,27.264999389648438,42.43000030517578,51.349998474121094,65.3663101196289
2019-05-01,13.736959457397461,1.121604323387146,,,,,,65.41903686523438
2019-05-02,13.582801818847656,1.1200841665267944,37.34000015258789,33.04499816894531,27.165000915527344,42.20000076293945,51.08000183105469,65.48686218261719
2019-05-03,13.591365814208984,1.1173559427261353,37.619998931884766,33.34000015258789,27.3700008392334,42.53499984741211,51.4900016784668,66.04432678222656
2019-05-06,13.634188652038574,1.1185808181762695,37.415000915527344,33.040000915527344,27.094999313354492,42.27000045776367,51.04999923706055,65.8333969116211
2019-05-07,13.46290397644043,1.1201846599578857,37.10499954223633,32.744998931884766,26.770000457763672,42.064998626708984,50.59000015258789,64.64312744140625
2019-05-08,13.480031967163086,1.1191065311431885,37.095001220703125,32.70000076293945,26.645000457763672,42.02000045776367,50.45000076293945,64.57532501220703
2019-05-09,13.411519050598145,1.1198333501815796,36.39500045776367,32.04999923706055,26.014999389648438,41.439998626708984,49.540000915527344,64.7410659790039
2019-05-10,13.437211036682129,1.1222084760665894,36.34000015258789,32.029998779296875,26.0,41.58000183105469,49.43000030517578,65.43412017822266
2019-05-13,13.368696212768555,1.1236460208892822,36.16999816894531,31.799999237060547,25.739999771118164,41.650001525878906,49.130001068115234,65.3663101196289
2019-05-14,13.548545837402344,1.1232547760009766,36.59000015258789,32.150001525878906,26.049999237060547,42.029998779296875,49.76499938964844,65.60737609863281
2019-05-15,13.668445587158203,1.1204482316970825,36.79999923706055,32.31999969482422,26.114999771118164,42.23500061035156,49.939998626708984,66.05184936523438
2019-05-16,13.745521545410156,1.1207244396209717,37.46500015258789,32.779998779296875,26.375,42.72999954223633,50.61000061035156,66.31552124023438
2019-05-17,13.617059707641602,1.1173559427261353,37.51499938964844,32.7400016784668,26.31999969482422,42.709999084472656,50.5099983215332,66.18746185302734
2019-05-20,13.677008628845215,1.1165324449539185,37.06999969482422,32.369998931884766,26.0049991607666,42.63999938964844,50.0099983215332,65.23072052001953
2019-05-21,13.685572624206543,1.1168566942214966,37.27000045776367,32.564998626708984,26.204999923706055,42.834999084472656,50.290000915527344,65.78819274902344
2019-05-22,13.488595962524414,,37.32500076293945,32.584999084472656,26.040000915527344,42.814998626708984,50.220001220703125,65.98404693603516
2019-05-23,13.205978393554688,1.1155484914779663,36.875,32.18000030517578,25.6200008392334,42.665000915527344,49.54999923706055,66.13471221923828
2019-05-24,13.385826110839844,1.1184556484222412,36.810001373291016,32.11000061035156,25.684999465942383,42.724998474121094,49.60499954223633,66.33810424804688
2019-05-27,,1.1209630966186523,36.970001220703125,32.22999954223633,25.81999969482422,42.81999969482422,49.75,
2019-05-28,13.497160911560059,1.1193821430206299,37.03499984741211,32.244998931884766,25.71500015258789,42.689998626708984,49.69499969482422,65.68273162841797
2019-05-29,13.445775985717773,1.1170687675476074,36.560001373291016,31.760000228881836,25.454999923706055,42.31999969482422,49.125,64.80885314941406
2019-05-30,13.308747291564941,1.1137346029281616,36.72999954223633,31.90999984741211,25.530000686645508,42.38999938964844,49.25,65.0800552368164
2019-05-31,12.95761775970459,1.1131147146224976,36.540000915527344,31.645000457763672,25.235000610351562,42.369998931884766,48.875,65.45672607421875
2019-06-03,12.914795875549316,1.1174057722091675,36.28499984741211,31.434999465942383,25.200000762939453,42.439998626708984,48.63999938964844,65.61491394042969
2019-06-04,12.991873741149902,1.124631643295288,36.25,31.610000610351562,25.579999923706055,42.404998779296875,48.97999954223633,65.32112121582031
2019-06-05,12.726384162902832,1.1254037618637085,36.775001525878906,31.829999923706055,25.56999969482422,42.7599983215332,49.28499984741211,66.68464660644531
2019-06-06,12.949051856994629,1.1229015588760376,36.94499969482422,31.954999923706055,25.540000915527344,42.974998474121094,49.40999984741211,66.8127212524414
2019-06-07,12.991873741149902,1.1276500225067139,37.470001220703125,32.29999923706055,25.704999923706055,43.28499984741211,49.89500045776367,67.06130981445312
2019-06-10,12.95761775970459,1.1320157051086426,37.80500030517578,32.61000061035156,25.975000381469727,43.20500183105469,50.34000015258789,66.84286499023438
2019-06-11,13.043258666992188,1.1318106651306152,37.599998474121094,32.654998779296875,26.06999969482422,43.165000915527344,50.290000915527344,67.02365112304688
2019-06-12,12.863411903381348,1.1329518556594849,37.595001220703125,32.4900016784668,25.84000015258789,43.25,50.08000183105469,67.24964141845703
2019-06-13,13.026130676269531,1.1295605897903442,37.76499938964844,32.650001525878906,25.885000228881836,43.3650016784668,50.310001373291016,67.5359115600586
2019-06-14,13.077516555786133,1.1280443668365479,37.904998779296875,32.71500015258789,25.864999771118164,43.67499923706055,50.40999984741211,67.57357025146484
2019-06-17,13.017566680908203,1.1217050552368164,37.88999938964844,32.775001525878906,25.860000610351562,43.599998474121094,50.43000030517578,68.2967758178711
2019-06-18,13.171722412109375,1.1224603652954102,38.400001525878906,33.28499984741211,26.260000228881836,43.94499969482422,51.189998626708984,68.22897338867188
2019-06-19,13.146029472351074,1.1198208332061768,38.25,33.13999938964844,26.31999969482422,43.88999938964844,51.06999969482422,68.59809112548828
2019-06-20,13.411519050598145,1.1238480806350708,38.57500076293945,33.34000015258789,26.329999923706055,44.14500045776367,51.279998779296875,68.94462585449219
2019-06-21,13.445775985717773,1.1295605897903442,38.474998474121094,33.275001525878906,26.229999542236328,43.970001220703125,51.25,67.97285461425781
2019-06-24,13.505725860595703,1.1384724378585815,38.220001220703125,33.05500030517578,26.010000228881836,43.685001373291016,50.900001525878906,67.73929595947266
2019-06-25,13.548545837402344,1.140029788017273,38.07500076293945,32.94499969482422,26.05500030517578,43.814998626708984,50.689998626708984,66.73738861083984
2019-06-26,13.617059707641602,1.1369967460632324,37.79499816894531,32.85499954223633,26.114999771118164,43.3849983215332,50.52000045776367,65.40398406982422
2019-06-27,13.617059707641602,1.1374752521514893,37.7400016784668,32.814998626708984,26.235000610351562,43.220001220703125,50.56999969482422,66.24594116210938
2019-06-28,13.471467971801758,1.1372941732406616,37.849998474121094,32.900001525878906,26.364999771118164,43.32500076293945,50.79999923706055,66.47413635253906
2019-07-01,13.46290397644043,1.1364928483963013,38.375,33.380001068115234,26.760000228881836,43.76499938964844,51.540000915527344,66.44371032714844
2019-07-02,13.240236282348633,1.1287446022033691,38.599998474121094,33.51499938964844,26.809999465942383,43.96500015258789,51.560001373291016,67.59976196289062
2019-07-03,13.368696212768555,1.1293054819107056,39.025001525878906,33.810001373291016,27.0049991607666,44.665000915527344,52.130001068115234,68.40596008300781
2019-07-04,,1.1287955045700073,39.14500045776367,33.915000915527344,27.079999923706055,44.70500183105469,52.22999954223633,
2019-07-05,13.394391059875488,1.128579020500183,38.959999084472656,33.790000915527344,27.059999465942383,44.6150016784668,52.130001068115234,68.16258239746094
2019-07-08,13.377262115478516,1.1227376461029053,39.005001068115234,33.724998474121094,26.985000610351562,44.650001525878906,52.02000045776367,68.40596008300781
2019-07-09,13.420083045959473,1.121604323387146,39.130001068115234,33.689998626708984,26.844999313354492,44.505001068115234,51.970001220703125,68.6341552734375
2019-07-10,13.711265563964844,1.120824933052063,39.130001068115234,33.689998626708984,26.854999542236328,44.6150016784668,52.02000045776367,69.0296401977539
2019-07-11,13.719829559326172,1.125885248184204,39.224998474121094,33.75,26.899999618530273,44.525001525878906,52.11000061035156,68.1321792602539
2019-07-12,13.754085540771484,1.1252391338348389,39.18000030517578,33.849998474121094,26.985000610351562,44.625,52.20000076293945,68.04087829589844
2019-07-15,13.60849666595459,1.1272051334381104,39.36000061035156,33.91999816894531,27.06999969482422,44.685001373291016,52.279998779296875,67.98766326904297
2019-07-16,13.46290397644043,1.1261768341064453,39.42499923706055,34.01499938964844,27.075000762939453,44.70000076293945,52.45000076293945,67.82794952392578
2019-07-17,13.343006134033203,1.1212271451950073,39.35499954223633,33.849998474121094,27.075000762939453,44.630001068115234,52.15999984741211,67.59976196289062
2019-07-18,13.248799324035645,1.12296462059021,39.16999816894531,33.720001220703125,26.764999389648438,44.56999969482422,51.869998931884766,67.59976196289062
2019-07-19,13.32587718963623,1.1261515617370605,39.43000030517578,33.94499969482422,26.954999923706055,44.779998779296875,52.220001220703125,66.49693298339844
2019-07-22,13.283056259155273,1.1218308210372925,39.22999954223633,33.744998931884766,26.920000076293945,44.44499969482422,52.040000915527344,66.43608093261719
2019-07-23,13.368696212768555,1.1206114292144775,39.5,34.040000915527344,27.264999389648438,44.71500015258789,52.52000045776367,67.18907165527344
2019-07-24,13.308747291564941,1.1151255369186401,39.58000183105469,34.16999816894531,27.415000915527344,44.7400016784668,52.77000045776367,67.24229431152344
2019-07-25,13.257364273071289,1.1142433881759644,39.55500030517578,34.10499954223633,27.329999923706055,44.755001068115234,52.630001068115234,66.8468017578125
2019-07-26,13.274491310119629,1.1146159172058105,39.76499938964844,34.30500030517578,27.3799991607666,45.04499816894531,52.95000076293945,67.15103149414062
2019-07-29,13.32587718963623,1.1132138967514038,39.689998626708984,34.34000015258789,27.360000610351562,45.18000030517578,52.83000183105469,67.33356475830078
2019-07-30,13.4029541015625,1.1143054962158203,39.67499923706055,34.064998626708984,27.020000457763672,44.935001373291016,52.540000915527344,67.8735580444336
2019-07-31,13.317313194274902,1.1157974004745483,39.53499984741211,34.130001068115234,27.03499984741211,44.900001525878906,52.619998931884766,67.60739135742188
2019-08-01,12.949051856994629,1.1071745157241821,39.8849983215332,34.310001373291016,27.18000030517578,45.165000915527344,52.959999084472656,67.60739135742188
2019-08-02,12.966182708740234,1.1078859567642212,38.70000076293945,33.224998474121094,26.344999313354492,44.57500076293945,51.279998779296875,67.93443298339844
2019-08-05,12.85484790802002,1.1108025312423706,37.755001068115234,32.314998626708984,25.635000228881836,43.81999969482422,49.970001220703125,66.5958023071289
2019-08-06,12.786334037780762,1.1243788003921509,37.654998779296875,32.18000030517578,25.485000610351562,43.61000061035156,49.63999938964844,67.33356475830078
2019-08-07,12.623613357543945,1.1206992864608765,37.78499984741211,32.14500045776367,25.46500015258789,43.935001373291016,49.75,67.98766326904297
2019-08-08,12.692127227783203,1.1204355955123901,38.64500045776367,32.82500076293945,25.815000534057617,44.65999984741211,50.810001373291016,69.18175506591797
2019-08-09,12.803461074829102,1.1187183856964111,38.45500183105469,32.60499954223633,25.5049991607666,44.70500183105469,50.47999954223633,69.09809112548828
2019-08-12,12.70925521850586,1.1208499670028687,38.345001220703125,32.459999084472656,25.3700008392334,44.599998474121094,50.220001220703125,68.9155502319336
2019-08-13,13.009000778198242,1.1218308210372925,38.64500045776367,32.81999969482422,25.635000228881836,44.63999938964844,50.779998779296875,69.01443481445312
2019-08-14,12.81202507019043,1.1177055835723877,38.150001525878906,32.33000183105469,25.110000610351562,44.33000183105469,50.060001373291016,67.96482849121094
2019-08-15,12.70925521850586,1.1143302917480469,,,,,,68.64175415039062
2019-08-16,12.700691223144531,1.1113580465316772,38.650001525878906,32.75,25.5049991607666,45.02000045776367,50.630001068115234,69.3490982055664
2019-08-19,12.760640144348145,1.109385371208191,39.16999816894531,33.21500015258789,25.815000534057617,45.400001525878906,51.220001220703125,69.85106658935547
2019-08-20,12.794897079467773,1.1083157062530518,39.13999938964844,33.11000061035156,25.639999389648438,45.32500076293945,51.02000045776367,69.35670471191406
2019-08-21,12.837718963623047,1.1097793579101562,39.3650016784668,33.255001068115234,25.739999771118164,45.3650016784668,51.310001373291016,69.64570617675781
2019-08-22,12.777769088745117,1.10907781124115,39.06999969482422,33.084999084472656,25.71500015258789,45.185001373291016,51.130001068115234,69.96515655517578
2019-08-23,12.683564186096191,1.1084016561508179,38.69499969482422,32.650001525878906,25.389999389648438,44.91999816894531,50.34000015258789,68.98401641845703
2019-08-26,12.674999237060547,1.1143054962158203,38.584999084472656,32.59000015258789,25.44499969482422,44.994998931884766,50.439998626708984,69.51641845703125
2019-08-27,12.760640144348145,1.1103708744049072,38.875,32.775001525878906,25.434999465942383,45.255001068115234,50.650001525878906,69.31867218017578
2019-08-28,12.871975898742676,1.109004020690918,38.93000030517578,32.849998474121094,25.5049991607666,45.290000915527344,50.75,69.54684448242188
2019-08-29,12.906231880187988,1.1085859537124634,39.415000915527344,33.27000045776367,25.825000762939453,45.685001373291016,51.40999984741211,70.08683776855469
2019-08-30,12.700691223144531,1.1061947345733643,39.470001220703125,33.380001068115234,25.9950008392334,45.834999084472656,51.75,70.14007568359375
2019-09-02,,1.0991789102554321,39.60499954223633,33.470001220703125,26.049999237060547,45.8849983215332,51.790000915527344,
2019-09-03,12.632177352905273,1.0968520641326904,39.625,33.3650016784668,25.985000610351562,46.06999969482422,51.650001525878906,70.83980560302734
2019-09-04,12.931924819946289,1.0974539518356323,39.834999084472656,33.599998474121094,26.2549991607666,46.20500183105469,51.970001220703125,71.43307495117188
2019-09-05,12.914795875549316,1.10349702835083,40.1150016784668,34.04499816894531,26.645000457763672,46.165000915527344,52.560001373291016,70.91588592529297
2019-09-06,12.949051856994629,1.1036310195922852,40.21500015258789,34.095001220703125,26.719999313354492,46.279998779296875,52.599998474121094,71.07559204101562
2019-09-09,13.068950653076172,1.1020619869232178,39.744998931884766,34.025001525878906,26.979999542236328,45.89500045776367,52.619998931884766,70.73333740234375
2019-09-10,13.086079597473145,1.1048381328582764,38.95500183105469,33.744998931884766,27.2549991607666,45.5,52.400001525878906,70.00318145751953
2019-09-11,12.991873741149902,1.1050333976745605,39.31999969482422,34.185001373291016,27.700000762939453,45.89500045776367,53.099998474121094,70.0792236328125
2019-09-12,12.940486907958984,1.1013457775115967,39.61000061035156,34.255001068115234,27.69499969482422,46.099998474121094,53.220001220703125,70.451904296875
2019-09-13,12.940486907958984,1.1058276891708374,39.39500045776367,34.224998474121094,27.885000228881836,45.77000045776367,53.25,69.69896697998047
2019-09-16,13.514288902282715,1.1083402633666992,39.34000015258789,34.28499984741211,27.875,45.94499969482422,53.2400016784668,70.30741882324219
2019-09-17,13.257364273071289,1.100594401359558,39.36000061035156,34.1349983215332,27.594999313354492,46.005001068115234,53.06999969482422,71.06800079345703
2019-09-18,13.171722412109375,1.1074687242507935,39.36000061035156,34.13999938964844,27.530000686645508,45.90999984741211,53.0099983215332,70.8245849609375
2019-09-19,13.240236282348633,1.1031439304351807,39.665000915527344,34.349998474121094,27.760000228881836,46.314998626708984,53.47999954223633,71.07559204101562
2019-09-20,13.257364273071289,1.1048502922058105,39.654998779296875,34.45000076293945,27.864999771118164,46.52000045776367,53.540000915527344,71.07559204101562
2019-09-23,13.291620254516602,1.1019041538238525,39.52000045776367,34.2599983215332,27.604999542236328,46.474998474121094,53.2400016784668,71.1896743774414
2019-09-24,13.137465476989746,1.0993722677230835,39.595001220703125,34.2400016784668,27.53499984741211,46.689998626708984,53.20000076293945,71.03173828125
2019-09-25,13.060386657714844,1.1016855239868164,39.314998626708984,34.13999938964844,27.579999923706055,46.595001220703125,53.08000183105469,71.16976165771484
2019-09-26,13.060386657714844,1.0952903032302856,39.55500030517578,34.17499923706055,27.549999237060547,46.75,53.18000030517578,71.76773834228516
2019-09-27,13.009000778198242,1.0922753810882568,39.63999938964844,34.32500076293945,27.579999923706055,46.7599983215332,53.380001068115234,71.36906433105469
2019-09-30,12.880538940429688,1.0942714214324951,39.68000030517578,34.435001373291016,27.614999771118164,46.755001068115234,53.459999084472656,71.4917221069336
2019-10-01,12.871975898742676,1.0899657011032104,39.38999938964844,34.10499954223633,27.434999465942383,46.540000915527344,52.970001220703125,70.81707000732422
2019-10-02,12.760640144348145,1.0934937000274658,38.375,33.209999084472656,26.774999618530273,45.689998626708984,51.560001373291016,70.5180892944336
2019-10-03,12.743513107299805,1.0963709354400635,38.54499816894531,33.220001220703125,26.625,45.849998474121094,51.54999923706055,71.20040893554688
2019-10-04,12.846282958984375,1.0975382328033447,39.02000045776367,33.60499954223633,26.829999923706055,46.345001220703125,52.2599983215332,71.62973022460938
2019-10-07,12.829153060913086,1.098659634590149,39.154998779296875,33.7599983215332,27.0,46.47999954223633,52.529998779296875,71.47640228271484
2019-10-08,12.820589065551758,1.0972130298614502,38.720001220703125,33.3849983215332,26.670000076293945,46.13999938964844,51.810001373291016,71.10073852539062
2019-10-09,12.85484790802002,1.0960105657577515,38.76499938964844,33.415000915527344,26.704999923706055,46.1150016784668,51.959999084472656,71.23873901367188
2019-10-10,12.940486907958984,1.0987803936004639,39.0,33.69499969482422,26.96500015258789,46.19499969482422,52.34000015258789,71.35372924804688
2019-10-11,13.094644546508789,1.1011033058166504,39.34000015258789,34.20500183105469,27.5,46.375,53.13999938964844,71.32307434082031
2019-10-14,13.03469467163086,1.1030004024505615,39.16999816894531,34.08000183105469,27.354999542236328,46.14500045776367,52.86000061035156,71.35372924804688
2019-10-15,13.00043773651123,1.1029006242752075,39.35499954223633,34.38999938964844,27.770000457763672,46.26499938964844,53.25,71.44575500488281
2019-10-16,13.017566680908203,1.1034727096557617,39.11000061035156,34.2400016784668,27.75,46.130001068115234,53.09000015258789,71.4533920288086
2019-10-17,13.068950653076172,1.107493281364441,39.01499938964844,34.189998626708984,27.55500030517578,46.02000045776367,52.900001525878906,71.92105865478516
2019-10-18,13.060386657714844,1.1127183437347412,38.80500030517578,33.994998931884766,27.415000915527344,45.849998474121094,52.709999084472656,72.47309112548828
2019-10-21,13.043258666992188,1.1155734062194824,38.82500076293945,34.154998779296875,27.690000534057617,46.07500076293945,52.97999954223633,73.02507781982422
2019-10-22,13.060386657714844,1.1151753664016724,38.86000061035156,34.345001220703125,27.760000228881836,46.060001373291016,53.09000015258789,72.81041717529297
2019-10-23,13.22310733795166,1.112928867340088,38.60499954223633,34.189998626708984,27.829999923706055,46.0099983215332,53.08000183105469,72.97142791748047
2019-10-24,13.291620254516602,1.1132385730743408,39.0099983215332,34.435001373291016,27.899999618530273,46.15999984741211,53.41999816894531,72.78740692138672
2019-10-25,13.368696212768555,1.1103955507278442,39.185001373291016,34.70500183105469,28.075000762939453,46.06999969482422,53.63999938964844,72.16641235351562
2019-10-28,13.317313194274902,1.1084262132644653,39.29999923706055,34.845001220703125,28.264999389648438,45.96500015258789,53.79999923706055,71.72940826416016
2019-10-29,13.291620254516602,1.1099148988723755,39.33000183105469,34.744998931884766,28.290000915527344,46.064998626708984,53.810001373291016,72.16641235351562
2019-10-30,13.205978393554688,1.1114816665649414,39.375,34.650001525878906,28.094999313354492,46.150001525878906,53.63999938964844,72.42705535888672
2019-10-31,13.128900527954102,1.1154489517211914,39.2599983215332,34.564998626708984,27.934999465942383,45.97999954223633,53.40999984741211,72.29674530029297
2019-11-01,13.368696212768555,1.1157102584838867,39.3650016784668,34.81999969482422,28.174999237060547,46.07500076293945,53.849998474121094,72.28142547607422
2019-11-04,13.454339981079102,1.1166571378707886,39.48500061035156,35.17499923706055,28.579999923706055,46.130001068115234,54.34000015258789,71.77540588378906
2019-11-05,13.488595962524414,1.1128545999526978,39.369998931884766,35.34000015258789,28.899999618530273,45.93000030517578,54.650001525878906,70.55640411376953
2019-11-06,13.343006134033203,1.107419729232788,39.439998626708984,35.31999969482422,28.84000015258789,46.16999816894531,54.630001068115234,70.70973205566406
2019-11-07,13.334441184997559,1.1070396900177002,39.720001220703125,35.61000061035156,29.15999984741211,46.40999984741211,55.060001373291016,70.00440979003906
2019-11-08,13.368696212768555,1.1019697189331055,39.720001220703125,35.584999084472656,29.079999923706055,46.29999923706055,54.97999954223633,69.83572387695312
2019-11-11,13.283056259155273,1.102244257926941,39.7599983215332,35.529998779296875,29.03499984741211,46.13999938964844,54.880001068115234,69.98907470703125
2019-11-12,13.291620254516602,1.1035456657409668,40.005001068115234,35.755001068115234,29.280000686645508,46.34000015258789,55.25,69.4600830078125
2019-11-13,13.317313194274902,1.1012367010116577,40.040000915527344,35.650001525878906,29.024999618530273,46.474998474121094,55.130001068115234,70.09639739990234
2019-11-14,13.274491310119629,1.1013215780258179,40.084999084472656,35.63999938964844,28.854999542236328,46.404998779296875,55.0,70.64073181152344
2019-11-15,13.343006134033203,1.1020498275756836,40.17499923706055,35.7400016784668,28.975000381469727,46.45000076293945,55.25,71.0240478515625
2019-11-18,13.205978393554688,1.105509877204895,40.150001525878906,35.65999984741211,28.864999771118164,46.6150016784668,55.15999984741211,71.36906433105469
2019-11-19,13.086079597473145,1.1072357892990112,40.27000045776367,35.73500061035156,28.81999969482422,46.650001525878906,55.189998626708984,71.4917221069336
2019-11-20,13.257364273071289,1.1080001592636108,40.375,35.70000076293945,28.71500015258789,46.67499923706055,55.11000061035156,71.4533920288086
2019-11-21,13.377262115478516,1.1078859567642212,40.084999084472656,35.525001525878906,28.655000686645508,46.4900016784668,54.83000183105469,70.44908142089844
2019-11-22,13.368696212768555,1.1065863370895386,40.095001220703125,35.65999984741211,28.829999923706055,46.54999923706055,55.11000061035156,70.18840789794922
2019-11-25,13.368696212768555,1.1022562980651855,40.560001373291016,36.1150016784668,29.165000915527344,46.86000061035156,55.689998626708984,70.4107437133789
2019-11-26,13.445775985717773,1.1014429330825806,40.775001525878906,36.20500183105469,29.014999389648438,46.91999816894531,55.72999954223633,71.34607696533203
2019-11-27,13.377262115478516,1.1022562980651855,40.959999084472656,36.36000061035156,29.149999618530273,47.154998779296875,56.0099983215332,71.68340301513672
2019-11-28,,1.1004853248596191,40.92499923706055,36.3650016784668,29.079999923706055,47.10499954223633,55.9900016784668,
2019-11-29,13.111773490905762,1.101176142692566,40.81999969482422,36.27000045776367,28.950000762939453,46.875,55.77000045776367,71.35372924804688
2019-12-02,13.094644546508789,1.1019041538238525,40.03499984741211,35.71500015258789,28.56999969482422,46.31999969482422,54.880001068115234,70.27275085449219
2019-12-03,13.103208541870117,1.1079105138778687,39.904998779296875,35.334999084472656,28.25,46.220001220703125,54.349998474121094,70.72505950927734
2019-12-04,13.308747291564941,1.1085245609283447,40.290000915527344,35.73500061035156,28.670000076293945,46.540000915527344,55.02000045776367,71.01641082763672
2019-12-05,13.334441184997559,1.108303427696228,40.26499938964844,35.70500183105469,28.610000610351562,46.32500076293945,54.880001068115234,71.05474090576172
2019-12-06,13.420083045959473,1.1105434894561768,40.75,36.2599983215332,29.049999237060547,47.0,55.7599983215332,71.20040893554688
2019-12-09,13.4029541015625,1.105888843536377,40.525001525878906,36.14500045776367,28.9950008392334,46.82500076293945,55.58000183105469,71.33839416503906
2019-12-10,13.46290397644043,1.106499433517456,40.39500045776367,36.029998779296875,28.844999313354492,46.66999816894531,55.369998931884766,70.92440032958984
2019-12-11,13.4029541015625,1.1092746257781982,40.41999816894531,36.11000061035156,28.8700008392334,46.564998626708984,55.38999938964844,70.20374298095703
2019-12-12,13.52285385131836,1.1135857105255127,40.380001068115234,36.2599983215332,29.084999084472656,46.55500030517578,55.63999938964844,69.25308227539062
2019-12-13,13.591365814208984,1.1186057329177856,40.404998779296875,36.32500076293945,29.184999465942383,46.400001525878906,55.7400016784668,69.26840209960938
2019-12-16,13.685572624206543,1.1124460697174072,40.779998779296875,36.70500183105469,29.540000915527344,46.66999816894531,56.279998779296875,69.76673889160156
2019-12-17,13.745521545410156,1.1136974096298218,40.73500061035156,36.57500076293945,29.299999237060547,46.69499969482422,56.13999938964844,69.10740661621094
2019-12-18,13.754085540771484,1.115138053894043,40.82500076293945,36.685001373291016,29.3700008392334,46.72999954223633,56.2599983215332,69.94972229003906
2019-12-19,13.814034461975098,1.1115927696228027,40.83000183105469,36.68000030517578,29.46500015258789,46.775001525878906,56.36000061035156,70.56962585449219
2019-12-20,13.796907424926758,1.1125946044921875,41.31999969482422,37.05500030517578,29.639999389648438,47.220001220703125,56.88999938964844,70.95706939697266
2019-12-23,13.800387382507324,1.1079840660095215,41.415000915527344,37.07500076293945,29.59000015258789,47.1349983215332,56.84000015258789,70.60062408447266
2019-12-24,13.861298561096191,1.109385371208191,,,,,,70.7865982055664
2019-12-25,,1.1090162992477417,,,,,,
2019-12-26,13.965713500976562,1.1095454692840576,,,,,,71.0965576171875
2019-12-27,13.99181842803955,1.110111951828003,41.310001373291016,37.01499938964844,29.459999084472656,46.959999084472656,56.75,71.3212890625
2019-12-30,13.965713500976562,1.1182304620742798,40.935001373291016,36.69499969482422,29.204999923706055,46.67499923706055,56.220001220703125,71.39100646972656
2019-12-31,13.878700256347656,1.120229721069336,,,,,,71.90245056152344
2020-01-01,,1.1220825910568237,,,,,,
2020-01-02,13.896102905273438,1.1220825910568237,41.23500061035156,37.05500030517578,29.514999389648438,46.970001220703125,56.709999084472656,71.05780029296875
2020-01-03,14.061429023742676,1.1171437501907349,41.244998931884766,36.9900016784668,29.350000381469727,46.94499969482422,56.630001068115234,71.49949645996094
2020-01-06,14.087533950805664,1.1161960363388062,41.10499954223633,36.880001068115234,29.239999771118164,46.93000030517578,56.540000915527344,71.58474731445312
2020-01-07,14.078832626342773,1.1197994947433472,41.3849983215332,37.13999938964844,29.475000381469727,47.06999969482422,56.900001525878906,70.7865982055664
2020-01-08,13.869998931884766,1.1154738664627075,41.584999084472656,37.26499938964844,29.5,47.29499816894531,57.130001068115234,71.00357055664062
2020-01-09,13.809088706970215,1.1113210916519165,41.92499923706055,37.55500030517578,29.635000228881836,47.525001525878906,57.47999954223633,70.96482849121094
2020-01-10,13.809088706970215,1.1111111640930176,41.93000030517578,37.56999969482422,29.59000015258789,47.400001525878906,57.400001525878906,71.50726318359375
2020-01-13,13.704672813415527,1.1116669178009033,41.900001525878906,37.55500030517578,29.450000762939453,47.375,57.34000015258789,72.36740112304688
2020-01-14,13.765583038330078,1.1135733127593994,42.08000183105469,37.76499938964844,29.559999465942383,47.584999084472656,57.619998931884766,72.09617614746094
2020-01-15,13.695971488952637,1.113089919090271,42.23500061035156,37.77000045776367,29.434999465942383,47.73500061035156,57.619998931884766,72.7470703125
2020-01-16,13.678568840026855,1.1154004335403442,42.494998931884766,37.974998474121094,29.5049991607666,47.92499923706055,57.849998474121094,73.32825469970703
2020-01-17,13.722076416015625,1.1139578819274902,42.974998474121094,38.279998779296875,29.649999618530273,48.5,58.310001373291016,73.39800262451172
2020-01-20,,1.1094592809677124,43.064998626708984,38.28499984741211,29.68000030517578,48.564998626708984,58.38999938964844,
2020-01-21,13.643763542175293,1.109693169593811,43.16999816894531,38.25,29.584999084472656,48.595001220703125,58.27000045776367,74.09541320800781
2020-01-22,13.461034774780273,1.108561396598816,43.400001525878906,38.34000015258789,29.635000228881836,48.79999923706055,58.41999816894531,73.59947204589844
2020-01-23,13.347916603088379,1.1096439361572266,43.26499938964844,38.1349983215332,29.545000076293945,48.7599983215332,58.20000076293945,74.21936798095703
2020-01-24,13.147783279418945,1.1055220365524292,43.625,38.35499954223633,29.700000762939453,49.0,58.47999954223633,73.96367645263672
2020-01-27,12.904146194458008,1.1025358438491821,42.970001220703125,37.529998779296875,29.079999923706055,48.54999923706055,57.25,73.60720825195312
2020-01-28,12.965055465698242,1.101976990699768,43.32500076293945,37.875,29.329999923706055,48.95000076293945,57.849998474121094,73.90167236328125
2020-01-29,12.904146194458008,1.1022562980651855,43.41999816894531,38.040000915527344,29.299999237060547,48.84000015258789,58.0099983215332,73.63045501708984
2020-01-30,12.79102897644043,1.1016855239868164,43.154998779296875,37.6150016784668,28.80500030517578,48.70500183105469,57.31999969482422,73.68470001220703
2020-01-31,12.686612129211426,1.1029127836227417,42.70000076293945,37.11000061035156,28.450000762939453,48.31999969482422,56.68000030517578,72.78582763671875
2020-02-03,12.451674461364746,1.1089794635772705,43.029998779296875,37.3650016784668,28.604999542236328,48.560001373291016,57.040000915527344,73.02605438232422
2020-02-04,12.469076156616211,1.1062926054000854,43.709999084472656,37.935001373291016,29.094999313354492,48.84000015258789,58.06999969482422,73.77769470214844
2020-02-05,12.660508155822754,1.1047282218933105,43.900001525878906,38.279998779296875,29.510000228881836,49.220001220703125,58.59000015258789,73.82417297363281
2020-02-06,12.712714195251465,1.1002310514450073,44.17499923706055,38.59000015258789,29.829999923706055,49.415000915527344,59.02000045776367,74.07215881347656
2020-02-07,12.643105506896973,1.0982975959777832,44.26499938964844,38.53499984741211,29.75,49.52000045776367,59.02000045776367,74.05665588378906
2020-02-10,12.529986381530762,1.0949305295944214,44.459999084472656,38.61000061035156,29.71500015258789,49.79499816894531,59.16999816894531,74.88579559326172
2020-02-11,12.573493957519531,1.0913456678390503,44.779998779296875,38.8849983215332,29.9950008392334,49.85499954223633,59.619998931884766,75.45147705078125
2020-02-12,12.747520446777344,1.091941475868225,44.81999969482422,39.025001525878906,30.200000762939453,50.0,59.91999816894531,75.90087127685547
2020-02-13,12.75622272491455,1.0875948667526245,45.1349983215332,39.130001068115234,30.145000457763672,50.380001068115234,60.16999816894531,76.35809326171875
2020-02-14,12.747520446777344,1.0845986604690552,45.31999969482422,39.150001525878906,29.975000381469727,50.5,60.130001068115234,77.14848327636719
2020-02-17,,1.0841753482818604,45.54499816894531,39.310001373291016,30.014999389648438,50.59000015258789,60.310001373291016,
2020-02-18,12.843235969543457,1.0840108394622803,45.439998626708984,39.060001373291016,29.7450008392334,50.599998474121094,59.97999954223633,77.06324768066406
2020-02-19,12.965055465698242,1.079540491104126,45.93000030517578,39.45000076293945,29.905000686645508,50.83000183105469,60.56999969482422,76.02488708496094
2020-02-20,12.912847518920898,1.081009864807129,45.39500045776367,39.150001525878906,29.655000686645508,50.15999984741211,59.849998474121094,76.93151092529297
2020-02-21,12.860638618469238,1.078799843788147,45.095001220703125,38.76499938964844,29.360000610351562,50.060001373291016,59.529998779296875,77.15623474121094
2020-02-24,12.616999626159668,1.0839051008224487,43.91999816894531,37.44499969482422,28.364999771118164,49.27000045776367,57.54999923706055,76.10237884521484
2020-02-25,12.382063865661621,1.0849199295043945,43.220001220703125,36.849998474121094,27.96500015258789,48.82500076293945,56.560001373291016,74.04114532470703
2020-02-26,12.260244369506836,1.0881996154785156,43.13999938964844,36.755001068115234,27.985000610351562,48.459999084472656,56.400001525878906,73.24301147460938
2020-02-27,12.051410675048828,1.0885894298553467,41.35499954223633,35.25,26.834999084472656,46.70000076293945,53.939998626708984,69.34528350830078
2020-02-28,11.842576026916504,1.0997228622436523,39.3849983215332,33.73500061035156,25.774999618530273,44.369998931884766,51.619998931884766,67.6715316772461
2020-03-02,12.112320899963379,1.1051311492919922,40.26499938964844,34.255001068115234,25.915000915527344,45.09000015258789,52.349998474121094,70.56187438964844
2020-03-03,12.13842487335205,1.1144047975540161,40.83000183105469,34.47999954223633,25.950000762939453,45.814998626708984,52.9900016784668,70.39913940429688
2020-03-04,12.147125244140625,1.118067979812622,41.45000076293945,34.85499954223633,26.299999237060547,46.404998779296875,53.459999084472656,73.05706024169922
2020-03-05,12.016606330871582,1.113908290863037,41.64500045776367,34.79499816894531,26.104999542236328,46.380001068115234,53.02000045776367,71.49176025390625
2020-03-06,11.625043869018555,1.1223849058151245,39.724998474121094,33.224998474121094,24.985000610351562,44.959999084472656,50.81999969482422,70.25965118408203
2020-03-09,10.720099449157715,1.1386020183563232,37.744998931884766,31.364999771118164,23.170000076293945,42.915000915527344,47.244998931884766,64.84315490722656
2020-03-10,11.059453964233398,1.1397960186004639,37.435001373291016,31.28499984741211,23.010000228881836,42.4900016784668,47.06999969482422,67.58270263671875
2020-03-11,10.859321594238281,1.1316505670547485,37.29499816894531,31.329999923706055,23.094999313354492,42.34000015258789,47.349998474121094,63.521793365478516
2020-03-12,10.4242525100708,1.1261515617370605,34.459999084472656,31.209999084472656,20.7549991607666,39.060001373291016,43.04499816894531,57.086856842041016
2020-03-13,10.537370681762695,1.1184931993484497,34.30500030517578,28.94499969482422,20.69499969482422,39.04999923706055,43.540000915527344,62.069244384765625
2020-03-16,9.90217113494873,1.115536093711853,33.689998626708984,28.46500015258789,20.100000381469727,38.15999984741211,42.599998474121094,51.06578063964844
2020-03-17,9.74554443359375,1.1163206100463867,34.290000915527344,28.889999389648438,20.670000076293945,39.415000915527344,43.2599983215332,54.01773452758789
2020-03-18,9.423593521118164,1.101552128791809,33.22999954223633,27.920000076293945,19.90999984741211,38.599998474121094,41.48500061035156,48.87914276123047
2020-03-19,9.623725891113281,1.0961546897888184,33.79999923706055,28.645000457763672,20.354999542236328,38.86000061035156,42.60499954223633,49.05095291137695
2020-03-20,9.519309043884277,1.0657345056533813,33.40999984741211,28.469999313354492,20.354999542236328,38.349998474121094,42.84000015258789,46.60660934448242
2020-03-23,9.632427215576172,1.0694386959075928,31.68000030517578,26.75,19.59600067138672,36.23500061035156,40.23500061035156,44.443397521972656
2020-03-24,9.841259956359863,1.0764610767364502,34.154998779296875,28.829999923706055,21.329999923706055,38.380001068115234,43.540000915527344,48.44181823730469
2020-03-25,10.006586074829102,1.080263614654541,35.029998779296875,29.684999465942383,21.764999389648438,39.220001220703125,44.72999954223633,51.05017852783203
2020-03-26,9.971780776977539,1.0889569520950317,35.86000061035156,30.299999237060547,22.155000686645508,40.17499923706055,45.494998931884766,54.65031433105469
2020-03-27,9.936975479125977,1.1048258543014526,35.18000030517578,29.520000457763672,21.729999542236328,39.9900016784668,44.39500045776367,54.70496368408203
2020-03-30,9.910871505737305,1.113908290863037,36.06999969482422,30.31999969482422,21.969999313354492,40.45000076293945,45.29999923706055,55.899810791015625
2020-03-31,9.789052963256836,1.1030466556549072,36.3650016784668,30.7450008392334,22.079999923706055,40.85499954223633,46.150001525878906,54.54877471923828
2020-04-01,9.51060962677002,1.102657437324524,34.86000061035156,29.7549991607666,21.219999313354492,39.40999984741211,44.17499923706055,50.964263916015625
2020-04-02,9.693337440490723,1.0953621864318848,34.744998931884766,29.885000228881836,21.260000228881836,39.935001373291016,44.41999816894531,51.13606262207031
2020-04-03,9.936975479125977,1.0847399234771729,34.72999954223633,29.96500015258789,21.094999313354492,39.935001373291016,44.380001068115234,50.3941764831543
2020-04-06,9.98918342590332,1.0806955099105835,36.275001525878906,31.184999465942383,22.06999969482422,41.42499923706055,46.334999084472656,54.127079010009766
2020-04-07,10.058795928955078,1.0803803205490112,36.97999954223633,32.040000915527344,22.799999237060547,42.44499969482422,47.78499984741211,54.62688446044922
2020-04-08,10.032690048217773,1.0895144939422607,36.970001220703125,32.224998474121094,22.6200008392334,42.314998626708984,47.70500183105469,58.35197067260742
2020-04-09,10.058795928955078,1.0863661766052246,37.45000076293945,32.51499938964844,23.075000762939453,43.474998474121094,48.71500015258789,61.624114990234375
2020-04-10,,1.0927408933639526,,,,,,
2020-04-13,10.23282241821289,1.0932666063308716,,,,,,59.03138732910156
2020-04-14,10.145808219909668,1.0922993421554565,38.279998779296875,32.689998626708984,23.040000915527344,43.685001373291016,48.95500183105469,60.686981201171875
2020-04-15,9.936975479125977,1.098538875579834,37.915000915527344,32.10499954223633,22.44499969482422,43.084999084472656,48.220001220703125,58.281681060791016
2020-04-16,9.910871505737305,1.0905101299285889,38.720001220703125,32.525001525878906,22.540000915527344,43.334999084472656,48.70000076293945,57.61789321899414
2020-04-17,9.954378128051758,1.0858471393585205,38.915000915527344,32.959999084472656,22.80500030517578,43.82500076293945,49.45000076293945,59.43748092651367
2020-04-20,9.789052963256836,1.0866966247558594,39.30500030517578,33.14500045776367,22.915000915527344,43.994998931884766,49.81999969482422,57.22740936279297
2020-04-21,9.327878952026367,1.0864840745925903,37.65999984741211,32.04499816894531,22.06999969482422,42.70000076293945,47.79999923706055,56.18877029418945
2020-04-22,9.458399772644043,1.0856467485427856,38.61000061035156,32.6349983215332,22.46500015258789,43.61000061035156,48.93000030517578,57.04780578613281
2020-04-23,9.432295799255371,1.080964207649231,39.16999816894531,33.13999938964844,22.93000030517578,43.880001068115234,49.58000183105469,56.5714225769043
2020-04-24,9.310476303100586,1.077702283859253,38.79499816894531,32.79999923706055,22.6200008392334,43.35499954223633,49.10499954223633,56.81351852416992
2020-04-27,9.136448860168457,1.08236825466156,39.63999938964844,33.41999816894531,23.155000686645508,44.064998626708984,50.2400016784668,58.75806427001953
2020-04-28,9.145150184631348,1.0824854373931885,39.68000030517578,33.61000061035156,23.594999313354492,44.459999084472656,50.560001373291016,59.24224090576172
2020-04-29,9.310476303100586,1.0836584568023682,40.28499984741211,34.244998931884766,24.30500030517578,44.65999984741211,51.5099983215332,60.13251876831055
2020-04-30,9.484502792358398,1.087725043296814,39.625,33.654998779296875,23.549999237060547,43.55500030517578,50.540000915527344,59.43748092651367
2020-05-01,9.36268424987793,1.094546914100647,,,,,,57.43045425415039
2020-05-04,9.475802421569824,1.0959625244140625,38.84000015258789,32.65999984741211,22.489999771118164,42.494998931884766,48.83000183105469,57.14934539794922
2020-05-05,9.719440460205078,1.0904293060302734,40.11000061035156,33.64500045776367,23.229999542236328,43.68000030517578,50.47999954223633,57.43045425415039
2020-05-06,9.528010368347168,1.0838581323623657,40.31999969482422,33.564998626708984,23.065000534057617,43.45500183105469,50.2599983215332,56.39961624145508
2020-05-07,9.588920593261719,1.0798553228378296,40.505001068115234,33.935001373291016,23.21500015258789,43.69499969482422,50.84000015258789,57.20398712158203
2020-05-08,9.789052963256836,1.0837171077728271,40.63999938964844,34.084999084472656,23.5,43.904998779296875,51.130001068115234,58.56282424926758
2020-05-11,9.65853214263916,1.0839520692825317,41.06999969482422,34.224998474121094,23.559999465942383,44.095001220703125,51.29999923706055,57.71160888671875
2020-05-12,9.580219268798828,1.080940842628479,41.23500061035156,34.185001373291016,23.469999313354492,43.880001068115234,51.20000076293945,55.087642669677734
2020-05-13,9.484502792358398,1.0846810340881348,40.630001068115234,33.39500045776367,22.815000534057617,43.154998779296875,49.9900016784668,53.75222396850586
2020-05-14,9.649829864501953,1.08236825466156,40.01499938964844,32.95000076293945,22.395000457763672,42.619998931884766,49.35499954223633,53.93965148925781
2020-05-15,9.74554443359375,1.0806955099105835,40.35499954223633,33.255001068115234,22.545000076293945,42.88999938964844,49.72999954223633,53.72880935668945
2020-05-18,10.0239896774292,1.0821340084075928,41.34000015258789,34.44499969482422,23.420000076293945,43.970001220703125,51.54999923706055,56.90723419189453
2020-05-19,9.997885704040527,1.0915124416351318,41.13999938964844,34.33000183105469,23.34000015258789,43.73500061035156,51.310001373291016,56.14191818237305
2020-05-20,10.171913146972656,1.0927767753601074,41.244998931884766,34.4900016784668,23.475000381469727,43.720001220703125,51.529998779296875,56.64171600341797
2020-05-21,10.128405570983887,1.0982975959777832,40.814998626708984,34.16999816894531,23.165000915527344,43.09000015258789,51.029998779296875,56.688560485839844
2020-05-22,10.050093650817871,1.0952903032302856,41.064998626708984,34.220001220703125,23.149999618530273,43.3650016784668,51.15999984741211,57.453887939453125
2020-05-25,,1.0907801389694214,41.755001068115234,34.83000183105469,23.594999313354492,43.97999954223633,52.15999984741211,
2020-05-26,10.154510498046875,1.0902997255325317,41.17499923706055,34.849998474121094,23.915000915527344,43.779998779296875,52.18000030517578,59.601470947265625
2020-05-27,10.0239896774292,1.0981770753860474,40.27000045776367,34.650001525878906,24.190000534057617,43.63999938964844,52.04999923706055,60.78850173950195
2020-05-28,10.07619857788086,1.1016855239868164,41.244998931884766,35.06999969482422,24.450000762939453,44.16999816894531,52.810001373291016,61.077449798583984
2020-05-29,10.250225067138672,1.1079105138778687,40.79499816894531,34.35499954223633,23.71500015258789,43.68000030517578,51.720001220703125,60.468318939208984
2020-06-01,10.311135292053223,1.1118524074554443,41.290000915527344,34.814998626708984,24.079999923706055,44.025001525878906,52.540000915527344,61.86621856689453
2020-06-02,10.4242525100708,1.1125946044921875,41.029998779296875,34.8650016784668,24.264999389648438,43.88999938964844,52.63999938964844,62.36599349975586
2020-06-03,10.4242525100708,1.118943691253662,41.125,35.40999984741211,24.725000381469727,44.15999984741211,53.5,64.36522674560547
2020-06-04,10.511266708374023,1.1235954761505127,40.66999816894531,35.029998779296875,24.530000686645508,43.6349983215332,53.0099983215332,63.7248420715332
2020-06-05,10.720099449157715,1.1337867975234985,40.904998779296875,35.94499969482422,25.600000381469727,44.400001525878906,54.459999084472656,66.13794708251953
2020-06-08,10.650487899780273,1.1319515705108643,40.875,35.90999984741211,25.68000030517578,44.415000915527344,54.54999923706055,67.77793884277344
2020-06-09,10.685294151306152,1.1305567026138306,41.1150016784668,35.66999816894531,25.264999389648438,44.10499954223633,54.18000030517578,66.65338134765625
2020-06-10,10.754905700683594,1.1332215070724487,41.52000045776367,35.59000015258789,25.03499984741211,44.0099983215332,54.040000915527344,64.958740234375
2020-06-11,10.406848907470703,1.1365444660186768,40.81999969482422,34.314998626708984,23.795000076293945,42.849998474121094,51.93000030517578,60.78850173950195
2020-06-12,10.450358390808105,1.1288082599639893,40.369998931884766,34.13999938964844,23.84000015258789,42.88999938964844,51.91999816894531,62.96733474731445
2020-06-15,10.546072959899902,1.1252011060714722,40.380001068115234,33.9900016784668,23.6200008392334,42.63999938964844,51.52000045776367,63.857608795166016
2020-06-16,10.633086204528809,1.1337740421295166,41.494998931884766,35.099998474121094,24.44499969482422,43.654998779296875,53.29999923706055,65.11493682861328
2020-06-17,10.580878257751465,1.1265701055526733,42.04999923706055,35.224998474121094,24.479999542236328,43.8849983215332,53.59000015258789,64.16998291015625
2020-06-18,10.6417875289917,1.1242902278900146,41.994998931884766,35.08000183105469,24.280000686645508,43.70500183105469,53.369998931884766,63.467140197753906
2020-06-19,10.728800773620605,1.1211000680923462,42.47999954223633,35.375,24.389999389648438,44.06999969482422,53.779998779296875,62.54562759399414
2020-06-22,10.8419189453125,1.1177555322647095,42.30500030517578,34.90999984741211,24.010000228881836,43.5,53.119998931884766,62.48314666748047
2020-06-23,10.78971004486084,1.1279679536819458,42.724998474121094,35.26499938964844,24.299999237060547,43.625,53.58000183105469,62.225460052490234
2020-06-24,10.519967079162598,1.1312345266342163,41.939998626708984,34.42499923706055,23.565000534057617,42.7599983215332,52.2400016784668,60.45270538330078
2020-06-25,10.615682601928711,1.1250872611999512,42.185001373291016,34.505001068115234,23.6299991607666,42.82500076293945,52.459999084472656,61.224815368652344
2020-06-26,10.485161781311035,1.1222084760665894,42.130001068115234,34.32500076293945,23.479999542236328,42.89500045776367,52.22999954223633,60.049713134765625
2020-06-29,10.65919017791748,1.1225864887237549,41.915000915527344,34.34000015258789,23.68000030517578,43.01499938964844,52.2599983215332,61.20905303955078
2020-06-30,10.711398124694824,1.1247202157974243,42.415000915527344,34.529998779296875,23.770000457763672,43.209999084472656,52.709999084472656,61.934635162353516
2020-07-01,10.79841136932373,1.1235954761505127,42.810001373291016,34.76499938964844,23.565000534057617,43.29999923706055,53.040000915527344,63.36213302612305
2020-07-02,10.8419189453125,1.1251378059387207,43.47999954223633,35.25,23.9950008392334,43.83000183105469,53.81999969482422,63.180728912353516
2020-07-03,,1.1237848997116089,43.439998626708984,35.04499816894531,23.704999923706055,43.41999816894531,53.5099983215332,
2020-07-06,10.928933143615723,1.1247202157974243,44.084999084472656,35.505001068115234,24.084999084472656,43.69499969482422,54.220001220703125,63.14918518066406
2020-07-07,10.937634468078613,1.1312856674194336,44.46500015258789,35.5,23.8799991607666,43.584999084472656,54.150001525878906,61.89519500732422
2020-07-08,11.07685661315918,1.1275228261947632,44.07500076293945,35.0,23.459999084472656,43.189998626708984,53.540000915527344,61.80843734741211
2020-07-09,10.94633674621582,1.1339154243469238,44.119998931884766,34.86000061035156,23.200000762939453,42.92499923706055,53.31999969482422,61.421993255615234
2020-07-10,11.015946388244629,1.1287955045700073,44.474998474121094,35.14500045776367,23.579999923706055,43.404998779296875,53.83000183105469,61.61128616333008
2020-07-13,10.902828216552734,1.1310042142868042,45.3849983215332,35.57500076293945,23.850000381469727,43.665000915527344,54.63999938964844,60.87779998779297
2020-07-14,10.955038070678711,1.134549617767334,43.63999938964844,34.93000030517578,23.674999237060547,43.27000045776367,53.630001068115234,61.39043045043945
2020-07-15,11.085556983947754,1.1410704851150513,44.23500061035156,35.60499954223633,24.094999313354492,43.790000915527344,54.470001220703125,61.98983383178711
2020-07-16,10.998544692993164,1.1417193412780762,43.685001373291016,35.314998626708984,24.125,43.630001068115234,54.09000015258789,61.24849319458008
2020-07-17,11.015946388244629,1.139211654663086,44.165000915527344,35.42499923706055,24.065000534057617,43.959999084472656,54.29999923706055,62.04503631591797
2020-07-20,11.007245063781738,1.1442956924438477,44.755001068115234,35.57500076293945,23.9950008392334,43.970001220703125,54.560001373291016,61.30370330810547
2020-07-21,11.16386890411377,1.1458691358566284,44.82500076293945,35.81999969482422,24.06999969482422,44.16999816894531,54.88999938964844,61.45353698730469
2020-07-22,11.233481407165527,1.15340256690979,44.279998779296875,35.3849983215332,23.7450008392334,43.68000030517578,54.2599983215332,62.392066955566406
2020-07-23,11.207377433776855,1.1568717956542969,44.459999084472656,35.5099983215332,23.864999771118164,44.02000045776367,54.400001525878906,62.13181686401367
2020-07-24,11.224780082702637,1.1596084833145142,43.220001220703125,34.77000045776367,23.309999465942383,43.3849983215332,53.34000015258789,61.67436981201172
2020-07-27,11.32919692993164,1.1652567386627197,43.02000045776367,34.48500061035156,23.100000381469727,43.19499969482422,53.0,62.25798034667969
2020-07-28,11.26828670501709,1.1769275665283203,43.470001220703125,34.665000915527344,23.190000534057617,43.400001525878906,53.349998474121094,63.4962043762207
2020-07-29,11.32919692993164,1.171879529953003,43.45000076293945,34.599998474121094,22.96500015258789,43.189998626708984,53.27000045776367,64.7265396118164
2020-07-30,11.198676109313965,1.1782865524291992,42.994998931884766,34.20500183105469,22.489999771118164,42.875,52.7599983215332,64.30854797363281
2020-07-31,11.259584426879883,1.1872254610061646,43.150001525878906,34.154998779296875,22.170000076293945,42.52000045776367,52.560001373291016,64.19023895263672
2020-08-03,11.372702598571777,1.1782310009002686,44.1349983215332,34.91999816894531,22.645000457763672,43.185001373291016,53.7400016784668,63.33847427368164
2020-08-04,11.433613777160645,1.1763322353363037,43.974998474121094,34.83000183105469,22.889999389648438,43.25,53.7400016784668,64.28488159179688
2020-08-05,11.529328346252441,1.181544303894043,43.790000915527344,34.82500076293945,22.854999542236328,42.96500015258789,53.689998626708984,63.96153259277344
2020-08-06,11.616342544555664,1.187281847000122,43.77000045776367,34.8650016784668,22.764999389648438,42.79999923706055,53.70000076293945,64.06407165527344
2020-08-07,11.459716796875,1.1876484155654907,44.15999984741211,35.185001373291016,22.774999618530273,43.28499984741211,54.13999938964844,64.97891235351562
2020-08-10,11.520626068115234,1.1782727241516113,43.71500015258789,35.349998474121094,23.149999618530273,43.439998626708984,54.279998779296875,65.08142852783203
2020-08-11,11.337898254394531,1.1737778186798096,43.59000015258789,35.744998931884766,23.625,43.32500076293945,54.810001373291016,64.14291381835938
2020-08-12,11.459716796875,1.1736538410186768,43.939998626708984,35.849998474121094,23.69499969482422,43.625,55.029998779296875,64.78964233398438
2020-08-13,11.520626068115234,1.179380178451538,44.2599983215332,35.7599983215332,23.3700008392334,43.474998474121094,54.84000015258789,63.993045806884766
2020-08-14,11.520626068115234,1.1816558837890625,44.0099983215332,35.63999938964844,23.329999923706055,43.43000030517578,54.650001525878906,64.00096893310547
2020-08-17,11.712056159973145,1.1852554082870483,44.435001373291016,35.709999084472656,23.315000534057617,43.564998626708984,54.689998626708984,64.52147674560547
2020-08-18,11.73816204071045,1.1876484155654907,44.470001220703125,35.5,23.114999771118164,43.30500030517578,54.5,64.21391296386719
2020-08-19,11.70335578918457,1.1947859525680542,44.744998931884766,35.744998931884766,23.219999313354492,43.43000030517578,54.810001373291016,63.08609390258789
2020-08-20,11.685953140258789,1.1843500137329102,44.83000183105469,35.61000061035156,22.9950008392334,43.349998474121094,54.58000183105469,63.685489654541016
2020-08-21,11.572834968566895,1.1873664855957031,45.244998931884766,35.91999816894531,22.969999313354492,43.3650016784668,54.93000030517578,63.78801345825195
2020-08-24,11.633745193481445,1.1798018217086792,45.16999816894531,36.26499938964844,23.299999237060547,43.6349983215332,55.43000030517578,64.19812774658203
2020-08-25,11.729459762573242,1.1794538497924805,45.310001373291016,36.30500030517578,23.264999389648438,43.540000915527344,55.41999816894531,64.36376953125
2020-08-26,11.75556468963623,1.183501958847046,45.85499954223633,36.53499984741211,23.274999618530273,43.630001068115234,55.90999984741211,63.77223205566406
2020-08-27,11.712056159973145,1.1842728853225708,46.255001068115234,36.755001068115234,23.25,43.8650016784668,56.31999969482422,64.71075439453125
2020-08-28,11.790369987487793,1.1819632053375244,45.86000061035156,36.52000045776367,23.225000381469727,43.40999984741211,55.84000015258789,65.13665008544922
2020-08-31,11.781667709350586,1.1918240785598755,45.869998931884766,36.310001373291016,23.104999542236328,43.26499938964844,55.599998474121094,64.47415161132812
2020-09-01,11.799071311950684,1.193901538848877,46.30500030517578,36.3849983215332,22.96500015258789,43.064998626708984,55.83000183105469,64.52147674560547
2020-09-02,11.642447471618652,1.1923214197158813,46.8650016784668,37.125,23.350000381469727,44.029998779296875,56.810001373291016,65.72026824951172
2020-09-03,11.538029670715332,1.184735894203186,45.564998626708984,36.494998931884766,23.125,43.599998474121094,55.790000915527344,64.93159484863281
2020-09-04,11.433613777160645,1.1839784383773804,43.75,35.63999938964844,23.040000915527344,43.025001525878906,54.56999969482422,64.59246826171875
2020-09-07,,1.183445930480957,44.63999938964844,36.20000076293945,23.354999542236328,43.33000183105469,55.380001068115234,
2020-09-08,11.155168533325195,1.1821727752685547,43.779998779296875,35.70500183105469,23.065000534057617,42.81999969482422,54.400001525878906,63.803775787353516
2020-09-09,11.259584426879883,1.177024483680725,44.375,35.93000030517578,23.200000762939453,43.380001068115234,55.0,64.43473815917969
2020-09-10,11.146467208862305,1.1806375980377197,44.474998474121094,35.8650016784668,23.1299991607666,43.1150016784668,54.79999923706055,63.64604187011719
2020-09-11,11.224780082702637,1.1824384927749634,43.915000915527344,35.71500015258789,23.139999389648438,43.10499954223633,54.400001525878906,63.2911491394043
2020-09-14,11.233481407165527,1.1842728853225708,44.31999969482422,35.900001525878906,23.34000015258789,43.32500076293945,54.880001068115234,64.83695983886719
2020-09-15,11.294389724731445,1.187000036239624,44.90999984741211,36.279998779296875,23.43000030517578,43.68000030517578,55.349998474121094,65.61773681640625
2020-09-16,11.50322437286377,1.1844412088394165,44.970001220703125,36.375,23.514999389648438,43.880001068115234,55.52000045776367,65.9647445678711
2020-09-17,11.633745193481445,1.1803449392318726,44.26499938964844,36.0,23.385000228881836,43.5099983215332,54.81999969482422,64.67921447753906
2020-09-18,11.685953140258789,1.1848200559616089,43.8849983215332,35.67499923706055,23.204999923706055,43.13999938964844,54.29999923706055,63.22014617919922
2020-09-21,11.398807525634766,1.1845533847808838,43.53499984741211,34.86000061035156,22.524999618530273,42.54499816894531,53.15999984741211,61.31946563720703
2020-09-22,11.346599578857422,1.176800012588501,44.185001373291016,35.255001068115234,22.69499969482422,42.900001525878906,53.810001373291016,62.05291748046875
2020-09-23,11.216078758239746,1.1708368062973022,44.56999969482422,35.65999984741211,22.8700008392334,43.095001220703125,54.25,60.18376159667969
2020-09-24,11.26828670501709,1.1658544540405273,44.040000915527344,35.18000030517578,22.604999542236328,42.64500045776367,53.61000061035156,60.50710678100586
2020-09-25,11.26828670501709,1.1673243045806885,44.54499816894531,35.39500045776367,22.610000610351562,42.91999816894531,54.0,61.75492858886719
2020-09-28,11.364002227783203,1.1635348796844482,45.290000915527344,36.11000061035156,23.155000686645508,43.66999816894531,55.119998931884766,63.018653869628906
2020-09-29,11.233481407165527,1.167883276939392,45.23500061035156,35.82500076293945,22.899999618530273,43.415000915527344,54.63999938964844,62.56562042236328
2020-09-30,11.364002227783203,1.1742050647735596,45.55500030517578,36.005001068115234,22.895000457763672,43.564998626708984,54.93000030517578,62.75638961791992
2020-10-01,11.224780082702637,1.1726078987121582,45.79999923706055,36.130001068115234,22.799999237060547,43.599998474121094,55.060001373291016,64.01213836669922
2020-10-02,11.085556983947754,1.1744946241378784,45.525001525878906,36.02000045776367,22.799999237060547,43.53499984741211,54.849998474121094,65.11688995361328
2020-10-05,11.372702598571777,1.1720443964004517,45.55500030517578,36.20000076293945,23.09000015258789,43.77000045776367,55.25,65.49042510986328
2020-10-06,11.416210174560547,1.1792453527450562,45.42499923706055,36.209999084472656,23.299999237060547,43.83000183105469,55.400001525878906,65.0612564086914
2020-10-07,11.459716796875,1.1737639904022217,45.689998626708984,36.26499938964844,23.344999313354492,43.73500061035156,55.5099983215332,65.15663146972656
2020-10-08,11.572834968566895,1.176747441291809,46.08000183105469,36.56999969482422,23.545000076293945,43.994998931884766,55.90999984741211,66.24549102783203
2020-10-09,11.607641220092773,1.1767003536224365,46.279998779296875,36.790000915527344,23.46500015258789,44.11000061035156,56.13999938964844,65.98319244384766
2020-10-12,11.485820770263672,1.181683897972107,47.185001373291016,37.30500030517578,23.524999618530273,44.51499938964844,56.970001220703125,66.29315948486328
2020-10-13,11.51192569732666,1.1816140413284302,47.6150016784668,37.404998779296875,23.424999237060547,44.564998626708984,57.11000061035156,65.15663146972656
2020-10-14,11.590237617492676,1.1742188930511475,47.415000915527344,37.244998931884766,23.395000457763672,44.46500015258789,56.880001068115234,64.36184692382812
2020-10-15,11.625043869018555,1.1743981838226318,46.79499816894531,36.8650016784668,23.139999389648438,44.125,56.31999969482422,64.6956558227539
2020-10-16,11.546731948852539,1.1707134246826172,47.16999816894531,37.154998779296875,23.415000915527344,44.34000015258789,56.79999923706055,64.23469543457031
2020-10-19,11.555431365966797,1.1715501546859741,46.599998474121094,36.80500030517578,23.270000457763672,43.94499969482422,56.310001373291016,63.23322677612305
2020-10-20,11.685953140258789,1.176885962486267,45.880001068115234,36.47999954223633,23.075000762939453,43.40999984741211,55.65999984741211,63.6862678527832
2020-10-21,11.590237617492676,1.1829839944839478,45.56999969482422,36.29999923706055,23.0049991607666,43.279998779296875,55.380001068115234,63.49550247192383
2020-10-22,11.625043869018555,1.1853959560394287,45.505001068115234,36.33000183105469,23.110000610351562,43.3650016784668,55.380001068115234,63.48756790161133
2020-10-23,11.538029670715332,1.1815024614334106,45.38999938964844,36.435001373291016,23.165000915527344,43.474998474121094,55.630001068115234,63.86906433105469
2020-10-26,11.372702598571777,1.1848480701446533,45.125,35.880001068115234,22.850000381469727,43.099998474121094,54.72999954223633,62.95505142211914
2020-10-27,11.45101547241211,1.1809443235397339,45.30500030517578,35.869998931884766,22.59000015258789,43.099998474121094,54.709999084472656,61.94569396972656
2020-10-28,11.146467208862305,1.1784114837646484,44.375,34.994998931884766,22.045000076293945,42.35499954223633,53.54999923706055,60.46738815307617
2020-10-29,11.007245063781738,1.1748672723770142,44.76499938964844,35.26499938964844,22.139999389648438,42.5,53.91999816894531,61.2780647277832
2020-10-30,11.007245063781738,1.1678695678710938,44.275001525878906,35.084999084472656,22.190000534057617,42.369998931884766,53.4900016784668,60.87273025512695
2020-11-02,11.207377433776855,1.1642121076583862,44.47999954223633,35.59000015258789,22.639999389648438,43.064998626708984,54.279998779296875,62.32719039916992
2020-11-03,11.276987075805664,1.1642799377441406,45.25,36.099998474121094,23.079999923706055,43.6150016784668,55.150001525878906,63.52732467651367
2020-11-04,11.398807525634766,1.176221489906311,46.935001373291016,37.0099983215332,23.225000381469727,44.185001373291016,56.40999984741211,63.63858413696289
2020-11-05,11.45101547241211,1.17326819896698,47.4900016784668,37.224998474121094,23.270000457763672,44.119998931884766,56.77000045776367,63.94058609008789
2020-11-06,11.40750789642334,1.1817537546157837,47.17499923706055,36.97999954223633,23.155000686645508,43.939998626708984,56.470001220703125,63.50345993041992
2020-11-09,11.546731948852539,1.1893010139465332,47.56999969482422,38.369998931884766,24.375,44.93000030517578,58.459999084472656,65.75271606445312
2020-11-10,11.772966384887695,1.182732105255127,45.78499984741211,37.900001525878906,24.825000762939453,44.66999816894531,57.65999984741211,66.71441650390625
2020-11-11,11.764266014099121,1.1818794012069702,46.654998779296875,38.29499816894531,24.969999313354492,45.154998779296875,58.459999084472656,66.96874237060547
2020-11-12,11.668549537658691,1.1780297756195068,46.709999084472656,37.939998626708984,24.584999084472656,44.79999923706055,57.970001220703125,66.0944595336914
2020-11-13,11.616342544555664,1.1803393363952637,46.51499938964844,37.935001373291016,24.719999313354492,44.89500045776367,57.959999084472656,67.85891723632812
2020-11-16,11.720759391784668,1.1845253705978394,46.689998626708984,38.46500015258789,25.350000381469727,45.21500015258789,58.83000183105469,68.62190246582031
2020-11-17,11.75556468963623,1.1859441995620728,46.5099983215332,38.314998626708984,25.2450008392334,45.005001068115234,58.65999984741211,68.68548583984375
2020-11-18,11.772966384887695,1.186366319656372,46.45500183105469,38.45000076293945,25.3700008392334,45.02000045776367,58.779998779296875,67.35023498535156
2020-11-19,11.772966384887695,1.1847639083862305,46.53499984741211,38.07500076293945,25.049999237060547,44.41999816894531,58.25,67.61251831054688
2020-11-20,11.833876609802246,1.1866477727890015,46.755001068115234,38.165000915527344,25.174999237060547,44.64500045776367,58.470001220703125,67.2469253540039
2020-11-23,11.868682861328125,1.1866477727890015,46.375,38.064998626708984,25.485000610351562,44.345001220703125,58.47999954223633,67.37406921386719
2020-11-24,12.121023178100586,1.1842728853225708,46.470001220703125,38.505001068115234,25.96500015258789,44.56999969482422,59.29999923706055,67.73173522949219
2020-11-25,12.225438117980957,1.1900511980056763,46.53499984741211,38.35499954223633,25.725000381469727,44.34000015258789,59.150001525878906,67.771484375
2020-11-26,,1.1920002698898315,46.93000030517578,38.404998779296875,25.649999618530273,44.43000030517578,59.209999084472656,
2020-11-27,12.199335098266602,1.191599726676941,47.16999816894531,38.42499923706055,25.735000610351562,44.334999084472656,59.2400016784668,67.46946716308594
2020-11-30,12.129722595214844,1.1971460580825806,46.970001220703125,38.0,25.239999771118164,43.939998626708984,58.59000015258789,66.76207733154297
2020-12-01,12.094917297363281,1.193816065788269,47.21500015258789,38.33000183105469,25.575000762939453,44.17499923706055,59.13999938964844,67.62047576904297
2020-12-02,12.147125244140625,1.2074378728866577,46.71500015258789,38.154998779296875,25.584999084472656,43.814998626708984,58.849998474121094,67.08795166015625
2020-12-03,12.164527893066406,1.2114603519439697,46.71500015258789,38.07500076293945,25.725000381469727,43.70000076293945,58.810001373291016,67.65225219726562
2020-12-04,12.216736793518066,1.2145650386810303,46.724998474121094,38.2400016784668,26.020000457763672,43.78499984741211,59.18000030517578,68.68548583984375
2020-12-07,12.216736793518066,1.212135910987854,47.05500030517578,38.27000045776367,25.889999389648438,43.84000015258789,59.16999816894531,68.08939361572266
2020-12-08,12.234139442443848,1.2113136053085327,47.189998626708984,38.43000030517578,25.864999771118164,43.95500183105469,59.2400016784668,67.8509521484375
2020-12-09,12.242840766906738,1.2110936641693115,47.380001068115234,38.529998779296875,26.1200008392334,44.02000045776367,59.47999954223633,67.4297103881836
2020-12-10,12.425569534301758,1.207875370979309,46.834999084472656,38.23500061035156,25.9950008392334,43.810001373291016,59.130001068115234,67.13566589355469
2020-12-11,12.390765190124512,1.2144293785095215,46.525001525878906,37.98500061035156,25.704999923706055,43.73500061035156,58.7599983215332,67.07206726074219
2020-12-14,12.425569534301758,1.213340401649475,47.154998779296875,38.185001373291016,25.885000228881836,43.93000030517578,59.04999923706055,66.77798461914062
2020-12-15,12.521285057067871,1.214889645576477,46.974998474121094,38.09000015258789,25.895000457763672,43.709999084472656,59.02000045776367,68.14502716064453
2020-12-16,12.590896606445312,1.2154301404953003,47.33000183105469,38.26499938964844,26.030000686645508,43.935001373291016,59.400001525878906,68.2245101928711
2020-12-17,12.73882007598877,1.2199585437774658,47.755001068115234,38.334999084472656,25.895000457763672,43.904998779296875,59.380001068115234,68.88419342041016
2020-12-18,12.782326698303223,1.226271629333496,47.720001220703125,38.20000076293945,25.81999969482422,43.91999816894531,59.220001220703125,67.5012435913086
2020-12-21,12.651805877685547,1.221612811088562,47.56999969482422,37.779998779296875,25.219999313354492,43.314998626708984,58.56999969482422,67.11974334716797
2020-12-22,12.512585639953613,1.2236906290054321,47.94499969482422,38.224998474121094,25.389999389648438,43.584999084472656,59.130001068115234,67.58868408203125
2020-12-23,12.669209480285645,1.2186651229858398,48.03499984741211,38.255001068115234,25.59000015258789,43.630001068115234,59.439998626708984,67.15155792236328
2020-12-24,12.704014778137207,1.2191405296325684,,,,,,67.73946380615234
2020-12-25,,1.2184720039367676,,,,,,
2020-12-28,12.625701904296875,1.2205095291137695,48.18000030517578,38.54999923706055,25.71500015258789,43.814998626708984,59.790000915527344,68.14324188232422
2020-12-29,12.660508155822754,1.2223445177078247,48.1150016784668,38.625,25.684999465942383,43.89500045776367,59.779998779296875,67.56180572509766
2020-12-30,12.73882007598877,1.225295066833496,47.92499923706055,38.525001525878906,25.71500015258789,43.79999923706055,59.68000030517578,67.93328857421875
2020-12-31,12.79102897644043,1.2299896478652954,,,,,,68.5874252319336
2021-01-01,,1.218026876449585,,,,,,
2021-01-04,12.721416473388672,1.2250697612762451,47.974998474121094,38.29999923706055,25.709999084472656,43.72999954223633,59.310001373291016,66.35850524902344
2021-01-05,13.078174591064453,1.2251598834991455,47.959999084472656,38.279998779296875,25.80500030517578,43.525001525878906,59.380001068115234,66.45540618896484
2021-01-06,13.095576286315918,1.230027437210083,48.26499938964844,38.77000045776367,26.530000686645508,43.959999084472656,60.27000045776367,66.56847381591797
2021-01-07,13.156485557556152,1.2341108322143555,48.86000061035156,38.994998931884766,26.735000610351562,44.084999084472656,60.7400016784668,66.43927001953125
2021-01-08,13.260902404785156,1.227144479751587,49.63999938964844,39.23500061035156,26.799999237060547,44.310001373291016,61.119998931884766,67.0853271484375
2021-01-11,13.16518783569336,1.2186205387115479,49.810001373291016,39.40999984741211,26.889999389648438,44.55500030517578,61.349998474121094,66.19698333740234
2021-01-12,13.417527198791504,1.2160701751708984,49.619998931884766,39.26499938964844,27.094999313354492,44.275001525878906,61.2599983215332,66.35043334960938
2021-01-13,13.382722854614258,1.2208894491195679,49.790000915527344,39.34000015258789,27.229999542236328,44.39500045776367,61.45000076293945,67.15799713134766
2021-01-14,13.504541397094727,1.2162491083145142,49.900001525878906,39.43000030517578,27.604999542236328,44.42499923706055,61.7599983215332,67.55371856689453
2021-01-15,13.313111305236816,1.2151259183883667,49.415000915527344,39.1349983215332,27.364999771118164,44.44499969482422,61.220001220703125,68.3289794921875
2021-01-18,,1.2068113088607788,49.46500015258789,39.244998931884766,27.360000610351562,44.53499984741211,61.349998474121094,
2021-01-19,13.35661792755127,1.207729458808899,49.42499923706055,39.20000076293945,27.3799991607666,44.459999084472656,61.290000915527344,68.13517761230469
2021-01-20,13.36531925201416,1.2138868570327759,50.560001373291016,39.69499969482422,27.56999969482422,44.685001373291016,62.099998474121094,69.43539428710938
2021-01-21,13.35661792755127,1.2115631103515625,50.86000061035156,39.75,27.485000610351562,44.53499984741211,62.04999923706055,69.10426330566406
2021-01-22,13.13038158416748,1.2166293859481812,50.65999984741211,39.46500015258789,27.15999984741211,44.334999084472656,61.65999984741211,69.26577758789062
2021-01-25,13.269603729248047,1.216944694519043,50.689998626708984,39.3849983215332,26.915000915527344,44.560001373291016,61.54999923706055,69.79071044921875
2021-01-26,13.295707702636719,1.214624047279358,50.900001525878906,39.6349983215332,27.139999389648438,44.650001525878906,61.84000015258789,70.28333282470703
2021-01-27,13.260902404785156,1.216299295425415,49.994998931884766,39.154998779296875,26.899999618530273,44.584999084472656,61.11000061035156,69.03963470458984
2021-01-28,13.199993133544922,1.2105072736740112,49.845001220703125,39.20500183105469,26.90999984741211,44.45000076293945,61.22999954223633,69.41114807128906
2021-01-29,13.217394828796387,1.2120037078857422,49.084999084472656,38.32500076293945,26.469999313354492,43.65999984741211,60.0,68.61164093017578
2021-02-01,13.469736099243164,1.2123857736587524,49.93000030517578,38.755001068115234,26.649999618530273,44.025001525878906,60.720001220703125,70.17835235595703
2021-02-02,13.574153900146484,1.2068694829940796,51.25,39.55500030517578,27.059999465942383,44.6150016784668,62.06999969482422,70.59828186035156
2021-02-03,13.669867515563965,1.203905463218689,51.33000183105469,39.56999969482422,27.219999313354492,44.439998626708984,62.11000061035156,70.42061614990234
2021-02-04,13.739479064941406,1.2042388916015625,51.52000045776367,39.875,27.565000534057617,44.68000030517578,62.65999984741211,70.9051513671875
2021-02-05,13.809088706970215,1.1966731548309326,51.779998779296875,39.970001220703125,27.71500015258789,44.75,62.900001525878906,71.15550994873047
2021-02-08,14.02662467956543,1.2048773765563965,52.099998474121094,40.10499954223633,27.975000381469727,44.849998474121094,63.130001068115234,71.54315185546875
2021-02-09,14.078832626342773,1.2053595781326294,52.099998474121094,39.9900016784668,27.899999618530273,44.68000030517578,63.04999923706055,71.7934799194336
2021-02-10,14.052727699279785,1.2119992971420288,51.720001220703125,39.81999969482422,27.829999923706055,44.6349983215332,62.790000915527344,72.18111419677734
2021-02-11,14.02662467956543,1.2121212482452393,52.33000183105469,40.064998626708984,27.93000030517578,44.654998779296875,63.16999816894531,72.3345718383789
2021-02-12,14.200651168823242,1.2131506204605103,52.5099983215332,40.220001220703125,28.104999542236328,44.685001373291016,63.380001068115234,72.35072326660156
2021-02-15,,1.2122093439102173,53.029998779296875,40.560001373291016,28.510000228881836,44.845001220703125,63.880001068115234,
2021-02-16,14.392082214355469,1.2132196426391602,52.72999954223633,40.47999954223633,28.389999389648438,44.470001220703125,63.7599983215332,71.7934799194336
2021-02-17,14.435589790344238,1.2092483043670654,52.029998779296875,40.39500045776367,28.40999984741211,44.540000915527344,63.52000045776367,71.70465087890625
2021-02-18,14.383381843566895,1.2048004865646362,51.810001373291016,40.185001373291016,28.15999984741211,44.375,63.16999816894531,71.39777374267578
2021-02-19,14.374679565429688,1.209189772605896,52.13999938964844,40.33000183105469,28.420000076293945,44.119998931884766,63.400001525878906,71.80963134765625
2021-02-22,14.696629524230957,1.2126356363296509,50.689998626708984,39.8650016784668,28.40999984741211,43.67499923706055,62.72999954223633,72.40724182128906
2021-02-23,14.766240119934082,1.2166796922683716,49.314998626708984,39.64500045776367,28.2549991607666,43.599998474121094,62.29999923706055,72.8594970703125
2021-02-24,14.992476463317871,1.215214490890503,49.71500015258789,39.959999084472656,28.614999771118164,43.810001373291016,62.88999938964844,73.4167251586914
2021-02-25,14.870657920837402,1.2171372175216675,49.119998931884766,39.64500045776367,28.485000610351562,43.415000915527344,62.29999923706055,72.01153564453125
2021-02-26,14.55740737915039,1.2160420417785645,48.76499938964844,39.31999969482422,28.09000015258789,43.16999816894531,61.869998931884766,70.96170043945312
2021-03-01,14.435589790344238,1.208956003189087,49.95000076293945,40.125,28.719999313354492,43.71500015258789,63.0099983215332,71.27664184570312
2021-03-02,14.496499061584473,1.2051095962524414,49.78499984741211,39.97999954223633,28.600000381469727,43.5099983215332,62.709999084472656,70.5902099609375
2021-03-03,14.583511352539062,1.208546757698059,48.8849983215332,39.77000045776367,28.780000686645508,43.290000915527344,62.52000045776367,70.18641662597656
2021-03-04,14.809747695922852,1.2050660848617554,47.665000915527344,39.47999954223633,28.684999465942383,43.3849983215332,62.06999969482422,69.38689422607422
2021-03-05,15.114296913146973,1.1967735290527344,45.91999816894531,39.189998626708984,28.655000686645508,43.42499923706055,61.380001068115234,70.14604187011719
2021-03-08,14.905463218688965,1.1925631761550903,47.775001525878906,40.46500015258789,29.684999465942383,44.53499984741211,63.369998931884766,70.75171661376953
2021-03-09,14.905463218688965,1.185171127319336,48.314998626708984,40.599998474121094,29.735000610351562,44.69499969482422,63.65999984741211,71.22010040283203
2021-03-10,15.001179695129395,1.1897906064987183,48.709999084472656,40.654998779296875,29.844999313354492,44.849998474121094,63.79999923706055,71.9307632446289
2021-03-11,15.22741413116455,1.1926058530807495,49.290000915527344,40.970001220703125,29.8799991607666,44.775001525878906,64.23999786376953,72.77066802978516
2021-03-12,15.157804489135742,1.1986095905303955,48.744998931884766,40.70500183105469,30.020000457763672,44.72999954223633,64.0,73.99008178710938
2021-03-15,15.105595588684082,1.1950000524520874,49.334999084472656,40.90999984741211,30.135000228881836,45.16999816894531,64.33999633789062,75.0884017944336
2021-03-16,15.044686317443848,1.1925773620605469,49.970001220703125,41.375,30.440000534057617,45.60499954223633,64.91999816894531,74.78150939941406
2021-03-17,15.044686317443848,1.190164566040039,49.26499938964844,41.125,30.440000534057617,45.45000076293945,64.54000091552734,74.84611511230469
2021-03-18,14.331171035766602,1.1982792615890503,49.290000915527344,41.130001068115234,30.799999237060547,45.369998931884766,64.76000213623047,74.08700561523438
2021-03-19,14.644421577453613,1.1918240785598755,48.904998779296875,40.85499954223633,30.614999771118164,45.32500076293945,64.2699966430664,73.0775375366211
2021-03-22,14.618317604064941,1.1883116960525513,49.69499969482422,40.970001220703125,30.549999237060547,45.51499938964844,64.43000030517578,73.5943832397461
2021-03-23,14.20935344696045,1.193303108215332,49.73500061035156,41.185001373291016,30.329999923706055,45.779998779296875,64.56999969482422,73.48939514160156
2021-03-24,14.583511352539062,1.1840205192565918,49.369998931884766,41.26499938964844,30.174999237060547,45.78499984741211,64.52999877929688,73.0775375366211
2021-03-25,14.252860069274902,1.1813069581985474,48.76499938964844,41.064998626708984,30.239999771118164,45.8650016784668,64.27999877929688,73.82159423828125
2021-03-26,14.59221363067627,1.1776621341705322,49.04499816894531,41.56999969482422,30.55500030517578,46.165000915527344,64.93000030517578,75.41371154785156
2021-03-29,14.609617233276367,1.1788004636764526,49.18000030517578,41.92499923706055,30.56999969482422,46.79999923706055,65.1500015258789,74.97506713867188
2021-03-30,14.374679565429688,1.177100658416748,49.5,42.029998779296875,30.729999542236328,46.64500045776367,65.51000213623047,75.07254791259766
2021-03-31,14.452991485595703,1.1723604202270508,50.31999969482422,42.1349983215332,30.594999313354492,46.59000015258789,65.6500015258789,74.61766052246094
2021-04-01,14.696629524230957,1.1728830337524414,51.02000045776367,42.349998474121094,30.545000076293945,46.540000915527344,65.94999694824219,75.97419738769531
2021-04-02,,1.177994966506958,,,,,,
2021-04-05,14.479095458984375,1.176816701889038,,,,,,76.26660919189453
2021-04-06,14.531305313110352,1.1818934679031372,51.79999923706055,42.779998779296875,30.700000762939453,46.744998931884766,66.56999969482422,76.46155548095703
2021-04-07,14.574810981750488,1.1874228715896606,51.47999954223633,42.525001525878906,30.600000381469727,46.505001068115234,66.2300033569336,76.51841735839844
2021-04-08,14.65312385559082,1.1873664855957031,52.0099983215332,42.73500061035156,30.510000228881836,46.61000061035156,66.5199966430664,76.234130859375
2021-04-09,14.600915908813477,1.1915684938430786,52.150001525878906,42.90999984741211,30.575000762939453,46.69499969482422,66.76000213623047,76.144775390625
2021-04-12,14.609617233276367,1.1900511980056763,52.18000030517578,42.900001525878906,30.594999313354492,46.65999984741211,66.7699966430664,76.59153747558594
2021-04-13,14.766240119934082,1.1914690732955933,52.91999816894531,42.86000061035156,30.3799991607666,46.6150016784668,66.88999938964844,76.97334289550781
2021-04-14,15.105595588684082,1.1954143047332764,52.65999984741211,42.82500076293945,30.420000076293945,46.56999969482422,66.87999725341797,76.56716918945312
2021-04-15,15.201310157775879,1.1986095905303955,53.130001068115234,43.1349983215332,30.5049991607666,46.97999954223633,67.26000213623047,77.90746307373047
2021-04-16,15.175206184387207,1.1971746683120728,53.119998931884766,43.2400016784668,30.655000686645508,47.1349983215332,67.44000244140625,78.07804107666016
2021-04-19,15.192607879638672,1.1969454288482666,52.540000915527344,43.084999084472656,30.489999771118164,46.96500015258789,67.01000213623047,78.2323989868164
2021-04-20,15.166504859924316,1.204529047012329,51.79999923706055,42.625,29.78499984741211,46.875,66.08999633789062,78.87407684326172
2021-04-21,15.105595588684082,1.2032392024993896,52.189998626708984,42.94499969482422,30.0049991607666,47.10499954223633,66.5999984741211,79.3939437866211
2021-04-22,15.22741413116455,1.2037750482559204,52.77000045776367,43.19499969482422,30.19499969482422,47.209999084472656,67.05999755859375,78.96344757080078
2021-04-23,15.34923267364502,1.2014753818511963,52.68000030517578,43.084999084472656,30.06999969482422,47.03499984741211,66.9000015258789,79.42646789550781
2021-04-26,15.453649520874023,1.2089852094650269,52.880001068115234,43.125,30.235000610351562,46.845001220703125,67.06999969482422,79.66203308105469
2021-04-27,15.584171295166016,1.2081671953201294,52.880001068115234,43.02000045776367,30.15999984741211,46.6349983215332,66.95999908447266,79.6539077758789
2021-04-28,15.610274314880371,1.2090305089950562,52.689998626708984,43.040000915527344,30.110000610351562,46.435001373291016,66.94999694824219,79.48332214355469
2021-04-29,15.714690208435059,1.213592290878296,52.439998626708984,43.08000183105469,30.020000457763672,46.345001220703125,66.80999755859375,80.16563415527344
2021-04-30,15.584171295166016,1.2127091884613037,52.540000915527344,43.125,30.09000015258789,46.599998474121094,66.98999786376953,80.48243713378906
2021-05-03,15.758198738098145,1.2027760744094849,52.09000015258789,43.255001068115234,30.229999542236328,46.900001525878906,67.0199966430664,80.32809448242188
2021-05-04,16.0018367767334,1.2061271667480469,50.84000015258789,42.8849983215332,29.979999542236328,46.709999084472656,66.33999633789062,79.80823516845703
2021-05-05,16.062744140625,1.2015043497085571,51.650001525878906,43.41999816894531,30.579999923706055,46.9900016784668,67.26000213623047,78.48418426513672
2021-05-06,16.14105796813965,1.2007973194122314,50.959999084472656,43.255001068115234,30.604999542236328,47.025001525878906,66.87000274658203,78.9228286743164
2021-05-07,16.297683715820312,1.2068549394607544,51.54999923706055,43.470001220703125,30.760000228881836,47.1349983215332,67.33000183105469,79.96257019042969
2021-05-10,16.184566497802734,1.2171076536178589,50.529998779296875,43.45500183105469,31.024999618530273,47.459999084472656,67.25,79.93820190429688
2021-05-11,16.358591079711914,1.2140932083129883,49.80500030517578,42.56999969482422,30.329999923706055,46.69499969482422,65.95999908447266,78.93095397949219
2021-05-12,16.341190338134766,1.2144500017166138,49.15999984741211,42.44499969482422,30.299999237060547,46.6150016784668,65.69000244140625,76.93270874023438
2021-05-13,15.888720512390137,1.2078505754470825,49.005001068115234,42.55500030517578,30.204999923706055,46.63999938964844,65.75,77.93182373046875
2021-05-14,16.019241333007812,1.207729458808899,49.689998626708984,42.970001220703125,30.510000228881836,46.96500015258789,66.38999938964844,78.85784149169922
2021-05-17,16.219371795654297,1.2150373458862305,49.314998626708984,42.790000915527344,30.53499984741211,46.80500030517578,66.1500015258789,78.9390640258789
2021-05-18,16.14105796813965,1.2156872749328613,49.654998779296875,42.78499984741211,30.524999618530273,46.720001220703125,66.2300033569336,78.95533752441406
2021-05-19,15.810406684875488,1.2223997116088867,48.67499923706055,42.09000015258789,30.020000457763672,46.21500015258789,65.0,78.70350646972656
2021-05-20,15.64508056640625,1.217285394668579,49.96500015258789,42.849998474121094,30.399999618530273,46.8650016784668,66.13999938964844,79.58891296386719
2021-05-21,15.793004989624023,1.222538709640503,50.15999984741211,43.04499816894531,30.59000015258789,47.0099983215332,66.5,79.50769805908203
2021-05-24,16.01053810119629,1.2183235883712769,50.61000061035156,43.23500061035156,30.674999237060547,47.060001373291016,66.7699966430664,80.49868774414062
2021-05-25,15.958331108093262,1.2214635610580444,50.650001525878906,43.154998779296875,30.420000076293945,46.72999954223633,66.52999877929688,80.47431945800781
2021-05-26,15.98443603515625,1.2249093055725098,51.029998779296875,43.25,30.450000762939453,46.85499954223633,66.75,80.83172607421875
2021-05-27,16.236774444580078,1.21925950050354,51.130001068115234,43.34000015258789,30.69499969482422,46.84000015258789,66.9800033569336,80.64488220214844
2021-05-28,16.184566497802734,1.2193188667297363,51.209999084472656,43.470001220703125,30.780000686645508,47.064998626708984,67.2300033569336,81.13227844238281
2021-05-31,,1.2190067768096924,50.88999938964844,43.11000061035156,30.559999465942383,46.70500183105469,66.7699966430664,
2021-06-01,16.471712112426758,1.223286509513855,51.34000015258789,43.21500015258789,30.71500015258789,46.60499954223633,66.95999908447266,82.59441375732422
2021-06-02,16.558727264404297,1.2217769622802734,51.5099983215332,43.38999938964844,31.020000457763672,46.775001525878906,67.2300033569336,83.56105041503906
2021-06-03,16.419504165649414,1.220986247062683,51.619998931884766,43.51499938964844,31.149999618530273,47.099998474121094,67.41999816894531,83.25237274169922
2021-06-04,16.602231979370117,1.2133007049560547,51.61000061035156,43.709999084472656,31.225000381469727,47.29499816894531,67.58000183105469,83.2929916381836
2021-06-07,16.62833595275879,1.2168411016464233,51.63999938964844,43.65999984741211,31.2450008392334,47.28499984741211,67.4800033569336,84.27587127685547
2021-06-08,16.793663024902344,1.2193634510040283,51.560001373291016,43.685001373291016,31.114999771118164,47.2400016784668,67.55999755859375,84.97444915771484
2021-06-09,16.715349197387695,1.217285394668579,51.54999923706055,43.790000915527344,31.139999389648438,47.46500015258789,67.68000030517578,85.08816528320312
2021-06-10,16.776260375976562,1.218200445175171,51.5099983215332,43.849998474121094,31.174999237060547,47.724998474121094,67.86000061035156,85.69739532470703
2021-06-11,16.724050521850586,1.2172558307647705,51.84000015258789,44.185001373291016,31.30500030517578,47.85499954223633,68.30000305175781,85.35623168945312
2021-06-14,16.62833595275879,1.2110203504562378,51.7599983215332,44.15999984741211,31.1299991607666,47.7599983215332,68.25,85.68926239013672
2021-06-15,16.558727264404297,1.212224006652832,51.59000015258789,44.19499969482422,31.165000915527344,47.849998474121094,68.30000305175781,84.77136993408203
2021-06-16,16.463010787963867,1.2127091884613037,51.63999938964844,44.349998474121094,31.200000762939453,47.91999816894531,68.45999908447266,84.2190170288086
2021-06-17,16.036643981933594,1.1995586156845093,51.97999954223633,44.65999984741211,31.290000915527344,48.255001068115234,69.12999725341797,84.11341857910156
2021-06-18,16.201969146728516,1.1913414001464844,51.290000915527344,44.34000015258789,30.674999237060547,47.93000030517578,68.51000213623047,82.68376922607422
2021-06-21,16.402101516723633,1.1873664855957031,51.70000076293945,44.619998931884766,30.815000534057617,48.13999938964844,68.83000183105469,84.38960266113281
2021-06-22,16.428203582763672,1.1912561655044556,52.13999938964844,44.834999084472656,30.985000610351562,48.375,69.19999694824219,83.95093536376953
2021-06-23,16.532621383666992,1.1936734914779663,52.220001220703125,44.650001525878906,30.78499984741211,47.970001220703125,68.91999816894531,83.80474090576172
2021-06-24,16.59353256225586,1.1933174133300781,52.810001373291016,44.845001220703125,30.9950008392334,48.130001068115234,69.43000030517578,83.62393188476562
2021-06-25,16.5239200592041,1.1930327415466309,52.95000076293945,45.099998474121094,31.139999389648438,48.275001525878906,69.56999969482422,84.18844604492188
2021-06-28,16.51521873474121,1.1942152976989746,52.779998779296875,45.13999938964844,31.0049991607666,48.404998779296875,69.5199966430664,83.94300079345703
2021-06-29,16.59353256225586,1.1928904056549072,53.15999984741211,45.45000076293945,31.079999923706055,48.619998931884766,69.87000274658203,83.71391296386719
2021-06-30,16.750154495239258,1.1901928186416626,53.11000061035156,45.435001373291016,30.954999923706055,48.64500045776367,69.9000015258789,83.27217102050781
2021-07-01,16.811063766479492,1.1856770515441895,53.220001220703125,45.57500076293945,31.084999084472656,48.77000045776367,70.0999984741211,83.63214111328125
2021-07-02,16.967689514160156,1.1846235990524292,53.41999816894531,45.88999938964844,31.079999923706055,49.02000045776367,70.51000213623047,83.88572692871094
2021-07-05,,1.1856207847595215,53.61000061035156,46.040000915527344,31.21500015258789,49.08000183105469,70.69999694824219,
2021-07-06,16.50651741027832,1.186380386352539,53.099998474121094,45.84000015258789,30.860000610351562,49.040000915527344,70.47000122070312,84.4992904663086
2021-07-07,16.306385040283203,1.1824523210525513,53.349998474121094,46.345001220703125,30.915000915527344,49.57500076293945,70.9800033569336,84.79378509521484
2021-07-08,16.445608139038086,1.17933988571167,52.41999816894531,45.71500015258789,30.479999542236328,49.08000183105469,69.9800033569336,84.55654907226562
2021-07-09,16.637039184570312,1.184800386428833,53.29999923706055,46.119998931884766,31.014999389648438,49.314998626708984,70.7699966430664,85.94727325439453
2021-07-12,16.66314125061035,1.187295913696289,53.7599983215332,46.345001220703125,31.059999465942383,49.494998931884766,71.05000305175781,86.68356323242188
2021-07-13,16.802366256713867,1.186521053314209,53.97999954223633,46.625,31.065000534057617,49.790000915527344,71.43000030517578,85.47280883789062
2021-07-14,16.637039184570312,1.1775373220443726,53.619998931884766,46.4900016784668,31.040000915527344,49.65999984741211,71.12999725341797,86.06999969482422
2021-07-15,16.55002212524414,1.1833338737487793,53.52000045776367,46.36000061035156,30.864999771118164,49.6349983215332,70.91999816894531,86.20906066894531
2021-07-16,16.55002212524414,1.1811814308166504,53.040000915527344,46.255001068115234,30.735000610351562,49.779998779296875,70.66999816894531,86.15179443359375
2021-07-19,15.888720512390137,1.1814005374908447,51.709999084472656,45.529998779296875,30.0,49.27000045776367,69.30000305175781,84.58109283447266
2021-07-20,16.1236572265625,1.1793843507766724,52.810001373291016,46.02000045776367,30.389999389648438,49.73500061035156,70.19000244140625,86.57720184326172
2021-07-21,16.445608139038086,1.1784114837646484,53.439998626708984,46.38999938964844,30.69499969482422,49.720001220703125,70.69999694824219,86.56901550292969
2021-07-22,16.576129913330078,1.179273009300232,53.65999984741211,46.60499954223633,30.725000381469727,49.84000015258789,71.05999755859375,85.8818588256836
2021-07-23,16.66314125061035,1.1772738695144653,54.2599983215332,47.220001220703125,30.959999084472656,50.2599983215332,71.83999633789062,86.59356689453125
2021-07-26,16.784963607788086,1.1773432493209839,54.38999938964844,47.064998626708984,30.940000534057617,50.060001373291016,71.70999908447266,86.63446807861328
2021-07-27,16.689247131347656,1.1807769536972046,53.599998474121094,46.58000183105469,30.7549991607666,49.95000076293945,71.02999877929688,87.12533569335938
2021-07-28,16.767560958862305,1.1823126077651978,54.11000061035156,46.91999816894531,30.920000076293945,50.099998474121094,71.51000213623047,86.82262420654297
2021-07-29,17.063405990600586,1.1845955848693848,54.369998931884766,46.880001068115234,31.075000762939453,49.94499969482422,71.58000183105469,86.83899688720703
2021-07-30,16.967689514160156,1.1892997026443481,54.09000015258789,46.849998474121094,30.875,50.119998931884766,71.2300033569336,86.95352172851562
2021-08-02,16.784963607788086,1.186704158782959,54.470001220703125,46.95000076293945,31.110000610351562,50.13999938964844,71.4800033569336,86.76536560058594
2021-08-03,16.706649780273438,1.1874650716781616,54.29999923706055,46.89500045776367,31.190000534057617,50.15999984741211,71.38999938964844,86.8717041015625
2021-08-04,16.436904907226562,1.1869436502456665,54.900001525878906,47.189998626708984,31.21500015258789,50.209999084472656,71.69999694824219,86.60174560546875
2021-08-05,16.680543899536133,1.1837401390075684,55.2599983215332,47.38999938964844,31.15999984741211,50.290000915527344,71.98999786376953,87.61617279052734
2021-08-06,16.541324615478516,1.1835720539093018,55.630001068115234,47.63999938964844,31.44499969482422,50.52000045776367,72.41999816894531,87.4607162475586
2021-08-09,16.306385040283203,1.1749500036239624,55.880001068115234,47.71500015258789,31.469999313354492,50.630001068115234,72.51000213623047,86.99443054199219
2021-08-10,16.602231979370117,1.17384672164917,56.29999923706055,47.86000061035156,31.53499984741211,50.77000045776367,72.7699966430664,86.16816711425781
2021-08-11,16.750154495239258,1.172333002090454,56.099998474121094,47.875,31.739999771118164,50.90999984741211,72.83000183105469,86.67537689208984
2021-08-12,16.689247131347656,1.1741899251937866,56.220001220703125,47.93000030517578,31.69499969482422,50.93000030517578,72.94999694824219,86.86353302001953
2021-08-13,16.59353256225586,1.173626184463501,56.040000915527344,47.8849983215332,31.670000076293945,50.97999954223633,72.87000274658203,87.33800506591797
2021-08-16,16.55002212524414,1.179467797279358,55.38999938964844,47.8650016784668,31.510000228881836,51.099998474121094,72.63999938964844,87.23165893554688
2021-08-17,16.367294311523438,1.177994966506958,55.380001068115234,48.03499984741211,31.479999542236328,51.5099983215332,72.87999725341797,87.14167022705078
2021-08-18,16.175865173339844,1.1709738969802856,55.459999084472656,47.98500061035156,31.56999969482422,51.43000030517578,72.8499984741211,86.34815216064453
2021-08-19,15.949628829956055,1.1703298091888428,54.29999923706055,47.68000030517578,30.885000228881836,51.310001373291016,72.08000183105469,86.76536560058594
2021-08-20,15.575469970703125,1.1676595211029053,54.560001373291016,48.10499954223633,30.915000915527344,51.630001068115234,72.55999755859375,87.19892883300781
2021-08-23,16.14105796813965,1.1697548627853394,55.380001068115234,48.41999816894531,31.170000076293945,51.720001220703125,73.08000183105469,87.03533935546875
2021-08-24,16.48041343688965,1.1744533777236938,55.63999938964844,48.314998626708984,31.295000076293945,51.43000030517578,73.1500015258789,86.65083312988281
2021-08-25,16.62833595275879,1.175309181213379,56.04999923706055,48.32500076293945,31.344999313354492,51.25,73.19000244140625,86.59356689453125
2021-08-26,16.49781608581543,1.1774401664733887,55.81999969482422,48.08000183105469,31.184999465942383,51.09000015258789,72.95999908447266,86.62628936767578
2021-08-27,16.706649780273438,1.1756407022476196,56.06999969482422,48.224998474121094,31.229999542236328,51.11000061035156,73.16999816894531,87.53436279296875
2021-08-30,16.767560958862305,1.1799006462097168,56.33000183105469,48.4900016784668,31.299999237060547,51.27000045776367,73.52999877929688,88.40969848632812
2021-08-31,16.689247131347656,1.1796904802322388,56.11000061035156,48.30500030517578,31.25,51.13999938964844,73.4000015258789,88.826904296875
2021-09-01,16.610933303833008,1.1810280084609985,56.040000915527344,48.20000076293945,31.19499969482422,51.08000183105469,73.31999969482422,90.2503662109375
2021-09-02,16.802366256713867,1.1840906143188477,56.349998474121094,48.2400016784668,31.325000762939453,51.220001220703125,73.51000213623047,90.72486114501953
2021-09-03,16.819766998291016,1.1876484155654907,56.060001373291016,48.185001373291016,31.375,51.34000015258789,73.4000015258789,90.7412338256836
2021-09-06,,1.1885942220687866,56.5099983215332,48.45000076293945,31.69499969482422,51.58000183105469,73.8499984741211,
2021-09-07,16.62833595275879,1.1875073909759521,56.40999984741211,48.14500045776367,31.450000762939453,51.15999984741211,73.5,89.7186279296875
2021-09-08,16.750154495239258,1.184356927871704,55.97999954223633,47.97999954223633,31.315000534057617,51.31999969482422,73.23999786376953,90.16856384277344
2021-09-09,16.62833595275879,1.1819101572036743,56.27000045776367,47.97999954223633,31.375,51.22999954223633,73.36000061035156,88.33606719970703
2021-09-10,16.845870971679688,1.1825922727584839,56.119998931884766,47.790000915527344,31.295000076293945,50.84000015258789,73.0,87.04351043701172
2021-09-13,16.97639274597168,1.1811953783035278,55.91999816894531,47.73500061035156,31.510000228881836,50.81999969482422,72.8499984741211,87.6325454711914
2021-09-14,16.967689514160156,1.1811953783035278,55.900001525878906,47.665000915527344,31.395000457763672,50.7599983215332,72.77999877929688,87.47708129882812
2021-09-15,17.246135711669922,1.1804981231689453,55.86000061035156,47.58000183105469,31.434999465942383,50.70000076293945,72.61000061035156,87.75524139404297
2021-09-16,17.12431526184082,1.1819995641708374,56.18000030517578,47.72999954223633,31.510000228881836,50.7400016784668,72.94999694824219,87.828857421875
2021-09-17,16.98509407043457,1.176747441291809,55.93000030517578,47.459999084472656,31.34000015258789,50.59000015258789,72.73999786376953,87.04351043701172
2021-09-20,16.784963607788086,1.1729930639266968,54.4900016784668,46.73500061035156,30.729999542236328,50.2400016784668,71.4000015258789,86.51176452636719
2021-09-21,16.802366256713867,1.1730204820632935,54.720001220703125,46.88999938964844,30.875,50.5,71.98999786376953,86.55268096923828
2021-09-22,16.99379539489746,1.17229163646698,55.459999084472656,47.099998474121094,31.170000076293945,50.36000061035156,72.43000030517578,87.3952865600586
2021-09-23,17.254833221435547,1.168770432472229,56.36000061035156,47.564998626708984,31.360000610351562,50.599998474121094,73.0,87.22348022460938
2021-09-24,17.333147048950195,1.1740258932113647,56.310001373291016,47.334999084472656,31.434999465942383,50.41999816894531,72.86000061035156,86.29084014892578
2021-09-27,17.56808853149414,1.1723054647445679,56.58000183105469,47.22999954223633,31.790000915527344,50.16999816894531,72.94999694824219,85.13021087646484
2021-09-28,17.428863525390625,1.1696795225143433,55.33000183105469,46.18000030517578,31.459999084472656,49.34000015258789,71.5999984741211,84.55399322509766
2021-09-29,17.446266174316406,1.1686338186264038,55.470001220703125,46.5099983215332,31.68000030517578,49.900001525878906,72.13999938964844,85.18782043457031
2021-09-30,17.559383392333984,1.1601601839065552,55.34000015258789,46.470001220703125,31.479999542236328,49.97999954223633,71.98999786376953,83.78024291992188
2021-10-01,17.794321060180664,1.1574475765228271,54.880001068115234,46.07500076293945,31.225000381469727,49.415000915527344,71.55000305175781,84.96556854248047
2021-10-04,18.081466674804688,1.160725712776184,54.36000061035156,45.60499954223633,31.065000534057617,49.099998474121094,70.70999908447266,84.98204803466797
2021-10-05,18.307703018188477,1.1618449687957764,55.40999984741211,46.31999969482422,31.5,49.564998626708984,71.91999816894531,84.3976058959961
2021-10-06,18.00315284729004,1.1596084833145142,54.880001068115234,46.04999923706055,31.145000457763672,49.38999938964844,71.43000030517578,85.20429229736328
2021-10-07,18.229389190673828,1.1555349826812744,56.22999954223633,47.095001220703125,31.735000610351562,50.150001525878906,72.98999786376953,85.43477630615234
2021-10-08,18.290300369262695,1.1559758186340332,55.9900016784668,46.91999816894531,31.655000686645508,49.92499923706055,72.69999694824219,84.62808227539062
2021-10-11,18.412120819091797,1.1566041707992554,56.11000061035156,46.994998931884766,31.8700008392334,49.994998931884766,72.8499984741211,84.84212493896484
2021-10-12,18.412120819091797,1.1553747653961182,55.689998626708984,46.72999954223633,31.6299991607666,49.904998779296875,72.4000015258789,85.953369140625
2021-10-13,18.516536712646484,1.15340256690979,55.599998474121094,46.689998626708984,31.399999618530273,49.775001525878906,72.18000030517578,86.5789566040039
2021-10-14,18.707963943481445,1.1599582433700562,56.529998779296875,47.52000045776367,31.75,50.439998626708984,73.3499984741211,87.63260650634766
2021-10-15,18.864591598510742,1.159151554107666,57.209999084472656,47.85499954223633,31.989999771118164,50.599998474121094,73.93000030517578,87.56672668457031
2021-10-18,18.7514705657959,1.1597026586532593,57.34000015258789,47.95500183105469,31.905000686645508,50.52000045776367,73.95999908447266,87.78898620605469
2021-10-19,18.794981002807617,1.161386251449585,57.70000076293945,48.29499816894531,31.875,50.61000061035156,74.3499984741211,87.83013916015625
2021-10-20,19.003814697265625,1.1631964445114136,57.7400016784668,48.39500045776367,32.0099983215332,50.900001525878906,74.58000183105469,89.21304321289062
2021-10-21,18.7166690826416,1.1655012369155884,57.560001373291016,48.39500045776367,31.790000915527344,50.83000183105469,74.44000244140625,89.33651733398438
2021-10-22,18.803680419921875,1.1625338792800903,57.83000183105469,48.60499954223633,31.709999084472656,51.119998931884766,74.61000061035156,89.7563247680664
2021-10-25,18.899396896362305,1.1640088558197021,58.4900016784668,48.91999816894531,31.885000228881836,51.29999923706055,75.05999755859375,90.04441833496094
2021-10-26,18.92550277709961,1.161170482635498,59.029998779296875,49.17499923706055,31.915000915527344,51.41999816894531,75.55999755859375,90.29135131835938
2021-10-27,18.577444076538086,1.1598236560821533,58.59000015258789,49.02000045776367,31.670000076293945,51.099998474121094,75.20999908447266,89.52584075927734
2021-10-28,18.673158645629883,1.1600120067596436,58.47999954223633,48.904998779296875,31.5,50.86000061035156,75.02999877929688,90.77703857421875
2021-10-29,18.577444076538086,1.1683608293533325,59.16999816894531,49.5,31.704999923706055,51.33000183105469,75.7300033569336,89.7563247680664
2021-11-01,18.7166690826416,1.1556684970855713,59.470001220703125,49.48500061035156,31.94499969482422,51.31999969482422,75.88999938964844,90.20081329345703
2021-11-02,18.768875122070312,1.1599582433700562,59.61000061035156,49.69499969482422,31.96500015258789,51.5099983215332,76.16000366210938,90.62885284423828
2021-11-03,18.290300369262695,1.1579434871673584,59.5,49.689998626708984,32.01499938964844,51.529998779296875,76.12999725341797,90.93341827392578
2021-11-04,18.177181243896484,1.1615750789642334,60.06999969482422,50.349998474121094,32.1349983215332,51.939998626708984,76.95999908447266,90.06912231445312
2021-11-05,18.429521560668945,1.1555349826812744,60.22999954223633,50.5099983215332,32.30500030517578,51.720001220703125,77.33000183105469,90.53007507324219
2021-11-08,18.542640686035156,1.1568851470947266,60.310001373291016,50.31999969482422,32.20000076293945,51.40999984741211,77.1500015258789,90.45599365234375
2021-11-09,18.690561294555664,1.159151554107666,59.529998779296875,50.2599983215332,32.1349983215332,51.58000183105469,76.87000274658203,90.6124038696289
2021-11-10,18.455625534057617,1.1595547199249268,59.599998474121094,50.380001068115234,32.35499954223633,52.04999923706055,77.16999816894531,90.19259643554688
2021-11-11,18.58614730834961,1.148593544960022,59.869998931884766,50.47999954223633,32.4900016784668,52.13999938964844,77.23999786376953,90.34075164794922
2021-11-12,18.560041427612305,1.145081877708435,60.06999969482422,50.959999084472656,32.70500183105469,52.54999923706055,77.73999786376953,90.27491760253906
2021-11-15,18.568744659423828,1.144164800643921,60.2400016784668,51.2599983215332,32.77000045776367,52.790000915527344,78.08000183105469,90.90872955322266
2021-11-16,18.542640686035156,1.1366478204727173,60.810001373291016,51.650001525878906,32.88999938964844,53.119998931884766,78.73999786376953,90.30780792236328
2021-11-17,18.377315521240234,1.1321182250976562,60.88999938964844,51.470001220703125,32.83000183105469,53.0099983215332,78.66999816894531,90.58769989013672
2021-11-18,18.43822479248047,1.1321182250976562,60.54999923706055,51.2599983215332,32.51499938964844,52.650001525878906,78.4000015258789,90.60417175292969
2021-11-19,18.142377853393555,1.1368415355682373,60.61000061035156,51.709999084472656,32.5099983215332,53.06999969482422,78.69999694824219,90.06912231445312
2021-11-22,18.272897720336914,1.1275737285614014,61.25,51.900001525878906,32.904998779296875,53.27000045776367,79.12000274658203,89.6246109008789
2021-11-23,18.60354995727539,1.12421452999115,60.45000076293945,51.130001068115234,32.775001525878906,52.83000183105469,78.08999633789062,90.34899139404297
2021-11-24,18.533939361572266,1.1244926452636719,60.97999954223633,51.540000915527344,32.92499923706055,53.099998474121094,78.7699966430664,91.44377136230469
2021-11-25,,1.1202975511550903,61.029998779296875,51.720001220703125,32.89500045776367,53.13999938964844,78.9800033569336,
2021-11-26,17.428863525390625,1.1209630966186523,58.7400016784668,50.13999938964844,31.600000381469727,52.18000030517578,76.30000305175781,88.90025329589844
2021-11-29,17.428863525390625,1.1293182373046875,59.5099983215332,50.63999938964844,31.875,52.43000030517578,77.20999908447266,89.55876922607422
2021-11-30,16.950286865234375,1.1293437480926514,59.0,50.15999984741211,31.3700008392334,51.970001220703125,76.16000366210938,87.86306762695312
2021-12-01,16.802366256713867,1.1330289840698242,59.61000061035156,50.54999923706055,31.9950008392334,52.02000045776367,77.01000213623047,86.41434478759766
2021-12-02,16.950286865234375,1.1319515705108643,58.36000061035156,49.7599983215332,31.729999542236328,51.709999084472656,75.62999725341797,89.00724792480469
2021-12-03,16.967689514160156,1.1306205987930298,57.56999969482422,49.40999984741211,31.860000610351562,51.709999084472656,75.47000122070312,88.7109146118164
2021-12-06,17.263538360595703,1.1304799318313599,57.4900016784668,49.810001373291016,32.20000076293945,52.29999923706055,76.30000305175781,90.26667785644531
2021-12-07,17.524578094482422,1.128668189048767,59.709999084472656,51.290000915527344,32.904998779296875,53.040000915527344,78.36000061035156,91.5672607421875
2021-12-08,17.7595157623291,1.1276500225067139,59.369998931884766,50.959999084472656,32.474998474121094,52.5,77.70999908447266,92.22579193115234
2021-12-09,17.489774703979492,1.1345586776733398,59.5099983215332,51.150001525878906,32.474998474121094,52.84000015258789,77.9800033569336,90.89226531982422
2021-12-10,17.689905166625977,1.1293309926986694,58.900001525878906,50.84000015258789,32.5,52.900001525878906,77.55999755859375,91.17212677001953
2021-12-13,17.60289192199707,1.131183385848999,58.61000061035156,50.81999969482422,32.35499954223633,53.119998931884766,77.44000244140625,92.0282211303711
2021-12-14,17.446266174316406,1.1285407543182373,57.68000030517578,50.27000045776367,32.38999938964844,53.040000915527344,76.70999908447266,90.85108947753906
2021-12-15,17.533279418945312,1.1261261701583862,57.939998626708984,50.400001525878906,32.400001525878906,53.2599983215332,76.76000213623047,92.1269760131836
2021-12-16,17.637697219848633,1.1290758848190308,58.61000061035156,51.04999923706055,33.03499984741211,53.90999984741211,77.80000305175781,92.09407043457031
2021-12-17,17.428863525390625,1.1334141492843628,57.91999816894531,50.61000061035156,32.8849983215332,53.72999954223633,77.20999908447266,91.97882843017578
2021-12-20,17.307044982910156,1.1243535280227661,56.34000015258789,49.22999954223633,32.21500015258789,52.79999923706055,75.45999908447266,91.26268768310547
2021-12-21,17.672502517700195,1.1277517080307007,57.34000015258789,50.029998779296875,32.84000015258789,53.15999984741211,76.80000305175781,92.2916259765625
2021-12-22,17.88133430480957,1.128757357597351,58.45000076293945,50.45000076293945,32.900001525878906,53.31999969482422,77.55999755859375,93.23824310302734
2021-12-23,17.97705078125,1.1328877210617065,59.150001525878906,51.02000045776367,33.34000015258789,53.7400016784668,78.38999938964844,93.13946533203125
2021-12-24,,1.132733702659607,,,,,,
2021-12-27,18.20328712463379,1.1324259042739868,59.81999969482422,51.43000030517578,33.3849983215332,53.869998931884766,78.88999938964844,94.72064971923828
2021-12-28,18.168479919433594,1.1330032348632812,59.900001525878906,51.790000915527344,33.564998626708984,54.369998931884766,79.3499984741211,95.06961059570312
2021-12-29,18.255495071411133,1.1314777135849,59.4900016784668,51.529998779296875,33.435001373291016,54.20000076293945,78.95999908447266,95.70938873291016
2021-12-30,18.168479919433594,1.1360150575637817,59.81999969482422,51.79999923706055,33.54499816894531,54.41999816894531,79.33999633789062,96.12481689453125
2021-12-31,18.081466674804688,1.132502794265747,,,,,,96.39070892333984
2022-01-03,18.151079177856445,1.1373459100723267,59.75,51.45000076293945,33.744998931884766,53.9900016784668,79.16000366210938,95.6346206665039
2022-01-04,18.36861228942871,1.1302244663238525,59.4900016784668,51.4900016784668,34.26499938964844,54.220001220703125,79.52999877929688,95.5182876586914
2022-01-05,18.290300369262695,1.1283625364303589,59.2400016784668,51.25,34.64500045776367,54.060001373291016,79.2699966430664,92.78466796875
2022-01-06,18.44692611694336,1.1313496828079224,58.0,50.43000030517578,34.29499816894531,53.400001525878906,78.02999877929688,92.86776733398438
2022-01-07,18.48172950744629,1.1296881437301636,57.47999954223633,50.0,34.290000915527344,52.900001525878906,77.48999786376953,92.25291442871094
2022-01-10,18.403417587280273,1.1353960037231445,56.619998931884766,49.189998626708984,34.279998779296875,52.439998626708984,76.48999786376953,91.72116088867188
2022-01-11,18.760175704956055,1.1330417394638062,57.47999954223633,49.6150016784668,34.540000915527344,52.5099983215332,77.44999694824219,91.86238861083984
2022-01-12,18.908098220825195,1.1366478204727173,57.90999984741211,49.86000061035156,34.73500061035156,52.540000915527344,77.77999877929688,91.97041320800781
2022-01-13,18.707963943481445,1.144164800643921,57.529998779296875,49.720001220703125,34.98500061035156,52.36000061035156,77.5199966430664,91.78763580322266
2022-01-14,18.95160484313965,1.1457115411758423,56.33000183105469,48.8849983215332,34.81999969482422,51.77000045776367,76.55999755859375,90.95674133300781
2022-01-17,,1.1410704851150513,56.88999938964844,49.26499938964844,35.084999084472656,52.13999938964844,77.12999725341797,
2022-01-18,19.099529266357422,1.1410574913024902,56.119998931884766,48.790000915527344,34.77000045776367,51.90999984741211,76.27999877929688,90.001220703125
2022-01-19,19.20394515991211,1.1329647302627563,55.61000061035156,48.67499923706055,34.42499923706055,52.0099983215332,75.93000030517578,88.78813934326172
2022-01-20,19.13433265686035,1.1343399286270142,56.189998626708984,49.064998626708984,34.46500015258789,52.34000015258789,76.55999755859375,87.6498031616211
2022-01-21,19.151737213134766,1.1313753128051758,54.65999984741211,48.029998779296875,33.845001220703125,51.560001373291016,74.79000091552734,87.43379211425781
2022-01-24,19.10822868347168,1.1341469287872314,51.869998931884766,46.150001525878906,32.8650016784668,50.43000030517578,71.81999969482422,87.59996795654297
2022-01-25,19.282258987426758,1.1324130296707153,52.650001525878906,46.709999084472656,33.27000045776367,50.79999923706055,72.54000091552734,87.25101470947266
2022-01-26,19.325763702392578,1.130454421043396,53.97999954223633,47.45500183105469,33.744998931884766,50.9900016784668,74.02999877929688,85.88835144042969
2022-01-27,19.421478271484375,1.1243535280227661,53.849998474121094,47.54999923706055,33.7599983215332,51.25,74.2300033569336,84.4675521850586
2022-01-28,19.438880920410156,1.1147029399871826,53.529998779296875,47.2400016784668,33.40999984741211,50.86000061035156,73.66000366210938,87.201171875
2022-01-31,19.508493423461914,1.1152374744415283,54.900001525878906,47.9900016784668,33.630001068115234,51.470001220703125,75.0,88.27298736572266
2022-02-01,19.58680534362793,1.12296462059021,55.5099983215332,48.39500045776367,33.92499923706055,51.56999969482422,75.62999725341797,87.95723724365234
2022-02-02,19.665117263793945,1.1273956298828125,55.83000183105469,48.935001373291016,34.01499938964844,51.939998626708984,75.86000061035156,89.07894897460938
2022-02-03,19.70862579345703,1.1299946308135986,54.9900016784668,47.650001525878906,33.775001525878906,51.209999084472656,74.41000366210938,88.13174438476562
2022-02-04,19.865249633789062,1.14357590675354,54.31999969482422,46.849998474121094,33.290000915527344,50.59000015258789,73.72000122070312,87.25930786132812
2022-02-07,19.908756256103516,1.145514726638794,54.81999969482422,47.150001525878906,33.63999938964844,50.95000076293945,74.1500015258789,87.13468170166016
2022-02-08,19.734729766845703,1.1442956924438477,54.84000015258789,47.150001525878906,33.8650016784668,51.0099983215332,74.48999786376953,86.7275390625
2022-02-09,19.934860229492188,1.142126202583313,56.04999923706055,48.025001525878906,34.275001525878906,51.4900016784668,75.52999877929688,88.68843078613281
2022-02-10,19.830446243286133,1.142152190208435,55.86000061035156,47.599998474121094,34.290000915527344,50.970001220703125,75.08999633789062,86.59458923339844
2022-02-11,20.12628936767578,1.1415525674819946,55.04999923706055,47.150001525878906,34.275001525878906,50.84000015258789,74.5999984741211,85.80525207519531
2022-02-14,20.2307071685791,1.1365057229995728,54.220001220703125,46.57500076293945,33.88999938964844,50.529998779296875,73.87000274658203,85.02423095703125
2022-02-15,19.900056838989258,1.1306334733963013,54.790000915527344,47.005001068115234,34.099998474121094,50.86000061035156,74.47000122070312,85.78865814208984
2022-02-16,19.926158905029297,1.1356796026229858,54.709999084472656,46.900001525878906,34.11000061035156,50.41999816894531,74.12999725341797,86.18748474121094
2022-02-17,20.091487884521484,1.1375269889831543,54.20000076293945,46.724998474121094,34.005001068115234,50.380001068115234,73.8499984741211,85.27349853515625
2022-02-18,20.169797897338867,1.1366478204727173,53.279998779296875,46.20000076293945,33.76499938964844,50.290000915527344,72.97000122070312,84.75834655761719
2022-02-21,,1.131721019744873,52.41999816894531,45.685001373291016,33.459999084472656,49.98500061035156,72.13999938964844,
2022-02-22,20.456945419311523,1.1309658288955688,52.630001068115234,45.779998779296875,33.439998626708984,49.98500061035156,72.33000183105469,84.45093536376953
2022-02-23,20.648372650146484,1.13291335105896,52.279998779296875,45.48500061035156,33.314998626708984,49.834999084472656,71.97000122070312,83.05504608154297
2022-02-24,20.735387802124023,1.1305694580078125,51.83000183105469,45.150001525878906,32.51499938964844,49.595001220703125,70.9800033569336,84.45093536376953
2022-02-25,20.422138214111328,1.11906898021698,53.560001373291016,46.564998626708984,33.43000030517578,50.72999954223633,73.19999694824219,86.48657989501953
2022-02-28,20.77019500732422,1.118105411529541,54.09000015258789,46.95000076293945,33.29499816894531,50.91999816894531,73.66999816894531,85.19873046875
2022-03-01,21.605525970458984,1.1215918064117432,53.959999084472656,46.94499969482422,32.79999923706055,51.33000183105469,73.05000305175781,84.75003814697266
2022-03-02,22.31033706665039,1.1132758855819702,54.4900016784668,47.45000076293945,33.349998474121094,51.790000915527344,73.94000244140625,86.33702087402344
2022-03-03,22.553974151611328,1.1112345457077026,54.27000045776367,47.334999084472656,33.150001525878906,51.90999984741211,73.69000244140625,87.04328918457031
2022-03-04,23.502426147460938,1.1066844463348389,53.41999816894531,46.94499969482422,32.72999954223633,52.40999984741211,73.0,87.44210815429688
2022-03-07,24.015810012817383,1.087453007698059,53.220001220703125,46.814998626708984,32.540000915527344,52.81999969482422,72.6500015258789,85.71387481689453
2022-03-08,24.424772262573242,1.0865312814712524,51.81999969482422,45.71500015258789,31.959999084472656,51.54999923706055,71.12999725341797,85.29843139648438
2022-03-09,22.484365463256836,1.0898232460021973,52.810001373291016,46.1150016784668,32.369998931884766,51.29999923706055,72.18000030517578,86.6112289428711
2022-03-10,22.214624404907227,1.107382893562317,52.38999938964844,45.875,32.03499984741211,51.220001220703125,71.61000061035156,86.82725524902344
2022-03-11,22.597484588623047,1.1013944149017334,52.779998779296875,46.529998779296875,32.415000915527344,51.959999084472656,72.44999694824219,86.13761901855469
2022-03-14,21.936176300048828,1.093206763267517,52.099998474121094,45.834999084472656,32.30500030517578,51.54999923706055,71.66000366210938,85.464599609375
2022-03-15,21.396692276000977,1.0943193435668945,52.72999954223633,46.185001373291016,32.55500030517578,52.06999969482422,72.33999633789062,86.03791046142578
2022-03-16,21.21396255493164,1.0969363451004028,54.22999954223633,47.1349983215332,33.1349983215332,52.400001525878906,73.69000244140625,87.05990600585938
2022-03-17,22.23202133178711,1.1021955013275146,54.5,47.29999923706055,33.119998931884766,52.59000015258789,74.0,88.40593719482422
2022-03-18,22.336442947387695,1.1099518537521362,55.810001373291016,48.099998474121094,33.375,52.97999954223633,75.23999786376953,88.40593719482422
2022-03-21,23.17177391052246,1.1043134927749634,56.20000076293945,48.56999969482422,33.59000015258789,53.38999938964844,75.62000274658203,87.86585235595703
2022-03-22,23.119565963745117,1.101722002029419,57.0099983215332,48.93000030517578,33.91999816894531,53.45000076293945,76.61000061035156,88.09019470214844
2022-03-23,23.693857192993164,1.1029735803604126,57.150001525878906,48.70500183105469,33.81999969482422,53.27000045776367,76.31999969482422,87.10188293457031
2022-03-24,23.458919525146484,1.1006306409835815,57.09000015258789,48.78499984741211,33.875,53.36000061035156,76.33000183105469,87.65325927734375
2022-03-25,23.63294792175293,1.1009578704833984,57.279998779296875,49.0099983215332,34.13999938964844,53.63999938964844,76.7300033569336,88.74767303466797
2022-03-28,22.606184005737305,1.098189115524292,57.689998626708984,49.19499969482422,34.005001068115234,53.91999816894531,77.04000091552734,89.69170379638672
2022-03-29,22.693199157714844,1.0993843078613281,58.09000015258789,49.46500015258789,34.165000915527344,53.900001525878906,77.51000213623047,92.32331848144531
2022-03-30,23.102161407470703,1.1091516017913818,57.790000915527344,49.435001373291016,34.02000045776367,53.83000183105469,77.12999725341797,91.65496063232422
2022-03-31,22.675796508789062,1.1161835193634033,57.77000045776367,49.529998779296875,33.79499816894531,54.13999938964844,77.0999984741211,90.53548431396484
2022-04-01,22.823719024658203,1.1072357892990112,57.36000061035156,49.23500061035156,33.67499923706055,54.09000015258789,76.73999786376953,92.29824829101562
2022-04-04,23.258787155151367,1.1047282218933105,58.150001525878906,49.80500030517578,33.970001220703125,54.75,77.68000030517578,91.84712219238281
2022-04-05,23.067358016967773,1.0975863933563232,58.029998779296875,50.02000045776367,33.869998931884766,55.290000915527344,77.97000122070312,91.39599609375
2022-04-06,22.884628295898438,1.090643286705017,56.43000030517578,49.084999084472656,33.45000076293945,54.970001220703125,76.47000122070312,92.48204803466797
2022-04-07,22.962942123413086,1.0898232460021973,56.33000183105469,49.0,33.279998779296875,55.25,76.29000091552734,91.56307983398438
2022-04-08,23.25008773803711,1.0864840745925903,56.91999816894531,49.665000915527344,33.810001373291016,56.0099983215332,77.30000305175781,91.71344757080078
2022-04-11,23.058656692504883,1.0884946584701538,55.619998931884766,48.75,33.709999084472656,55.5,76.18000030517578,90.72763061523438
2022-04-12,23.746065139770508,1.0877959728240967,56.06999969482422,49.08000183105469,33.70000076293945,55.540000915527344,76.5999984741211,90.5939712524414
2022-04-13,24.268146514892578,1.0826143026351929,55.880001068115234,48.88999938964844,33.68000030517578,55.22999954223633,76.23999786376953,91.23724365234375
2022-04-14,24.450876235961914,1.089656949043274,56.08000183105469,49.25,34.03499984741211,55.70000076293945,76.69000244140625,90.84458923339844
2022-04-15,,1.0820988416671753,,,,,,
2022-04-18,24.729320526123047,1.081525444984436,,,,,,90.47702026367188
2022-04-19,24.0941219329834,1.0781787633895874,56.22999954223633,49.19499969482422,34.025001525878906,55.279998779296875,76.7699966430664,92.4486083984375
2022-04-20,24.120223999023438,1.0794472694396973,56.25,49.20500183105469,34.290000915527344,55.31999969482422,76.87999725341797,93.9858169555664
2022-04-21,24.085418701171875,1.0849870443344116,56.369998931884766,49.165000915527344,34.31999969482422,55.2400016784668,76.87000274658203,93.33418273925781
2022-04-22,23.624244689941406,1.0835175514221191,54.79999923706055,48.060001373291016,33.65999984741211,54.5,75.12000274658203,91.69674682617188
2022-04-25,23.450220108032227,1.0811045169830322,53.459999084472656,47.22999954223633,33.05500030517578,53.869998931884766,73.7699966430664,91.46283721923828
2022-04-26,23.772171020507812,1.0714209079742432,53.2400016784668,47.2599983215332,33.189998626708984,54.310001373291016,73.77999877929688,89.95903778076172
2022-04-27,23.937496185302734,1.0643619298934937,53.72999954223633,47.70000076293945,33.35499954223633,54.72999954223633,74.51000213623047,89.36589813232422
2022-04-28,24.13762664794922,1.0555092096328735,53.91999816894531,48.11000061035156,33.61000061035156,54.77000045776367,74.86000061035156,91.01168060302734
2022-04-29,23.95490074157715,1.0504201650619507,54.45000076293945,48.29999923706055,33.724998474121094,54.54999923706055,75.0199966430664,86.83455657958984
2022-05-02,24.320358276367188,1.0535964965820312,53.06999969482422,47.29999923706055,33.17499923706055,53.540000915527344,73.47000122070312,84.73759460449219
2022-05-03,23.981002807617188,1.0509058237075806,54.029998779296875,47.86000061035156,33.8650016784668,53.939998626708984,74.55999755859375,85.79026794433594
2022-05-04,24.729320526123047,1.0528532266616821,53.2400016784668,47.29999923706055,33.564998626708984,53.40999984741211,73.54000091552734,86.77606201171875
2022-05-05,24.598798751831055,1.0622477531433105,53.459999084472656,47.404998779296875,33.65999984741211,53.61000061035156,73.83000183105469,84.46192169189453
2022-05-06,24.62490463256836,1.0539740324020386,52.88999938964844,46.54999923706055,33.540000915527344,52.939998626708984,72.68000030517578,83.45940399169922
2022-05-09,23.51112937927246,1.053219199180603,50.66999816894531,45.369998931884766,32.900001525878906,52.099998474121094,70.83000183105469,79.78351593017578
2022-05-10,23.371906280517578,1.056579828262329,50.209999084472656,45.119998931884766,32.79499816894531,51.880001068115234,70.36000061035156,78.32987213134766
2022-05-11,23.946195602416992,1.0532968044281006,51.06999969482422,45.625,33.09000015258789,52.40999984741211,71.18000030517578,78.16278839111328
2022-05-12,24.059314727783203,1.05124831199646,50.20000076293945,45.345001220703125,33.01499938964844,52.29999923706055,70.58000183105469,78.77265167236328
2022-05-13,24.38996696472168,1.0379581451416016,51.880001068115234,46.38999938964844,33.60499954223633,53.040000915527344,72.27999877929688,80.85286712646484
2022-05-16,24.79022979736328,1.0400632619857788,51.38999938964844,46.1349983215332,33.630001068115234,53.08000183105469,72.08999633789062,80.34325408935547
2022-05-17,24.520488739013672,1.0438958406448364,51.7599983215332,46.310001373291016,33.94499969482422,52.849998474121094,72.37000274658203,81.43767547607422
2022-05-18,23.989702224731445,1.0547856092453003,50.810001373291016,45.48500061035156,33.67499923706055,52.119998931884766,71.36000061035156,79.07341003417969
2022-05-19,24.29425048828125,1.0472739934921265,49.849998474121094,44.314998626708984,32.90999984741211,51.0099983215332,69.97000122070312,78.72252655029297
2022-05-20,24.329055786132812,1.057898759841919,49.650001525878906,44.35499954223633,33.06999969482422,51.290000915527344,69.9000015258789,79.2237777709961
2022-05-23,24.51178741455078,1.0569819211959839,50.22999954223633,44.78499984741211,33.41999816894531,51.70000076293945,70.62999725341797,80.14276885986328
2022-05-24,24.494382858276367,1.0682048797607422,48.94499969482422,43.84000015258789,32.90999984741211,51.16999816894531,68.97000122070312,80.81946563720703
2022-05-25,24.668413162231445,1.0736525058746338,49.94499969482422,44.68000030517578,33.540000915527344,52.040000915527344,70.27999877929688,81.5044937133789
2022-05-26,24.938152313232422,1.0686614513397217,50.90999984741211,45.35499954223633,33.875,52.29999923706055,71.30999755859375,81.6047592163086
2022-05-27,25.233999252319336,1.0732953548431396,52.290000915527344,46.310001373291016,34.220001220703125,52.88999938964844,72.70999908447266,83.7936019897461
2022-05-30,,1.0731456279754639,52.97999954223633,46.689998626708984,34.220001220703125,53.029998779296875,73.16999816894531,
2022-05-31,25.059972763061523,1.0773539543151855,52.33000183105469,46.20000076293945,34.0,52.40999984741211,72.5,82.76600646972656
2022-06-01,25.181793212890625,1.0734105110168457,52.27000045776367,46.11000061035156,34.025001525878906,52.400001525878906,72.43000030517578,82.08094787597656
2022-06-02,25.756084442138672,1.0654165744781494,52.130001068115234,46.21500015258789,33.96500015258789,52.189998626708984,72.56999969482422,83.20878601074219
2022-06-03,25.99972152709961,1.0751069784164429,52.13999938964844,46.09000015258789,33.709999084472656,52.2400016784668,72.31999969482422,82.09764862060547
2022-06-06,26.112838745117188,1.0726046562194824,52.4900016784668,46.6150016784668,34.0099983215332,52.54999923706055,72.97000122070312,81.83866882324219
2022-06-07,26.286867141723633,1.0691413879394531,52.540000915527344,46.349998474121094,33.970001220703125,52.349998474121094,72.72000122070312,82.96650695800781
2022-06-08,26.521804809570312,1.0698620080947876,52.59000015258789,46.470001220703125,33.810001373291016,52.18000030517578,72.8499984741211,81.05337524414062
2022-06-09,26.5653133392334,1.071765422821045,52.119998931884766,45.98500061035156,33.560001373291016,51.77000045776367,72.20999908447266,79.13188934326172
2022-06-10,26.304269790649414,1.0619205236434937,51.220001220703125,44.599998474121094,32.77000045776367,51.2599983215332,69.91999816894531,77.37749481201172
2022-06-13,26.0084228515625,1.0489987134933472,50.2400016784668,43.58000183105469,32.09000015258789,50.68000030517578,68.36000061035156,73.50942993164062
2022-06-14,25.721277236938477,1.0415147542953491,49.81999969482422,43.185001373291016,31.905000686645508,50.060001373291016,67.79000091552734,72.94970703125
2022-06-15,25.73868179321289,1.0440592765808105,49.84000015258789,43.61000061035156,32.15999984741211,50.09000015258789,68.29000091552734,74.67904663085938
2022-06-16,25.851797103881836,1.0456204414367676,48.595001220703125,42.3650016784668,31.299999237060547,49.23500061035156,66.16000366210938,72.7157974243164
2022-06-17,24.929454803466797,1.0546854734420776,48.005001068115234,42.29499816894531,31.139999389648438,49.39500045776367,66.23999786376953,73.26717376708984
2022-06-20,,1.049141764640808,48.154998779296875,42.36000061035156,31.31999969482422,49.505001068115234,66.63999938964844,
2022-06-21,24.86854362487793,1.0520778894424438,48.849998474121094,42.80500030517578,31.56999969482422,49.79999923706055,67.37000274658203,74.2863998413086
2022-06-22,24.424772262573242,1.053263545036316,48.584999084472656,42.70500183105469,31.354999542236328,50.09000015258789,67.25,75.23043823242188
2022-06-23,23.876585006713867,1.0564124584197998,48.654998779296875,42.91999816894531,31.18000030517578,50.650001525878906,67.4000015258789,76.65969848632812
2022-06-24,24.102821350097656,1.052011489868164,49.52000045776367,44.029998779296875,31.774999618530273,51.4900016784668,69.02999877929688,78.29077911376953
2022-06-27,24.050613403320312,1.0566133260726929,49.834999084472656,44.279998779296875,31.885000228881836,51.61000061035156,69.26000213623047,78.17306518554688
2022-06-28,24.337759017944336,1.0580891370773315,50.150001525878906,44.04999923706055,32.06999969482422,51.75,69.13999938964844,77.22299194335938
2022-06-29,23.920093536376953,1.0523545742034912,50.0099983215332,43.70000076293945,31.709999084472656,51.59000015258789,68.58000183105469,76.7437744140625
2022-06-30,23.18047523498535,1.04465913772583,49.529998779296875,43.40999984741211,31.354999542236328,51.529998779296875,67.88999938964844,76.6008529663086
2022-07-01,23.29359245300293,1.0477677583694458,49.595001220703125,43.334999084472656,31.28499984741211,51.97999954223633,68.30999755859375,77.97968292236328
2022-07-04,,1.0433948040008545,50.220001220703125,43.60499954223633,31.545000076293945,52.29999923706055,68.66000366210938,
2022-07-05,21.727344512939453,1.0433186292648315,49.435001373291016,43.58000183105469,31.06999969482422,52.27000045776367,68.44000244140625,77.76110076904297
2022-07-06,21.4053955078125,1.0257673263549805,50.06999969482422,44.66999816894531,31.46500015258789,53.34000015258789,69.93000030517578,77.6181640625
2022-07-07,22.29293441772461,1.0186411142349243,51.099998474121094,45.53499984741211,32.220001220703125,53.779998779296875,71.33999633789062,77.8283462524414
2022-07-08,22.68449592590332,1.0169836282730103,51.2400016784668,45.75,32.48500061035156,53.790000915527344,71.72000122070312,77.41638946533203
2022-07-11,22.6409912109375,1.0166114568710327,51.29999923706055,45.619998931884766,32.290000915527344,54.06999969482422,71.3499984741211,77.24825286865234
2022-07-12,21.614227294921875,1.004752516746521,51.349998474121094,45.71500015258789,32.45500183105469,54.189998626708984,71.48999786376953,76.945556640625
2022-07-13,21.736047744750977,1.0033109188079834,50.84000015258789,45.040000915527344,32.02000045776367,53.54999923706055,70.41000366210938,76.57565307617188
2022-07-14,21.53591537475586,1.0032706260681152,50.279998779296875,44.7599983215332,31.6200008392334,53.290000915527344,69.81999969482422,75.88622283935547
2022-07-15,21.814359664916992,1.0025665760040283,51.0,45.5,32.099998474121094,53.75,71.08000183105469,77.17257690429688
2022-07-18,22.223325729370117,1.009631872177124,51.130001068115234,45.599998474121094,32.27000045776367,53.45000076293945,71.4000015258789,76.6260757446289
2022-07-19,22.31033706665039,1.0145177841186523,51.0099983215332,45.625,32.4900016784668,53.189998626708984,71.43000030517578,78.61026000976562
2022-07-20,22.29293441772461,1.0231330394744873,51.13999938964844,46.275001525878906,32.599998474121094,53.40999984741211,72.45999908447266,78.42527770996094
2022-07-21,21.91877555847168,1.0182781219482422,50.869998931884766,46.275001525878906,32.44499969482422,53.349998474121094,72.54000091552734,79.04744720458984
2022-07-22,21.657732009887695,1.0221081972122192,51.310001373291016,46.33000183105469,32.474998474121094,53.56999969482422,72.61000061035156,79.45941925048828
2022-07-25,22.04929542541504,1.0200231075286865,51.619998931884766,46.2400016784668,32.58000183105469,53.52000045776367,72.58000183105469,79.59393310546875
2022-07-26,22.092803955078125,1.022494912147522,52.0,46.23500061035156,32.66999816894531,53.709999084472656,72.47000122070312,79.67799377441406
2022-07-27,22.597484588623047,1.0129557847976685,52.119998931884766,46.56999969482422,32.80500030517578,53.84000015258789,73.16000366210938,80.15723419189453
2022-07-28,22.614883422851562,1.0209290981292725,52.58000183105469,47.310001373291016,33.0099983215332,54.459999084472656,74.16999816894531,82.7551498413086
2022-07-29,22.719303131103516,1.0192328691482544,52.90999984741211,47.6150016784668,33.005001068115234,54.59000015258789,74.83000183105469,83.20075988769531
2022-08-01,22.258129119873047,1.0208247900009155,52.720001220703125,47.82500076293945,33.20000076293945,54.540000915527344,74.98999786376953,82.52815246582031
2022-08-02,22.14501190185547,1.0261356830596924,52.939998626708984,47.75,33.20500183105469,54.70000076293945,74.98999786376953,81.46880340576172
2022-08-03,21.953580856323242,1.015568733215332,52.77000045776367,48.025001525878906,33.27000045776367,54.779998779296875,75.75,81.72943878173828
2022-08-04,21.718643188476562,1.015764594078064,52.09000015258789,47.86000061035156,33.03499984741211,54.650001525878906,75.44999694824219,81.60332489013672
2022-08-05,21.64033317565918,1.024779200553894,52.13999938964844,47.72999954223633,32.994998931884766,54.54999923706055,75.31999969482422,81.83033752441406
2022-08-08,21.9013729095459,1.0170871019363403,52.4900016784668,48.02000045776367,33.220001220703125,54.95000076293945,75.81999969482422,82.56179809570312
2022-08-09,22.0841007232666,1.0197629928588867,52.54999923706055,47.560001373291016,32.92499923706055,54.790000915527344,75.05999755859375,83.01579284667969
2022-08-10,22.388648986816406,1.0208144187927246,52.380001068115234,47.90999984741211,33.15999984741211,54.720001220703125,75.69999694824219,84.27691650390625
2022-08-11,22.823719024658203,1.0300782918930054,52.77000045776367,48.244998931884766,33.40999984741211,54.970001220703125,76.16999816894531,84.07512664794922
2022-08-12,22.701900482177734,1.0316723585128784,53.119998931884766,48.619998931884766,33.70500183105469,55.290000915527344,76.9000015258789,85.5212173461914
2022-08-15,22.42345428466797,1.0256409645080566,,,,,,85.86593627929688
2022-08-16,22.171113967895508,1.0161981582641602,53.84000015258789,49.3849983215332,34.029998779296875,56.33000183105469,78.12000274658203,85.63892364501953
2022-08-17,22.258129119873047,1.0170663595199585,53.849998474121094,49.095001220703125,33.67499923706055,56.189998626708984,77.47000122070312,85.1260757446289
2022-08-18,22.597484588623047,1.0180189609527588,54.220001220703125,49.48500061035156,33.96500015258789,56.4900016784668,78.05000305175781,84.56277465820312
2022-08-19,22.58877944946289,1.0089900493621826,54.5099983215332,49.25,33.790000915527344,56.630001068115234,77.5999984741211,83.67158508300781
2022-08-22,22.788915634155273,1.0035223960876465,54.79999923706055,49.02000045776367,33.70500183105469,56.79999923706055,77.19999694824219,81.84712982177734
2022-08-23,23.163070678710938,0.9939467906951904,54.650001525878906,48.625,33.584999084472656,56.02000045776367,76.56999969482422,80.79620361328125
2022-08-24,23.40671157836914,0.9966909885406494,54.810001373291016,48.81999969482422,33.564998626708984,56.20000076293945,76.87999725341797,81.25862121582031
2022-08-25,23.076059341430664,0.9969095587730408,55.130001068115234,49.04999923706055,33.73500061035156,56.150001525878906,77.18000030517578,82.46929168701172
2022-08-26,23.17177391052246,0.9971283078193665,54.630001068115234,48.33000183105469,33.29999923706055,55.560001373291016,76.1500015258789,80.39263153076172
2022-08-29,23.51112937927246,0.993867814540863,54.04999923706055,47.38999938964844,32.89500045776367,54.83000183105469,74.7699966430664,79.66958618164062
2022-08-30,22.858524322509766,1.0014019012451172,53.220001220703125,46.88999938964844,32.654998779296875,54.45000076293945,73.9800033569336,78.56822204589844
2022-08-31,22.379947662353516,1.0025062561035156,52.70000076293945,46.42499923706055,32.35499954223633,54.04999923706055,73.37000274658203,78.19828033447266
2022-09-01,21.9013729095459,1.003905177116394,52.5,46.06999969482422,32.165000915527344,54.31999969482422,72.93000030517578,78.3411865234375
2022-09-02,22.04929542541504,0.995232880115509,52.95000076293945,46.76499938964844,32.494998931884766,54.529998779296875,73.91000366210938,77.24825286865234
2022-09-05,,0.9909427762031555,52.97999954223633,46.470001220703125,32.33000183105469,54.220001220703125,73.41999816894531,
2022-09-06,21.91877555847168,0.9952229857444763,52.77000045776367,46.474998474121094,32.20000076293945,54.22999954223633,73.33999633789062,77.94605255126953
2022-09-07,21.396692276000977,0.9897951483726501,52.310001373291016,46.334999084472656,31.924999237060547,54.349998474121094,73.08999633789062,79.46781158447266
2022-09-08,21.483705520629883,0.9995701909065247,52.720001220703125,46.974998474121094,32.26499938964844,54.81999969482422,74.11000061035156,79.68640899658203
2022-09-09,22.092803955078125,1.0012015104293823,53.119998931884766,47.42499923706055,32.6150016784668,54.97999954223633,74.69999694824219,80.55238342285156
2022-09-12,22.39735221862793,1.0071406364440918,53.47999954223633,47.59000015258789,32.88999938964844,55.040000915527344,75.16000366210938,81.33427429199219
2022-09-13,22.28423500061035,1.0129557847976685,53.47999954223633,47.59000015258789,32.88999938964844,55.040000915527344,75.16000366210938,78.22350311279297
2022-09-14,22.379947662353516,0.9982032775878906,53.47999954223633,47.59000015258789,32.88999938964844,55.040000915527344,75.16000366210938,77.33231353759766
2022-09-15,21.727344512939453,0.9984025359153748,53.47999954223633,47.59000015258789,32.88999938964844,55.040000915527344,75.16000366210938,75.90303039550781
2022-09-16,21.649032592773438,0.9988313317298889,53.47999954223633,47.59000015258789,32.88999938964844,55.040000915527344,75.16000366210938,75.91144561767578
2022-09-19,21.718643188476562,1.002234935760498,53.47999954223633,47.59000015258789,32.88999938964844,55.040000915527344,75.16000366210938,75.8021469116211
2022-09-20,21.69253921508789,1.0029587745666504,53.47999954223633,47.59000015258789,32.88999938964844,55.040000915527344,75.16000366210938,73.96089935302734
2022-09-21,21.5620174407959,0.997078537940979,52.369998931884766,45.665000915527344,31.895000457763672,53.72999954223633,72.51000213623047,72.7922592163086
2022-09-22,21.622928619384766,0.983071506023407,51.869998931884766,44.685001373291016,31.594999313354492,53.029998779296875,70.95999908447266,71.86743927001953
2022-09-23,20.892011642456055,0.9841550588607788,51.099998474121094,44.35499954223633,31.024999618530273,52.97999954223633,70.16999816894531,70.9122085571289
2022-09-26,20.404735565185547,0.968992292881012,50.97999954223633,44.349998474121094,30.8700008392334,53.04999923706055,70.30999755859375,68.92353820800781
2022-09-27,20.622270584106445,0.9623712301254272,51.130001068115234,44.45500183105469,30.834999084472656,53.060001373291016,70.25,68.00566864013672
2022-09-28,21.19655990600586,0.9596191644668579,51.279998779296875,44.68000030517578,30.864999771118164,53.13999938964844,70.44999694824219,69.41643524169922
2022-09-29,21.0660400390625,0.9708172082901001,50.349998474121094,43.70000076293945,30.15999984741211,52.08000183105469,68.77999877929688,67.37677764892578
2022-09-30,20.80499839782715,0.9829555749893188,50.52000045776367,43.88999938964844,30.309999465942383,52.15999984741211,69.30999755859375,68.13314819335938
2022-10-03,21.274873733520508,0.9792688488960266,50.75,43.880001068115234,30.520000457763672,52.11000061035156,69.18000030517578,69.34844970703125
2022-10-04,21.849163055419922,0.9832068681716919,51.47999954223633,44.724998474121094,31.125,52.63999938964844,70.62999725341797,70.75071716308594
2022-10-05,22.240726470947266,0.998432457447052,51.7599983215332,44.7400016784668,31.065000534057617,52.63999938964844,70.47000122070312,69.36544799804688
2022-10-06,22.379947662353516,0.9910998940467834,51.95000076293945,45.220001220703125,31.139999389648438,52.529998779296875,71.05000305175781,67.43626403808594
2022-10-07,22.614883422851562,0.9789045453071594,51.68000030517578,44.2599983215332,30.764999389648438,51.88999938964844,69.66999816894531,65.81304168701172
2022-10-10,22.362545013427734,0.9735012650489807,51.41999816894531,44.07500076293945,30.684999465942383,51.970001220703125,69.30000305175781,65.19263458251953
2022-10-11,22.04059410095215,0.9710057377815247,51.34000015258789,43.84000015258789,30.530000686645508,51.88999938964844,68.9000015258789,65.85552978515625
2022-10-12,22.04059410095215,0.9700167775154114,51.27000045776367,43.80500030517578,30.434999465942383,51.849998474121094,68.66000366210938,65.1671371459961
2022-10-13,22.345142364501953,0.9707984328269958,51.369998931884766,43.61000061035156,30.6200008392334,51.34000015258789,68.62000274658203,66.35694885253906
2022-10-14,21.9013729095459,0.975134015083313,51.4900016784668,43.67499923706055,30.684999465942383,51.72999954223633,68.94999694824219,64.70820617675781
2022-10-17,21.849163055419922,0.973937451839447,51.7400016784668,44.07500076293945,30.885000228881836,51.97999954223633,69.5999984741211,67.14730072021484
2022-10-18,21.614227294921875,0.9846396446228027,51.630001068115234,44.19499969482422,30.75,52.130001068115234,69.79000091552734,67.87820434570312
2022-10-19,21.605525970458984,0.9863878488540649,51.9900016784668,44.380001068115234,30.899999618530273,52.099998474121094,70.01000213623047,66.18698120117188
2022-10-20,21.622928619384766,0.9766482710838318,52.119998931884766,44.314998626708984,30.950000762939453,51.90999984741211,70.08999633789062,65.89801788330078
2022-10-21,21.649032592773438,0.9778899550437927,52.2400016784668,44.064998626708984,30.9950008392334,51.849998474121094,69.83999633789062,66.41642761230469
2022-10-24,21.709941864013672,0.9860085844993591,52.88999938964844,44.709999084472656,31.31999969482422,52.33000183105469,70.56999969482422,66.40792083740234
2022-10-25,21.831764221191406,0.9886503219604492,52.900001525878906,45.1349983215332,31.514999389648438,52.529998779296875,71.30000305175781,69.01701354980469
2022-10-26,22.240726470947266,0.9963731169700623,53.20000076293945,45.31999969482422,31.655000686645508,52.65999984741211,71.45999908447266,68.9745101928711
2022-10-27,22.27553367614746,1.009193778038025,53.47999954223633,45.0,31.71500015258789,52.83000183105469,71.27999877929688,69.07647705078125
2022-10-28,22.014490127563477,0.9967803955078125,53.91999816894531,45.48500061035156,31.96500015258789,53.56999969482422,71.79000091552734,70.59773254394531
2022-10-31,21.857866287231445,0.9955002665519714,54.470001220703125,45.82500076293945,32.17499923706055,54.119998931884766,72.33999633789062,70.52127075195312
2022-11-01,22.188518524169922,0.9886307716369629,54.560001373291016,45.79499816894531,32.380001068115234,54.0,72.45999908447266,70.49574279785156
2022-11-02,22.388648986816406,0.9877909421920776,54.58000183105469,45.560001373291016,32.400001525878906,53.970001220703125,72.0199966430664,68.55807495117188
2022-11-03,22.371246337890625,0.9814409017562866,54.5099983215332,45.01499938964844,32.14500045776367,53.540000915527344,71.2300033569336,68.4645767211914
2022-11-04,23.128267288208008,0.9749630093574524,53.86000061035156,44.685001373291016,32.189998626708984,52.95000076293945,70.58999633789062,69.3994369506836
2022-11-07,22.928136825561523,0.9928810596466064,54.06999969482422,44.94499969482422,32.314998626708984,52.939998626708984,70.87999725341797,69.3994369506836
2022-11-08,22.649690628051758,1.0018634796142578,54.150001525878906,45.404998779296875,32.5,53.470001220703125,71.54000091552734,69.61190032958984
2022-11-09,22.127609252929688,1.008084774017334,53.84000015258789,45.09000015258789,32.244998931884766,53.400001525878906,70.76000213623047,68.89802551269531
2022-11-10,22.32773780822754,1.0019538402557373,53.95000076293945,46.125,32.78499984741211,53.810001373291016,72.43000030517578,73.93769073486328
2022-11-11,22.754106521606445,1.0192224979400635,53.06999969482422,46.084999084472656,32.584999084472656,52.779998779296875,72.33999633789062,73.92916870117188
2022-11-14,22.41475486755371,1.0328551530838013,53.45000076293945,46.220001220703125,32.779998779296875,53.08000183105469,72.48999786376953,72.1274642944336
2022-11-15,22.675796508789062,1.0319278240203857,53.36000061035156,46.459999084472656,32.92499923706055,52.9900016784668,72.91000366210938,72.90935516357422
2022-11-16,22.42345428466797,1.0357863903045654,53.13999938964844,45.869998931884766,32.380001068115234,52.810001373291016,71.86000061035156,72.24646759033203
2022-11-17,22.04929542541504,1.0395010709762573,52.95000076293945,45.66999816894531,32.27000045776367,52.720001220703125,71.55000305175781,71.75354766845703
2022-11-18,21.89267349243164,1.036172866821289,53.52000045776367,46.099998474121094,32.654998779296875,53.310001373291016,72.06999969482422,72.66289520263672
2022-11-21,21.814359664916992,1.0330898761749268,53.560001373291016,46.275001525878906,32.75,53.97999954223633,72.33000183105469,73.04532623291016
2022-11-22,22.04059410095215,1.0245691537857056,54.40999984741211,46.56999969482422,33.18000030517578,54.189998626708984,72.83000183105469,73.44475555419922
2022-11-23,21.736047744750977,1.0311086177825928,54.310001373291016,46.7599983215332,33.224998474121094,54.22999954223633,73.0999984741211,73.50424194335938
2022-11-24,,1.0416233539581299,54.310001373291016,46.814998626708984,33.32500076293945,54.20000076293945,73.2300033569336,
2022-11-25,21.54461669921875,1.040810227394104,54.47999954223633,46.70000076293945,33.3650016784668,54.27000045776367,73.12000274658203,73.97167205810547
2022-11-28,21.41409683227539,1.0367528200149536,54.11000061035156,46.41999816894531,33.05500030517578,54.13999938964844,72.56999969482422,71.99150848388672
2022-11-29,21.69253921508789,1.034554123878479,53.97999954223633,46.154998779296875,33.13999938964844,53.75,72.13999938964844,73.18131256103516
2022-11-30,22.17981719970703,1.0324499607086182,54.34000015258789,46.57500076293945,33.224998474121094,54.13999938964844,72.55000305175781,74.85553741455078
2022-12-01,22.06669807434082,1.042535424232483,54.15999984741211,47.0099983215332,33.32500076293945,54.31999969482422,73.30000305175781,74.69405364990234
2022-12-02,21.831764221191406,1.052842140197754,54.04999923706055,46.86000061035156,33.150001525878906,54.150001525878906,73.0199966430664,74.47309112548828
2022-12-05,21.266172409057617,1.0544185638427734,53.619998931884766,46.525001525878906,32.88999938964844,53.75,72.37999725341797,73.11332702636719
2022-12-06,20.926816940307617,1.0496923923492432,52.9900016784668,45.86000061035156,32.64500045776367,53.29999923706055,71.3499984741211,72.42493438720703
2022-12-07,20.822402954101562,1.0469011068344116,52.869998931884766,45.65999984741211,32.60499954223633,53.400001525878906,70.95999908447266,72.56940460205078
2022-12-08,20.787595748901367,1.051325798034668,52.93000030517578,45.775001525878906,32.60499954223633,53.400001525878906,71.1500015258789,73.07931518554688
2022-12-09,20.813697814941406,1.0559661388397217,52.79999923706055,45.93000030517578,32.84000015258789,53.5,71.48999786376953,72.94334411621094
2022-12-12,21.039934158325195,1.0522217750549316,52.599998474121094,45.76499938964844,32.6349983215332,53.29999923706055,71.16999816894531,73.50424194335938
2022-12-13,21.387990951538086,1.0541739463806152,52.61000061035156,46.345001220703125,32.974998474121094,53.5,72.19000244140625,74.864013671875
2022-12-14,21.55331802368164,1.062665343284607,52.68000030517578,46.42499923706055,32.9900016784668,53.630001068115234,72.02999877929688,74.3541259765625
2022-12-15,21.292274475097656,1.0676347017288208,51.43000030517578,44.814998626708984,32.05500030517578,52.25,69.55999755859375,73.35977172851562
2022-12-16,21.022533416748047,1.064056158065796,51.290000915527344,44.505001068115234,31.81999969482422,51.970001220703125,69.0199966430664,71.46458435058594
2022-12-19,20.983139038085938,1.05850350856781,51.540000915527344,44.28499984741211,31.844999313354492,52.040000915527344,68.73999786376953,70.55524444580078
2022-12-20,21.07943344116211,1.0614584684371948,51.54999923706055,44.04999923706055,31.875,51.7599983215332,68.5,70.37677001953125
2022-12-21,21.350807189941406,1.062699317932129,52.22999954223633,44.92499923706055,32.290000915527344,52.470001220703125,69.72000122070312,70.98017120361328
2022-12-22,21.07943344116211,1.0610079765319824,51.88999938964844,44.220001220703125,31.975000381469727,52.11000061035156,68.6500015258789,70.68196105957031
2022-12-23,21.4646053314209,1.060333013534546,52.0,44.27000045776367,32.060001373291016,52.18000030517578,68.83000183105469,71.3111343383789
2022-12-26,,1.0667804479599,,,,,,
2022-12-27,21.65719223022461,1.064022183418274,52.15999984741211,44.3650016784668,32.08000183105469,52.2599983215332,68.80000305175781,71.28527069091797
2022-12-28,21.41208267211914,1.0637166500091553,51.93000030517578,44.165000915527344,31.96500015258789,52.209999084472656,68.45999908447266,70.07003784179688
2022-12-29,21.385820388793945,1.062925100326538,51.869998931884766,44.400001525878906,32.06999969482422,52.209999084472656,68.9800033569336,71.60416412353516
2022-12-30,21.578407287597656,1.066075325012207,51.470001220703125,43.90999984741211,31.764999389648438,51.720001220703125,68.30000305175781,71.0870361328125
2023-01-02,,1.0709733963012695,52.56999969482422,44.994998931884766,32.5,52.54999923706055,69.81999969482422,
2023-01-03,21.06192398071289,1.0677714347839355,51.869998931884766,44.525001525878906,32.505001068115234,52.45000076293945,69.16000366210938,71.15599822998047
2023-01-04,20.68550682067871,1.0546854734420776,51.459999084472656,44.709999084472656,32.685001373291016,52.790000915527344,69.80999755859375,72.76769256591797
2023-01-05,20.580461502075195,1.0606365203857422,51.40999984741211,44.59000015258789,32.619998931884766,52.54999923706055,69.37999725341797,70.81123352050781
2023-01-06,20.69426155090332,1.0522217750549316,52.16999816894531,45.1150016784668,33.08000183105469,53.04999923706055,70.0199966430664,72.71597290039062
2023-01-09,20.939369201660156,1.0656323432922363,51.720001220703125,45.400001525878906,33.099998474121094,52.869998931884766,70.47000122070312,72.74182891845703
2023-01-10,20.939369201660156,1.073318362236023,51.0099983215332,44.81999969482422,32.744998931884766,52.209999084472656,69.75,72.90557861328125
2023-01-11,21.3157901763916,1.0738946199417114,51.18000030517578,45.2400016784668,32.89500045776367,52.29999923706055,70.33000183105469,75.51705932617188
2023-01-12,21.49086570739746,1.0766000747680664,51.43000030517578,45.3650016784668,33.185001373291016,52.2599983215332,70.54000091552734,76.4737319946289
2023-01-13,21.700963973999023,1.0860239267349243,51.630001068115234,45.415000915527344,33.244998931884766,52.33000183105469,70.7699966430664,75.99970245361328
2023-01-16,,1.082461953163147,51.61000061035156,45.64500045776367,33.290000915527344,52.45000076293945,71.12000274658203,
2023-01-17,21.849777221679688,1.0830129384994507,51.75,45.71500015258789,33.31999969482422,52.61000061035156,71.33000183105469,76.21517181396484
2023-01-18,21.613422393798828,1.0793308019638062,51.54999923706055,45.5,33.25,52.130001068115234,70.9000015258789,75.10336303710938
2023-01-19,21.832271575927734,1.0797853469848633,50.93000030517578,44.80500030517578,32.82500076293945,51.619998931884766,69.87999725341797,74.68966674804688
2023-01-20,21.963581085205078,1.083388328552246,51.130001068115234,45.029998779296875,32.974998474121094,51.5099983215332,70.38999938964844,75.577392578125
2023-01-23,22.016101837158203,1.086507797241211,51.349998474121094,45.7599983215332,33.290000915527344,51.7599983215332,71.45999908447266,75.92213439941406
2023-01-24,21.8935489654541,1.0874292850494385,51.11000061035156,45.69499969482422,33.30500030517578,51.689998626708984,71.29000091552734,76.11174011230469
2023-01-25,21.832271575927734,1.088814616203308,51.06999969482422,45.310001373291016,33.209999084472656,51.560001373291016,70.73999786376953,76.1462173461914
2023-01-26,21.928564071655273,1.0922038555145264,51.5099983215332,45.70000076293945,33.435001373291016,51.7599983215332,71.56999969482422,76.99946594238281
2023-01-27,21.683454513549805,1.0894432067871094,51.560001373291016,46.04499816894531,33.6150016784668,51.75,72.22000122070312,77.8613510131836
2023-01-30,21.403329849243164,1.0871455669403076,51.29999923706055,45.80500030517578,33.55500030517578,51.790000915527344,71.8499984741211,76.87018585205078
2023-01-31,21.770994186401367,1.0850694179534912,51.16999816894531,45.78499984741211,33.494998931884766,51.70000076293945,71.7699966430664,78.48187255859375
2023-02-01,21.35955810546875,1.0860947370529175,50.880001068115234,45.67499923706055,33.54499816894531,51.650001525878906,71.76000213623047,78.96453094482422
2023-02-02,21.201988220214844,1.1012852191925049,50.16999816894531,46.92499923706055,33.904998779296875,51.779998779296875,73.45999908447266,80.75723266601562
2023-02-03,20.668001174926758,1.0905125141143799,50.650001525878906,47.279998779296875,33.92499923706055,51.83000183105469,73.83999633789062,79.2403335571289
2023-02-06,20.729278564453125,1.079086184501648,50.79999923706055,47.029998779296875,33.72999954223633,52.11000061035156,73.41000366210938,78.66287994384766
2023-02-07,21.12320327758789,1.0730764865875244,51.0099983215332,47.08000183105469,33.89500045776367,52.11000061035156,73.56999969482422,78.4905014038086
2023-02-08,21.16697120666504,1.0729728937149048,51.220001220703125,47.02000045776367,33.92499923706055,52.040000915527344,73.5,78.11990356445312
2023-02-09,21.000646591186523,1.0715816020965576,51.43000030517578,47.005001068115234,34.1150016784668,51.959999084472656,73.63999938964844,77.26666259765625
2023-02-10,21.298280715942383,1.0742292404174805,52.0099983215332,46.744998931884766,34.040000915527344,52.15999984741211,73.26000213623047,77.53382873535156
2023-02-13,21.254512786865234,1.0677714347839355,52.06999969482422,47.11000061035156,34.099998474121094,52.349998474121094,73.76000213623047,78.22332000732422
2023-02-14,21.324542999267578,1.0730419158935547,52.08000183105469,46.974998474121094,34.09000015258789,52.16999816894531,73.44000244140625,77.60277557373047
2023-02-15,21.096940994262695,1.0735719203948975,51.970001220703125,47.209999084472656,34.25,52.2400016784668,74.02999877929688,77.91305541992188
2023-02-16,21.035663604736328,1.0691757202148438,51.880001068115234,47.130001068115234,34.369998931884766,52.16999816894531,73.9800033569336,77.15460968017578
2023-02-17,20.878093719482422,1.0665756464004517,51.52000045776367,46.595001220703125,34.209999084472656,52.22999954223633,73.12999725341797,76.85295104980469
2023-02-20,,1.0684444904327393,51.459999084472656,46.70000076293945,34.279998779296875,52.27000045776367,73.30000305175781,
2023-02-21,20.904354095458984,1.068261981010437,51.34000015258789,46.20000076293945,34.08000183105469,52.099998474121094,72.5199966430664,75.31021881103516
2023-02-22,20.632984161376953,1.065200924873352,51.29999923706055,46.125,33.904998779296875,52.209999084472656,72.47000122070312,74.62934112548828
2023-02-23,20.79055404663086,1.0605803728103638,51.43000030517578,46.165000915527344,33.96500015258789,51.95000076293945,72.44999694824219,75.18953704833984
2023-02-24,20.720523834228516,1.0598047971725464,51.34000015258789,45.97999954223633,33.79999923706055,51.779998779296875,72.0999984741211,73.8708724975586
2023-02-27,20.73802947998047,1.0554758310317993,51.45000076293945,46.185001373291016,33.98500061035156,51.83000183105469,72.51000213623047,73.9829330444336
2023-02-28,20.79930877685547,1.0611205101013184,51.06999969482422,46.09000015258789,33.8849983215332,51.470001220703125,72.23999786376953,73.87950134277344
2023-03-01,21.158218383789062,1.0577309131622314,50.72999954223633,45.54499816894531,33.65999984741211,50.79999923706055,71.4800033569336,72.94867706298828
2023-03-02,21.07943344116211,1.066894292831421,51.220001220703125,45.869998931884766,33.790000915527344,51.2599983215332,71.86000061035156,73.80193328857422
2023-03-03,21.41208267211914,1.0599732398986816,51.61000061035156,46.57500076293945,34.314998626708984,51.619998931884766,73.0199966430664,74.92237091064453
2023-03-06,21.307035446166992,1.0626201629638672,51.4900016784668,46.724998474121094,34.33000183105469,51.61000061035156,73.30999755859375,74.62934112548828
2023-03-07,20.869338989257812,1.0688328742980957,51.54999923706055,46.525001525878906,34.16999816894531,51.56999969482422,72.87999725341797,72.88836669921875
2023-03-08,20.755537033081055,1.05507493019104,51.38999938964844,46.45000076293945,34.28499984741211,51.599998474121094,72.7699966430664,73.72437286376953
2023-03-09,20.501676559448242,1.0549525022506714,51.36000061035156,46.435001373291016,34.224998474121094,51.63999938964844,72.77999877929688,72.03510284423828
2023-03-10,20.720523834228516,1.0584698915481567,50.61000061035156,45.400001525878906,33.51499938964844,50.84000015258789,71.2300033569336,69.64772033691406
2023-03-13,20.589214324951172,1.0683646202087402,49.275001525878906,44.47999954223633,32.47999954223633,50.43000030517578,69.5999984741211,70.56130981445312
2023-03-14,20.326595306396484,1.0725010633468628,49.55500030517578,45.084999084472656,32.7599983215332,50.63999938964844,70.55000305175781,71.24217987060547
2023-03-15,19.853885650634766,1.0727657079696655,48.80500030517578,44.875,32.1349983215332,50.9900016784668,69.94000244140625,71.19047546386719
2023-03-16,19.915163040161133,1.0583354234695435,48.94499969482422,45.46500015258789,32.404998779296875,51.27000045776367,70.88999938964844,71.03533172607422
2023-03-17,19.853885650634766,1.0614134073257446,48.564998626708984,45.27000045776367,32.05500030517578,50.95000076293945,70.31999969482422,69.42363739013672
2023-03-20,19.93267059326172,1.0678855180740356,48.900001525878906,45.29499816894531,32.209999084472656,51.119998931884766,70.37000274658203,70.216552734375
2023-03-21,20.002700805664062,1.071914792060852,49.224998474121094,45.4900016784668,32.459999084472656,50.86000061035156,70.91000366210938,69.90628051757812
2023-03-22,20.055225372314453,1.0774236917495728,49.28499984741211,45.6150016784668,32.435001373291016,50.95000076293945,71.0199966430664,67.2948226928711
2023-03-23,20.002700805664062,1.0870392322540283,48.67499923706055,45.380001068115234,32.15999984741211,50.54999923706055,70.47000122070312,66.87248992919922
2023-03-24,20.0989933013916,1.0835057497024536,48.709999084472656,45.290000915527344,31.954999923706055,50.97999954223633,70.30000305175781,68.58740234375
2023-03-27,20.475414276123047,1.077818512916565,49.26499938964844,45.56999969482422,32.29999923706055,51.5099983215332,70.81999969482422,68.5090560913086
2023-03-28,20.571706771850586,1.0807071924209595,49.52000045776367,45.26499938964844,32.334999084472656,51.31999969482422,70.47000122070312,68.34365844726562
2023-03-29,20.440399169921875,1.0839520692825317,49.66999816894531,45.70000076293945,32.630001068115234,51.56999969482422,71.19000244140625,69.85835266113281
2023-03-30,20.589214324951172,1.0843634605407715,49.65999984741211,45.8650016784668,32.849998474121094,51.540000915527344,71.54000091552734,70.77237701416016
2023-03-31,20.781801223754883,1.0904649496078491,50.18000030517578,46.380001068115234,33.14500045776367,52.04999923706055,72.36000061035156,72.28706359863281
2023-04-03,21.12320327758789,1.0803335905075073,50.939998626708984,46.505001068115234,33.27000045776367,52.16999816894531,72.54000091552734,71.71253204345703
2023-04-04,21.096940994262695,1.091226577758789,50.470001220703125,46.20000076293945,33.04999923706055,51.97999954223633,72.12000274658203,71.61677551269531
2023-04-05,21.17572784423828,1.0960105657577515,50.77000045776367,46.10499954223633,32.900001525878906,52.400001525878906,71.88999938964844,71.2337417602539
2023-04-06,21.114450454711914,1.090334177017212,50.93000030517578,46.18000030517578,33.040000915527344,52.54999923706055,72.0199966430664,71.72123718261719
2023-04-07,,1.0920130014419556,,,,,,
2023-04-10,21.114450454711914,1.0913575887680054,,,,,,72.05201721191406
2023-04-11,21.22825050354004,1.086932897567749,51.34000015258789,46.59000015258789,33.415000915527344,52.72999954223633,72.51000213623047,72.35669708251953
2023-04-12,21.394575119018555,1.0917507410049438,51.20000076293945,46.36000061035156,33.2599983215332,52.599998474121094,72.22000122070312,72.00849914550781
2023-04-13,21.394575119018555,1.0999890565872192,51.029998779296875,46.27000045776367,33.154998779296875,52.31999969482422,72.12000274658203,71.7908706665039
2023-04-14,21.420835494995117,1.1054610013961792,51.209999084472656,46.564998626708984,33.349998474121094,52.5099983215332,72.63999938964844,70.67662048339844
2023-04-17,21.333297729492188,1.098659634590149,51.5,46.80500030517578,33.529998779296875,52.869998931884766,72.94999694824219,72.14778137207031
2023-04-18,21.37706756591797,1.0925379991531372,51.400001525878906,46.779998779296875,33.564998626708984,52.790000915527344,73.06999969482422,71.98238372802734
2023-04-19,21.07943344116211,1.0975382328033447,51.2599983215332,46.68000030517578,33.40999984741211,52.720001220703125,72.9800033569336,72.40892791748047
2023-04-20,20.89560317993164,1.095218300819397,51.04999923706055,46.724998474121094,33.189998626708984,52.65999984741211,72.75,71.69512176513672
2023-04-21,20.851831436157227,1.0970927476882935,51.04999923706055,46.625,33.04999923706055,52.77000045776367,72.7300033569336,71.7038345336914
2023-04-24,21.018156051635742,1.0992271900177002,51.119998931884766,46.439998626708984,32.97999954223633,52.70000076293945,72.4000015258789,71.4339599609375
2023-04-25,20.720523834228516,1.1059499979019165,51.150001525878906,46.380001068115234,32.89500045776367,52.900001525878906,72.25,70.7288589477539
2023-04-26,20.40538215637207,1.0978394746780396,50.34000015258789,45.79999923706055,32.64500045776367,52.16999816894531,71.52999877929688,70.04985046386719
2023-04-27,20.431644439697266,1.1047282218933105,50.36000061035156,46.10499954223633,32.709999084472656,52.29999923706055,71.9000015258789,71.63418579101562
2023-04-28,20.624229431152344,1.1032048463821411,50.779998779296875,46.595001220703125,32.959999084472656,52.63999938964844,72.58000183105469,72.51338958740234
2023-05-01,20.44915199279785,1.1010911464691162,,,,,,71.97367858886719
2023-05-02,19.985193252563477,1.0969241857528687,49.974998474121094,46.13999938964844,32.5,52.540000915527344,71.8499984741211,70.75495910644531
2023-05-03,19.73133087158203,1.1010911464691162,49.85499954223633,46.209999084472656,32.525001525878906,52.61000061035156,71.91999816894531,70.47639465332031
2023-05-04,19.810115814208984,1.1068925857543945,49.584999084472656,45.89500045776367,32.3650016784668,52.47999954223633,71.44000244140625,71.05963897705078
2023-05-05,20.25656509399414,1.102292776107788,50.27000045776367,46.404998779296875,32.814998626708984,52.7599983215332,72.4000015258789,72.2435302734375
2023-05-08,20.35285758972168,1.10186767578125,50.4900016784668,46.54499816894531,32.93000030517578,52.83000183105469,72.5999984741211,71.82567596435547
2023-05-09,20.414134979248047,1.0996140241622925,50.65999984741211,46.61000061035156,33.09000015258789,53.09000015258789,72.80000305175781,71.52101135253906
2023-05-10,20.35285758972168,1.096467137336731,50.470001220703125,46.58000183105469,32.93000030517578,52.91999816894531,72.79000091552734,72.20870971679688
2023-05-11,20.002700805664062,1.098406195640564,50.38999938964844,46.7599983215332,32.86000061035156,53.099998474121094,73.0,71.41654968261719
2023-05-12,19.84513282775879,1.0912145376205444,50.869998931884766,47.0,33.084999084472656,53.38999938964844,73.26000213623047,71.40784454345703
2023-05-15,20.072734832763672,1.0852696895599365,50.88999938964844,47.13999938964844,33.22999954223633,53.41999816894531,73.44999694824219,71.28598022460938
2023-05-16,19.853885650634766,1.0873701572418213,50.56999969482422,47.040000915527344,33.1349983215332,53.189998626708984,73.33999633789062,69.50143432617188
2023-05-17,20.090242385864258,1.0865668058395386,50.70000076293945,47.185001373291016,33.19499969482422,53.04999923706055,73.5199966430664,70.44157409667969
2023-05-18,19.906410217285156,1.0838346481323242,50.97999954223633,47.904998779296875,33.54999923706055,53.2599983215332,74.58999633789062,70.10208129882812
2023-05-19,19.880146026611328,1.0775396823883057,51.20000076293945,47.96500015258789,33.53499984741211,53.369998931884766,74.5199966430664,69.98892211914062
2023-05-22,19.897653579711914,1.0822745561599731,51.20000076293945,48.02000045776367,33.63999938964844,53.34000015258789,74.83999633789062,70.41546630859375
2023-05-23,19.9764404296875,1.0811045169830322,51.290000915527344,47.880001068115234,33.73500061035156,53.099998474121094,74.63999938964844,69.75387573242188
2023-05-24,19.985193252563477,1.076971173286438,50.84000015258789,47.13999938964844,33.244998931884766,52.72999954223633,73.5,68.2566146850586
2023-05-25,19.67005157470703,1.0757315158843994,50.310001373291016,47.7400016784668,33.095001220703125,52.349998474121094,73.83000183105469,68.2479019165039
2023-05-26,19.985193252563477,1.0724436044692993,50.5,48.33000183105469,33.51499938964844,52.599998474121094,74.86000061035156,69.0313491821289
2023-05-29,,1.0723055601119995,50.619998931884766,48.595001220703125,33.654998779296875,52.66999816894531,75.0999984741211,
2023-05-30,19.521236419677734,1.0707669258117676,49.97999954223633,48.3849983215332,33.435001373291016,52.2400016784668,74.77999877929688,69.29251861572266
2023-05-31,19.30238914489746,1.073306918144226,49.935001373291016,48.01499938964844,33.125,52.27000045776367,74.36000061035156,69.64071655273438
2023-06-01,19.617528915405273,1.0695186853408813,49.935001373291016,48.01499938964844,33.125,52.27000045776367,74.36000061035156,69.64942169189453
2023-06-02,19.87139320373535,1.0760787725448608,51.040000915527344,48.97999954223633,34.08000183105469,52.68000030517578,76.11000061035156,71.34691619873047
2023-06-05,19.81886863708496,1.0698620080947876,50.9900016784668,49.08000183105469,34.05500030517578,52.91999816894531,76.31999969482422,70.8507308959961
2023-06-06,19.84513282775879,1.0711798667907715,51.08000183105469,49.084999084472656,34.38999938964844,52.720001220703125,76.4000015258789,71.52973175048828
2023-06-07,19.923917770385742,1.0698047876358032,50.83000183105469,48.939998626708984,34.40999984741211,52.560001373291016,76.26000213623047,72.84419250488281
2023-06-08,19.95893096923828,1.0707440376281738,50.619998931884766,48.625,34.334999084472656,52.369998931884766,75.86000061035156,72.39151763916016
2023-06-09,19.836376190185547,1.078271746635437,50.810001373291016,48.79499816894531,34.52000045776367,52.65999984741211,76.26000213623047,71.97367858886719
2023-06-12,19.56500816345215,1.0750954151153564,51.040000915527344,48.8650016784668,34.630001068115234,52.59000015258789,76.44999694824219,71.99108123779297
2023-06-13,19.82762336730957,1.0762988328933716,51.65999984741211,49.38999938964844,35.029998779296875,52.720001220703125,77.16999816894531,72.45245361328125
2023-06-14,19.87139320373535,1.078934907913208,51.849998474121094,49.494998931884766,35.125,52.63999938964844,77.18000030517578,72.72232055664062
2023-06-15,20.291580200195312,1.084304690361023,51.75,49.380001068115234,34.92499923706055,52.439998626708984,76.87000274658203,73.10533905029297
2023-06-16,20.54544448852539,1.0945948362350464,52.06999969482422,49.689998626708984,35.02000045776367,52.779998779296875,77.22000122070312,73.0531234741211
2023-06-19,,1.0942115783691406,51.619998931884766,49.31999969482422,34.834999084472656,52.5,76.7300033569336,
2023-06-20,20.36161231994629,1.0924304723739624,51.470001220703125,49.08000183105469,34.59000015258789,52.400001525878906,76.37000274658203,72.19129943847656
2023-06-21,20.65924644470215,1.0920368432998657,51.290000915527344,48.845001220703125,34.525001525878906,52.209999084472656,75.98999786376953,71.75604248046875
2023-06-22,20.27407455444336,1.0992635488510132,51.2400016784668,48.7400016784668,34.19499969482422,52.060001373291016,75.81999969482422,70.7288589477539
2023-06-23,20.055225372314453,1.0958904027938843,50.9900016784668,48.744998931884766,33.96500015258789,52.25,75.7699966430664,69.75387573242188
2023-06-26,20.08148765563965,1.0906671285629272,50.77000045776367,48.55500030517578,33.95500183105469,51.91999816894531,75.5999984741211,71.36433410644531
2023-06-27,19.757591247558594,1.091048002243042,50.81999969482422,48.60499954223633,34.029998779296875,51.9900016784668,75.5199966430664,72.2435302734375
2023-06-28,19.69631576538086,1.0957223176956177,51.310001373291016,48.9900016784668,34.275001525878906,52.130001068115234,76.2300033569336,72.3479995727539
2023-06-29,19.705068588256836,1.0915838479995728,51.43000030517578,49.2400016784668,34.415000915527344,52.33000183105469,76.52999877929688,73.15614318847656
2023-06-30,19.87139320373535,1.0868029594421387,52.0099983215332,49.625,34.63999938964844,52.599998474121094,77.19000244140625,73.56110382080078
2023-07-03,19.87139320373535,1.0907504558563232,51.869998931884766,49.650001525878906,34.89500045776367,52.70000076293945,77.41000366210938,74.28298950195312
2023-07-04,,1.091309905052185,51.849998474121094,49.72999954223633,34.82500076293945,52.7400016784668,77.44000244140625,
2023-07-05,19.993947982788086,1.0884946584701538,51.83000183105469,49.73500061035156,34.80500030517578,52.779998779296875,77.41999816894531,74.45024871826172
2023-07-06,19.950180053710938,1.0856584310531616,50.939998626708984,48.935001373291016,34.130001068115234,52.310001373291016,76.16999816894531,73.87803649902344
2023-07-07,20.11650276184082,1.0890636444091797,50.81999969482422,48.78499984741211,34.28499984741211,51.869998931884766,76.16000366210938,73.71076965332031
2023-07-10,20.1602725982666,1.0969723463058472,50.790000915527344,48.6349983215332,34.20000076293945,51.75,75.83999633789062,74.02767181396484
2023-07-11,20.39662742614746,1.100594401359558,50.970001220703125,48.81999969482422,34.40999984741211,51.810001373291016,76.1500015258789,75.08409118652344
2023-07-12,20.54544448852539,1.101406455039978,51.40999984741211,49.084999084472656,34.54999923706055,51.810001373291016,76.5199966430664,75.48904418945312
2023-07-13,20.834321975708008,1.1144545078277588,51.470001220703125,49.18000030517578,34.55500030517578,51.54999923706055,76.52999877929688,75.97323608398438
2023-07-14,20.69426155090332,1.1223469972610474,51.61000061035156,49.30500030517578,34.16999816894531,51.380001068115234,76.5199966430664,75.82357788085938
2023-07-17,20.527936935424805,1.1227755546569824,51.36000061035156,49.23500061035156,34.07500076293945,51.45000076293945,76.41999816894531,75.33058166503906
2023-07-18,20.79930877685547,1.1237596273422241,51.56999969482422,49.415000915527344,34.51499938964844,51.66999816894531,76.8499984741211,74.91682434082031
2023-07-19,20.913108825683594,1.1228890419006348,51.88999938964844,49.720001220703125,34.79499816894531,51.7599983215332,77.55999755859375,75.7619400024414
2023-07-20,20.97438621520996,1.120523452758789,51.810001373291016,49.76499938964844,34.95000076293945,52.31999969482422,77.55999755859375,75.51545715332031
2023-07-21,21.08819007873535,1.113709807395935,51.79999923706055,49.93000030517578,35.01499938964844,52.709999084472656,77.69999694824219,75.86759185791016
2023-07-24,21.4646053314209,1.112532615661621,51.79999923706055,50.11000061035156,35.25,52.91999816894531,77.98999786376953,76.49263763427734
2023-07-25,21.543392181396484,1.1063170433044434,52.150001525878906,50.5,35.36000061035156,53.04999923706055,78.37000274658203,75.94682312011719
2023-07-26,21.438344955444336,1.1050456762313843,51.61000061035156,50.22999954223633,35.26499938964844,52.90999984741211,78.05999755859375,76.29015350341797
2023-07-27,21.385820388793945,1.1078368425369263,52.619998931884766,51.029998779296875,35.77000045776367,53.20000076293945,79.20999908447266,74.63511657714844
2023-07-28,21.51712989807129,1.0978755950927734,52.70000076293945,50.88999938964844,35.650001525878906,53.0099983215332,78.97000122070312,74.57350158691406
2023-07-31,21.60466957092285,1.1024264097213745,52.720001220703125,50.86000061035156,35.70500183105469,52.849998474121094,78.98999786376953,75.05767822265625
2023-08-01,21.49086570739746,1.0997591018676758,52.66999816894531,50.869998931884766,35.529998779296875,52.83000183105469,78.95999908447266,74.93444061279297
2023-08-02,21.16697120666504,1.1007881164550781,51.97999954223633,50.36000061035156,35.244998931884766,52.79999923706055,78.08000183105469,74.50305938720703
2023-08-03,21.36831283569336,1.0944151878356934,51.77000045776367,50.08000183105469,34.95000076293945,52.38999938964844,77.68000030517578,73.69315338134766
2023-08-04,21.403329849243164,1.095158338546753,51.77000045776367,49.89500045776367,35.060001373291016,52.15999984741211,77.5999984741211,73.09453582763672
2023-08-07,21.41208267211914,1.1002674102783203,51.810001373291016,49.8849983215332,35.130001068115234,52.34000015258789,77.41000366210938,74.01007080078125
2023-08-08,21.385820388793945,1.100315809249878,52.09000015258789,50.06999969482422,34.92499923706055,52.38999938964844,77.20999908447266,73.5346908569336
2023-08-09,21.534639358520508,1.0958904027938843,51.68000030517578,49.98500061035156,34.9900016784668,52.54999923706055,77.18000030517578,73.52587890625
2023-08-10,21.420835494995117,1.0977671146392822,52.0,50.189998626708984,35.185001373291016,52.72999954223633,77.5199966430664,73.24417114257812
2023-08-11,21.385820388793945,1.0981649160385132,51.54999923706055,49.775001525878906,34.9900016784668,52.68000030517578,77.04000091552734,73.35862731933594
2023-08-14,21.280773162841797,1.094439148902893,51.970001220703125,50.18000030517578,34.97999954223633,52.900001525878906,77.5199966430664,72.87442016601562
2023-08-15,21.026912689208984,1.0909883975982666,,,,,,72.05572509765625
2023-08-16,20.939369201660156,1.0904173851013184,51.79999923706055,50.0099983215332,34.529998779296875,52.61000061035156,76.83999633789062,71.16658020019531
2023-08-17,20.99189567565918,1.0874884128570557,51.31999969482422,49.685001373291016,34.380001068115234,52.400001525878906,76.30999755859375,70.5943603515625
2023-08-18,21.140710830688477,1.0874648094177246,50.77000045776367,49.244998931884766,34.31999969482422,52.150001525878906,75.72000122070312,70.81446075439453
2023-08-21,21.08819007873535,1.087559461593628,51.04999923706055,49.32500076293945,34.25,51.959999084472656,75.76000213623047,70.16299438476562
2023-08-22,21.096940994262695,1.0898351669311523,51.599998474121094,49.834999084472656,34.630001068115234,52.20000076293945,76.52999877929688,70.365478515625
2023-08-23,21.140710830688477,1.0846692323684692,52.04999923706055,50.13999938964844,34.7400016784668,52.45000076293945,77.01000213623047,71.47469329833984
2023-08-24,21.158218383789062,1.086578607559204,51.869998931884766,50.04999923706055,34.619998931884766,52.529998779296875,76.69999694824219,71.20178985595703
2023-08-25,21.36831283569336,1.07991361618042,51.560001373291016,49.869998931884766,34.654998779296875,52.709999084472656,76.66999816894531,71.2546157836914
2023-08-28,21.333297729492188,1.0797386169433594,52.09000015258789,50.27000045776367,34.96500015258789,52.900001525878906,77.29000091552734,71.92366790771484
2023-08-29,21.41208267211914,1.0825556516647339,52.599998474121094,50.709999084472656,35.14500045776367,52.900001525878906,77.94000244140625,72.79520416259766
2023-08-30,21.438344955444336,1.0869210958480835,52.63999938964844,50.68000030517578,35.02000045776367,52.689998626708984,77.94000244140625,73.05931091308594
2023-08-31,21.525882720947266,1.0932546854019165,52.970001220703125,51.06999969482422,35.31999969482422,53.040000915527344,78.54000091552734,72.52230834960938
2023-09-01,21.779747009277344,1.0844104290008545,53.08000183105469,51.29999923706055,35.57500076293945,53.209999084472656,78.9000015258789,72.64553833007812
2023-09-04,,1.07758629322052,53.130001068115234,51.34000015258789,35.65999984741211,53.09000015258789,78.9000015258789,
2023-09-05,21.884794235229492,1.0794472694396973,53.34000015258789,51.54999923706055,35.75,53.27000045776367,79.20999908447266,71.80042266845703
2023-09-06,21.93731689453125,1.0726161003112793,52.90999984741211,51.040000915527344,35.54999923706055,53.0,78.54000091552734,71.65077209472656
2023-09-07,21.8935489654541,1.0724204778671265,52.95000076293945,50.900001525878906,35.47999954223633,53.31999969482422,78.48999786376953,72.0997543334961
2023-09-08,21.93731689453125,1.0697818994522095,53.029998779296875,51.04999923706055,35.4900016784668,53.349998474121094,78.6500015258789,71.81803131103516
2023-09-11,22.06862449645996,1.071811318397522,53.08000183105469,50.93000030517578,35.650001525878906,53.369998931884766,78.62999725341797,71.82683563232422
2023-09-12,22.147411346435547,1.0750375986099243,53.02000045776367,50.90999984741211,35.834999084472656,53.52000045776367,78.69999694824219,71.7916259765625
2023-09-13,22.21744155883789,1.075326681137085,52.9900016784668,50.88999938964844,35.814998626708984,53.459999084472656,78.6500015258789,71.00814056396484
2023-09-14,22.401275634765625,1.0734220743179321,53.709999084472656,51.4900016784668,36.349998474121094,54.150001525878906,79.66000366210938,72.2934341430664
2023-09-15,22.348752975463867,1.0637166500091553,53.279998779296875,51.13999938964844,36.35499954223633,54.15999984741211,79.26000213623047,72.02050018310547
2023-09-18,22.339998245239258,1.0668259859085083,52.91999816894531,50.93000030517578,36.10499954223633,53.93000030517578,78.93000030517578,71.37786102294922
2023-09-19,22.357507705688477,1.0692671537399292,52.77000045776367,50.65999984741211,36.334999084472656,53.900001525878906,78.52999877929688,71.05213165283203
2023-09-20,22.173673629760742,1.0682048797607422,52.970001220703125,50.84000015258789,36.40999984741211,54.18000030517578,78.75,71.11375427246094
2023-09-21,22.103641510009766,1.065303087234497,51.9900016784668,49.77000045776367,35.959999084472656,53.66999816894531,77.48999786376953,68.69281768798828
2023-09-22,22.12114906311035,1.0661548376083374,52.189998626708984,49.92499923706055,35.90999984741211,53.63999938964844,77.48999786376953,68.1734390258789
2023-09-25,22.016101837158203,1.0648492574691772,52.099998474121094,49.88999938964844,35.810001373291016,53.63999938964844,77.44999694824219,68.1117935180664
2023-09-26,21.98984146118164,1.0591648817062378,51.77000045776367,49.474998474121094,35.665000915527344,53.33000183105469,76.80999755859375,66.87052917480469
2023-09-27,22.112396240234375,1.0569483041763306,52.0,49.70500183105469,35.70000076293945,53.27000045776367,77.02999877929688,66.42153930664062
2023-09-28,22.08613395690918,1.0505305528640747,52.13999938964844,49.84000015258789,35.775001525878906,53.119998931884766,77.16000366210938,67.05891418457031
2023-09-29,21.849777221679688,1.0562450885772705,52.16999816894531,49.974998474121094,35.71500015258789,52.95000076293945,77.30000305175781,67.25445556640625
2023-10-02,21.683454513549805,1.0565240383148193,52.2400016784668,50.08000183105469,35.54499816894531,52.70000076293945,77.22000122070312,66.01888275146484
2023-10-03,21.587160110473633,1.0480751991271973,51.540000915527344,49.5099983215332,35.09000015258789,52.36000061035156,76.25,64.72998809814453
2023-10-04,20.983139038085938,1.0472300052642822,51.41999816894531,49.5099983215332,34.52000045776367,52.2599983215332,76.02999877929688,65.52111053466797
2023-10-05,20.860586166381836,1.0507071018218994,51.5099983215332,49.45000076293945,34.724998474121094,52.36000061035156,75.95999908447266,65.88554382324219
2023-10-06,20.939369201660156,1.0546631813049316,51.81999969482422,49.845001220703125,34.834999084472656,52.31999969482422,76.45999908447266,66.06332397460938
2023-10-09,21.37706756591797,1.056747317314148,52.09000015258789,50.18000030517578,34.94499969482422,52.75,76.95999908447266,66.78334045410156
2023-10-10,21.324542999267578,1.0578875541687012,52.959999084472656,50.91999816894531,35.5099983215332,53.15999984741211,78.04000091552734,67.10334014892578
2023-10-11,21.201988220214844,1.0604791641235352,52.79999923706055,50.81999969482422,35.380001068115234,52.939998626708984,77.69999694824219,68.26780700683594
2023-10-12,21.193233489990234,1.0624282360076904,53.27000045776367,51.40999984741211,35.54999923706055,53.130001068115234,78.30999755859375,67.2722396850586
2023-10-13,21.75348472595215,1.0536741018295288,52.75,51.119998931884766,35.2599983215332,53.22999954223633,77.86000061035156,67.10334014892578
2023-10-16,21.683454513549805,1.0521553754806519,53.040000915527344,51.43000030517578,35.415000915527344,53.47999954223633,78.19999694824219,67.90335845947266
2023-10-17,21.744731903076172,1.0554312467575073,52.7400016784668,51.150001525878906,35.31999969482422,53.279998779296875,78.01000213623047,67.80558776855469
2023-10-18,21.93731689453125,1.057305932044983,52.4900016784668,50.93000030517578,35.13999938964844,53.349998474121094,77.56999969482422,66.36556243896484
2023-10-19,22.164918899536133,1.053851842880249,51.9900016784668,50.290000915527344,34.73500061035156,52.63999938964844,76.66000366210938,64.79219055175781
2023-10-20,21.998594284057617,1.0586491823196411,51.13999938964844,49.42499923706055,34.224998474121094,52.290000915527344,75.30999755859375,64.35662841796875
2023-10-23,21.858531951904297,1.0589966773986816,51.150001525878906,49.369998931884766,34.005001068115234,51.83000183105469,75.04000091552734,63.72551345825195
2023-10-24,21.622177124023438,1.0669853687286377,51.650001525878906,49.654998779296875,34.09000015258789,52.130001068115234,75.48999786376953,64.5433120727539
2023-10-25,21.779747009277344,1.059535264968872,51.70000076293945,49.470001220703125,34.1150016784668,52.34000015258789,75.16000366210938,63.1566162109375
2023-10-26,21.595914840698242,1.056725025177002,50.84000015258789,48.904998779296875,33.974998474121094,52.310001373291016,74.58000183105469,64.36553192138672
2023-10-27,21.884794235229492,1.0564459562301636,50.689998626708984,48.525001525878906,33.80500030517578,51.650001525878906,73.93000030517578,63.33439636230469
2023-10-30,21.534639358520508,1.0562450885772705,50.709999084472656,48.51499938964844,33.66999816894531,51.619998931884766,73.9800033569336,63.73440170288086
2023-10-31,21.455852508544922,1.061503529548645,51.029998779296875,48.935001373291016,34.060001373291016,52.04999923706055,74.62999725341797,64.81885528564453
2023-11-01,21.49086570739746,1.0579099655151367,51.7599983215332,49.505001068115234,34.400001525878906,52.52000045776367,75.48999786376953,65.21886444091797
2023-11-02,21.718469619750977,1.05870521068573,52.47999954223633,50.279998779296875,34.7599983215332,52.84000015258789,76.55000305175781,67.36112213134766
2023-11-03,21.60466957092285,1.0619093179702759,52.66999816894531,50.41999816894531,35.064998626708984,52.939998626708984,76.94999694824219,68.97003936767578
2023-11-06,21.69220733642578,1.0732147693634033,52.7599983215332,50.380001068115234,34.875,52.790000915527344,76.76000213623047,67.97447204589844
2023-11-07,21.22825050354004,1.0721560716629028,52.9900016784668,50.72999954223633,34.79999923706055,52.900001525878906,77.23999786376953,67.41445922851562
2023-11-08,20.99189567565918,1.0696102380752563,52.900001525878906,50.66999816894531,34.41999816894531,52.61000061035156,76.94000244140625,67.63668823242188
2023-11-09,20.939369201660156,1.0710422992706299,53.31999969482422,50.959999084472656,34.54999923706055,52.68000030517578,77.30999755859375,66.57000732421875
2023-11-10,21.044418334960938,1.0667576789855957,53.290000915527344,50.880001068115234,34.46500015258789,52.63999938964844,77.13999938964844,67.1922378540039
2023-11-13,21.350807189941406,1.069015622138977,53.77000045776367,51.209999084472656,34.69499969482422,52.83000183105469,77.68000030517578,66.63223266601562
2023-11-14,21.3157901763916,1.0701825618743896,54.0,51.5,34.970001220703125,52.77000045776367,78.16000366210938,70.33007049560547
2023-11-15,21.17572784423828,1.0878314971923828,54.0099983215332,51.56999969482422,35.05500030517578,52.630001068115234,78.45999908447266,70.53451538085938
2023-11-16,20.668001174926758,1.0854581594467163,53.66999816894531,51.20000076293945,34.709999084472656,52.4900016784668,78.0199966430664,70.3833999633789
2023-11-17,20.965633392333984,1.0853756666183472,54.11000061035156,51.33000183105469,35.099998474121094,52.529998779296875,78.26000213623047,70.33007049560547
2023-11-20,21.22825050354004,1.090702772140503,54.18000030517578,51.38999938964844,35.040000915527344,52.369998931884766,78.33999633789062,70.84562683105469
2023-11-21,21.350807189941406,1.0945948362350464,54.20000076293945,51.5,34.939998626708984,52.58000183105469,78.4000015258789,70.34784698486328
2023-11-22,21.16697120666504,1.0918222665786743,54.5,51.91999816894531,35.1349983215332,53.189998626708984,79.04000091552734,70.69451141357422
2023-11-23,,1.0890873670578003,54.52000045776367,51.90999984741211,35.125,53.04999923706055,78.98999786376953,
2023-11-24,21.026912689208984,1.0906314849853516,54.34000015258789,51.77000045776367,35.209999084472656,52.9900016784668,78.83000183105469,70.89896392822266
2023-11-27,20.88684844970703,1.0940439701080322,54.27000045776367,51.709999084472656,35.14500045776367,52.970001220703125,78.7300033569336,71.1567611694336
2023-11-28,21.140710830688477,1.0958423614501953,53.959999084472656,51.41999816894531,35.029998779296875,52.7599983215332,78.55000305175781,71.62786102294922
2023-11-29,21.289527893066406,1.100594401359558,53.84000015258789,51.43000030517578,35.18000030517578,52.720001220703125,78.62000274658203,72.12565612792969
2023-11-30,20.93061637878418,1.0973695516586304,53.90999984741211,51.59000015258789,35.44499969482422,53.2400016784668,78.97000122070312,72.65009307861328
2023-12-01,20.834321975708008,1.0892059803009033,54.41999816894531,52.2400016784668,35.79499816894531,53.77000045776367,79.87000274658203,74.43679809570312
2023-12-04,20.69426155090332,1.088814616203308,53.900001525878906,52.11000061035156,35.79999923706055,54.029998779296875,79.7699966430664,74.9790267944336
2023-12-05,20.510427474975586,1.0837758779525757,54.099998474121094,52.33000183105469,35.849998474121094,54.209999084472656,80.16999816894531,74.48124694824219
2023-12-06,20.011457443237305,1.0793657302856445,54.290000915527344,52.459999084472656,36.064998626708984,54.189998626708984,80.27999877929688,74.259033203125
2023-12-07,20.046470642089844,1.076669692993164,54.400001525878906,52.470001220703125,36.029998779296875,54.45000076293945,80.3499984741211,74.47235107421875
2023-12-08,20.134010314941406,1.079214334487915,54.79999923706055,52.779998779296875,36.244998931884766,54.33000183105469,80.83999633789062,74.34791564941406
2023-12-11,20.06397819519043,1.0765769481658936,55.119998931884766,53.099998474121094,36.48500061035156,54.689998626708984,81.16000366210938,74.55236053466797
2023-12-12,19.757591247558594,1.076658010482788,55.369998931884766,53.13999938964844,36.334999084472656,54.70000076293945,81.12000274658203,74.50792694091797
2023-12-13,19.985193252563477,1.0798670053482056,55.65999984741211,53.470001220703125,36.119998931884766,54.88999938964844,81.44999694824219,77.36128997802734
2023-12-14,20.317842483520508,1.0886130332946777,54.75,53.099998474121094,36.474998474121094,53.93000030517578,81.37999725341797,79.59244537353516
2023-12-15,20.35285758972168,1.0993602275848389,55.34000015258789,53.599998474121094,36.63999938964844,53.88999938964844,81.9800033569336,78.47242736816406
2023-12-18,20.498884201049805,1.0895264148712158,55.529998779296875,53.650001525878906,36.47999954223633,53.959999084472656,82.01000213623047,78.29464721679688
2023-12-19,20.655014038085938,1.092382788658142,55.619998931884766,53.7599983215332,36.48500061035156,53.779998779296875,82.12000274658203,78.89020538330078
2023-12-20,20.416229248046875,1.0981045961380005,55.81999969482422,53.95000076293945,36.6349983215332,53.75,82.3499984741211,77.93019104003906
2023-12-21,20.452964782714844,1.0945708751678467,55.459999084472656,53.529998779296875,36.47999954223633,53.47999954223633,81.70999908447266,78.62130737304688
2023-12-22,20.416229248046875,1.100618600845337,55.65999984741211,53.58000183105469,36.724998474121094,53.81999969482422,82.05999755859375,78.92724609375
2023-12-25,,1.102657437324524,,,,,,
2023-12-26,20.61827850341797,1.1020255088806152,,,,,,79.51215362548828
2023-12-27,20.526437759399414,1.1043012142181396,55.47999954223633,53.209999084472656,36.64500045776367,53.47999954223633,81.7699966430664,79.89909362792969
2023-12-28,20.351940155029297,1.110864281654358,55.7400016784668,53.65999984741211,36.7400016784668,53.810001373291016,82.08000183105469,80.46600341796875
2023-12-29,20.241731643676758,1.1068191528320312,55.540000915527344,53.470001220703125,36.720001220703125,53.91999816894531,81.83999633789062,79.51215362548828
2024-01-01,,1.1055831909179688,,,,,,
2024-01-02,20.076417922973633,1.1038745641708374,55.45000076293945,53.599998474121094,37.11000061035156,54.65999984741211,82.2300033569336,80.19606018066406
2024-01-03,20.33357048034668,1.0941756963729858,55.27000045776367,53.43000030517578,36.88999938964844,54.970001220703125,81.83999633789062,78.27933502197266
2024-01-04,20.223363876342773,1.0927767753601074,55.38999938964844,53.43000030517578,36.9900016784668,54.939998626708984,81.77999877929688,78.13536834716797
2024-01-05,20.324386596679688,1.0947387218475342,55.439998626708984,53.2400016784668,37.16999816894531,54.709999084472656,81.62999725341797,77.93738555908203
2024-01-08,20.03049659729004,1.0942236185073853,55.72999954223633,53.34000015258789,37.20000076293945,54.61000061035156,81.77999877929688,79.05322265625
2024-01-09,20.177440643310547,1.095170259475708,56.349998474121094,53.7400016784668,37.154998779296875,54.97999954223633,82.4000015258789,78.5223159790039
2024-01-10,20.03968048095703,1.0932426452636719,56.7599983215332,53.86000061035156,37.029998779296875,54.900001525878906,82.43000030517578,78.61229705810547
2024-01-11,20.186626434326172,1.0975141525268555,56.72999954223633,53.630001068115234,36.82500076293945,54.79999923706055,82.0999984741211,77.88340759277344
2024-01-12,20.260099411010742,1.0981649160385132,57.38999938964844,54.060001373291016,37.029998779296875,55.2400016784668,82.68000030517578,78.3513412475586
2024-01-15,,1.0945708751678467,57.63999938964844,54.150001525878906,37.130001068115234,55.41999816894531,82.73999786376953,
2024-01-16,20.085603713989258,1.0945708751678467,57.86000061035156,54.290000915527344,37.084999084472656,55.54999923706055,82.97000122070312,77.77542114257812
2024-01-17,20.05805015563965,1.087878942489624,57.43000030517578,53.939998626708984,36.665000915527344,55.58000183105469,82.4000015258789,76.35363006591797
2024-01-18,20.186626434326172,1.0885775089263916,58.08000183105469,54.310001373291016,36.79499816894531,55.34000015258789,82.70999908447266,75.939697265625
2024-01-19,20.149890899658203,1.0879143476486206,58.439998626708984,54.61000061035156,36.81999969482422,55.529998779296875,83.01000213623047,76.84855651855469
2024-01-22,20.232547760009766,1.089229702949524,59.279998779296875,55.209999084472656,37.22999954223633,55.720001220703125,83.94999694824219,77.30748748779297
2024-01-23,20.342756271362305,1.088020920753479,59.040000915527344,55.08000183105469,37.290000915527344,55.900001525878906,84.05999755859375,76.77656555175781
2024-01-24,20.517253875732422,1.0857881307601929,59.880001068115234,55.47999954223633,37.41999816894531,55.880001068115234,84.52999877929688,75.67874145507812
2024-01-25,20.673383712768555,1.088174819946289,60.310001373291016,55.77000045776367,37.58000183105469,55.939998626708984,84.87000274658203,76.65058135986328
2024-01-26,20.76522445678711,1.0847046375274658,59.90999984741211,55.689998626708984,37.39500045776367,56.08000183105469,84.97000122070312,76.43460845947266
2024-01-29,20.59072494506836,1.0843517780303955,60.310001373291016,55.9900016784668,37.5099983215332,56.349998474121094,85.31999969482422,76.93854522705078
2024-01-30,20.72848892211914,1.0834470987319946,60.68000030517578,56.20000076293945,37.584999084472656,56.31999969482422,85.54000091552734,76.21864318847656
2024-01-31,20.50806999206543,1.08433997631073,60.0099983215332,55.790000915527344,37.66999816894531,56.540000915527344,85.0199966430664,75.48976135253906
2024-02-01,20.260099411010742,1.0803920030593872,60.18000030517578,55.720001220703125,37.42499923706055,56.36000061035156,84.70999908447266,76.85755920410156
2024-02-02,20.03049659729004,1.0874648094177246,61.90999984741211,56.689998626708984,37.54499816894531,56.59000015258789,86.02999877929688,75.90369415283203
2024-02-05,20.11315155029297,1.0780043601989746,62.45000076293945,56.97999954223633,37.4900016784668,56.59000015258789,86.1500015258789,74.31092071533203
2024-02-06,20.186626434326172,1.0741831064224243,62.5099983215332,57.09000015258789,37.68000030517578,56.54999923706055,86.36000061035156,75.3097915649414
2024-02-07,20.278467178344727,1.075719952583313,63.15999984741211,57.470001220703125,37.584999084472656,56.630001068115234,86.7300033569336,75.20179748535156
2024-02-08,20.3886775970459,1.077574610710144,63.40999984741211,57.560001373291016,37.40999984741211,56.20000076293945,86.7699966430664,75.8136978149414
2024-02-09,20.44378089904785,1.0777255296707153,63.709999084472656,57.720001220703125,37.400001525878906,56.08000183105469,86.94999694824219,75.9306869506836
2024-02-12,20.452964782714844,1.0798202753067017,64.29000091552734,58.2400016784668,37.85499954223633,56.31999969482422,87.66999816894531,75.9487075805664
2024-02-13,20.33357048034668,1.0772264003753662,63.72999954223633,57.66999816894531,37.56999969482422,56.2599983215332,86.80999755859375,74.38291931152344
2024-02-14,20.140705108642578,1.0708931684494019,63.970001220703125,57.75,37.665000915527344,56.27000045776367,86.93000030517578,74.96783447265625
2024-02-15,20.186626434326172,1.0732147693634033,64.30999755859375,58.09000015258789,37.88999938964844,56.5,87.36000061035156,76.71358489990234
2024-02-16,20.232547760009766,1.0773887634277344,64.51000213623047,58.290000915527344,37.95500183105469,56.66999816894531,87.73999786376953,75.92169189453125
2024-02-19,,1.0784927606582642,64.41999816894531,58.06999969482422,37.9900016784668,56.630001068115234,87.55000305175781,
2024-02-20,20.122337341308594,1.0775396823883057,63.20000076293945,57.34000015258789,37.81999969482422,56.63999938964844,86.6500015258789,75.78671264648438
2024-02-21,20.204994201660156,1.0813149213790894,62.93000030517578,57.349998474121094,37.78499984741211,56.52000045776367,86.54000091552734,76.20966339111328
2024-02-22,20.260099411010742,1.0820403099060059,65.02999877929688,58.58000183105469,38.13999938964844,56.83000183105469,88.04000091552734,76.35363006591797
2024-02-23,19.96620750427246,1.0825674533843994,65.0999984741211,58.83000183105469,38.28499984741211,57.25,88.37000274658203,76.31763458251953
2024-02-26,20.149890899658203,1.0820051431655884,65.19000244140625,58.599998474121094,38.119998931884766,57.0099983215332,88.05999755859375,75.48075866699219
2024-02-27,20.306018829345703,1.0850930213928223,65.01000213623047,58.45000076293945,38.150001525878906,56.810001373291016,87.94000244140625,75.57074737548828
2024-02-28,20.223363876342773,1.084481120109558,64.88999938964844,58.47999954223633,38.10499954223633,56.88999938964844,87.95999908447266,76.33562469482422
2024-02-29,20.195810317993164,1.0838816165924072,65.27999877929688,58.599998474121094,38.17499923706055,56.9900016784668,88.16999816894531,76.9835433959961
2024-03-01,20.29683494567871,1.0804970264434814,66.4800033569336,59.099998474121094,38.564998626708984,56.849998474121094,88.80999755859375,77.90141296386719
2024-03-04,20.36112403869629,1.084269404411316,66.94000244140625,59.16999816894531,38.56999969482422,56.619998931884766,88.80000305175781,78.63028717041016
2024-03-05,20.204994201660156,1.0855170488357544,66.11000061035156,58.65999984741211,38.56999969482422,56.7400016784668,88.1500015258789,77.67642974853516
2024-03-06,20.37030792236328,1.0855995416641235,66.68000030517578,58.95000076293945,38.86000061035156,56.939998626708984,88.4800033569336,78.0633773803711
2024-03-07,20.425413131713867,1.089953899383545,67.33000183105469,59.439998626708984,38.904998779296875,56.959999084472656,88.88999938964844,78.04537963867188
2024-03-08,20.36112403869629,1.0950144529342651,66.93000030517578,59.220001220703125,38.8849983215332,57.04999923706055,88.9000015258789,78.94524383544922
2024-03-11,20.53562355041504,1.0942955017089844,65.72000122070312,58.61000061035156,38.67499923706055,56.97999954223633,88.31999969482422,78.56729125976562
2024-03-12,20.48051643371582,1.093135118484497,66.58999633789062,59.31999969482422,38.90999984741211,57.2599983215332,89.08000183105469,78.39632415771484
2024-03-13,20.76522445678711,1.0927767753601074,66.44000244140625,59.400001525878906,38.814998626708984,57.2400016784668,89.08999633789062,78.0003890991211
2024-03-14,20.829513549804688,1.0955302715301514,66.73999786376953,59.560001373291016,38.66999816894531,57.20000076293945,89.13999938964844,76.83056640625
2024-03-15,20.902986526489258,1.0883406400680542,66.06999969482422,59.04999923706055,38.82500076293945,57.13999938964844,88.58999633789062,76.65958404541016
2024-03-18,21.095849990844727,1.0882576704025269,66.77999877929688,59.56999969482422,38.98500061035156,57.47999954223633,89.37999725341797,76.69558715820312
2024-03-19,21.086666107177734,1.087393879890442,66.87000274658203,59.599998474121094,39.18000030517578,57.56999969482422,89.54000091552734,76.66858673095703
2024-03-20,21.03156280517578,1.0863306522369385,67.19000244140625,59.81999969482422,39.19499969482422,57.689998626708984,89.7300033569336,77.17250061035156
2024-03-21,21.004011154174805,1.0937210321426392,68.76000213623047,60.7400016784668,39.724998474121094,57.900001525878906,91.01000213623047,77.73043060302734
2024-03-22,20.857065200805664,1.0862362384796143,68.8499984741211,60.4900016784668,39.790000915527344,58.02000045776367,90.98999786376953,76.75208282470703
2024-03-25,21.03156280517578,1.0807539224624634,68.75,60.290000915527344,39.65999984741211,57.7400016784668,90.70999908447266,76.2801513671875
2024-03-26,20.866249084472656,1.0838228464126587,68.87000274658203,60.36000061035156,39.83000183105469,57.849998474121094,90.91000366210938,75.9715805053711
2024-03-27,20.847881317138672,1.0832358598709106,68.22000122070312,60.16999816894531,39.9900016784668,58.09000015258789,90.86000061035156,77.9319076538086
2024-03-28,21.095849990844727,1.0813382863998413,68.52999877929688,60.54999923706055,40.29499816894531,58.43000030517578,91.44000244140625,78.48550415039062
2024-03-29,,1.0794472694396973,,,,,,
2024-04-01,21.196876525878906,1.0792726278305054,,,,,,77.1695556640625
2024-04-02,21.389741897583008,1.0737217664718628,67.91000366210938,60.04999923706055,39.869998931884766,58.040000915527344,90.69999694824219,76.19845581054688
2024-04-03,21.646896362304688,1.076855182647705,68.51000213623047,60.119998931884766,39.93000030517578,57.68000030517578,90.79000091552734,76.2801513671875
2024-04-04,21.702001571655273,1.0838346481323242,68.5199966430664,60.029998779296875,40.08000183105469,57.56999969482422,90.83000183105469,75.79007720947266
2024-04-05,21.812210083007812,1.0837054252624512,68.19000244140625,59.68000030517578,39.65999984741211,57.2599983215332,90.19000244140625,76.1803207397461
2024-04-08,21.80302619934082,1.0830481052398682,68.27999877929688,59.72999954223633,39.869998931884766,57.189998626708984,90.41000366210938,76.99711608886719
2024-04-09,21.68363380432129,1.0863661766052246,67.37000274658203,59.27000045776367,39.720001220703125,56.959999084472656,89.87999725341797,78.02265930175781
2024-04-10,21.793842315673828,1.0859296321868896,68.12999725341797,59.75,39.709999084472656,57.20000076293945,90.29000091552734,74.79175567626953
2024-04-11,21.757104873657227,1.074171543121338,68.55000305175781,59.900001525878906,39.564998626708984,57.0,90.38999938964844,75.0458755493164
2024-04-12,21.784656524658203,1.0726851224899292,68.88999938964844,60.25,39.66999816894531,57.36000061035156,90.86000061035156,74.15646362304688
2024-04-15,21.812210083007812,1.0649627447128296,68.86000061035156,60.310001373291016,39.76499938964844,57.29999923706055,90.6500015258789,72.89496612548828
2024-04-16,21.77547264099121,1.0625749826431274,67.56999969482422,59.29999923706055,38.939998626708984,56.77000045776367,89.2300033569336,71.86943054199219
2024-04-17,21.43566131591797,1.0621461868286133,67.11000061035156,58.93000030517578,38.779998779296875,56.59000015258789,88.7300033569336,71.34303283691406
2024-04-18,21.426477432250977,1.0669398307800293,67.16000366210938,58.970001220703125,38.93000030517578,56.75,88.97000122070312,71.35211181640625
2024-04-19,21.527503967285156,1.0644185543060303,65.66000366210938,58.25,38.845001220703125,56.9900016784668,88.0999984741211,71.69699096679688
2024-04-22,21.527503967285156,1.065825343132019,65.33999633789062,58.22999954223633,39.084999084472656,57.439998626708984,88.29000091552734,72.332275390625
2024-04-23,21.61934471130371,1.065405249595642,66.4800033569336,58.880001068115234,39.314998626708984,57.619998931884766,89.2699966430664,72.99478912353516
2024-04-24,21.5917911529541,1.0704345703125,66.54000091552734,58.88999938964844,39.34000015258789,57.45000076293945,89.30999755859375,73.13092803955078
2024-04-25,21.711183547973633,1.0699878931045532,65.23999786376953,58.060001373291016,38.869998931884766,57.0,88.19999694824219,72.71346282958984
2024-04-26,21.72955322265625,1.072961449623108,66.94999694824219,59.369998931884766,39.13999938964844,57.16999816894531,89.79000091552734,72.749755859375
2024-04-29,21.711183547973633,1.0706866979599,66.77999877929688,59.11000061035156,39.38999938964844,57.20000076293945,89.80000305175781,73.49394989013672
2024-04-30,21.43566131591797,1.0715701580047607,66.8499984741211,59.04999923706055,39.150001525878906,56.959999084472656,89.58000183105469,72.25059509277344
2024-05-01,21.123403549194336,1.0666552782058716,,,,,,72.27782440185547
2024-05-02,21.196876525878906,1.0721560716629028,66.20999908447266,58.59000015258789,39.10499954223633,56.9900016784668,88.91000366210938,73.29429626464844
2024-05-03,21.224430084228516,1.073306918144226,66.63999938964844,58.93000030517578,39.125,56.869998931884766,89.68000030517578,73.78436279296875
2024-05-06,21.463214874267578,1.0758124589920044,67.63999938964844,59.540000915527344,39.404998779296875,57.09000015258789,90.30000305175781,73.84789276123047
2024-05-07,21.444847106933594,1.0767507553100586,68.0199966430664,60.040000915527344,39.494998931884766,57.400001525878906,90.95999908447266,74.54671478271484
2024-05-08,21.334636688232422,1.0750491619110107,68.01000213623047,60.099998474121094,39.41999816894531,57.619998931884766,90.91999816894531,73.92050170898438
2024-05-09,21.417293548583984,1.0746910572052002,68.01000213623047,60.18000030517578,39.494998931884766,57.59000015258789,91.1500015258789,75.43611907958984
2024-05-10,21.38055992126465,1.078515887260437,68.0999984741211,60.459999084472656,39.65999984741211,57.900001525878906,91.44000244140625,75.22737884521484
2024-05-13,21.518320083618164,1.077040672302246,67.70999908447266,60.349998474121094,39.775001525878906,57.939998626708984,91.31999969482422,75.47242736816406
2024-05-14,21.426477432250977,1.079354166984558,67.7300033569336,60.2400016784668,39.83000183105469,57.599998474121094,91.2300033569336,76.05326080322266
2024-05-15,21.499950408935547,1.0814552307128906,68.63999938964844,60.79999923706055,40.0,57.720001220703125,91.91999816894531,77.10602569580078
2024-05-16,21.5550537109375,1.0889805555343628,68.87000274658203,61.119998931884766,39.8849983215332,57.900001525878906,92.30999755859375,77.05157470703125
2024-05-17,21.77547264099121,1.0867793560028076,68.5199966430664,60.83000183105469,39.875,57.849998474121094,91.98999786376953,77.04248046875
2024-05-20,21.968339920043945,1.0875475406646729,69.08000183105469,61.189998626708984,40.095001220703125,58.09000015258789,92.51000213623047,76.58871459960938
2024-05-21,21.876497268676758,1.086082935333252,69.12999725341797,61.130001068115234,39.95000076293945,57.880001068115234,92.27999877929688,76.5615005493164
2024-05-22,21.564237594604492,1.0855170488357544,69.1500015258789,61.130001068115234,39.869998931884766,57.9900016784668,92.37000274658203,75.87174987792969
2024-05-23,21.454030990600586,1.0825204849243164,69.81999969482422,61.47999954223633,39.75,57.68000030517578,92.37000274658203,74.23815155029297
2024-05-24,21.600976943969727,1.0812681913375854,69.81999969482422,61.31999969482422,39.790000915527344,57.400001525878906,92.08000183105469,74.29258728027344
2024-05-27,,1.0847634077072144,70.19999694824219,61.470001220703125,39.96500015258789,57.40999984741211,92.22000122070312,
2024-05-28,21.986709594726562,1.0861891508102417,70.08000183105469,61.209999084472656,39.900001525878906,56.939998626708984,91.87999725341797,73.8025131225586
2024-05-29,21.757104873657227,1.0851871967315674,70.06999969482422,61.09000015258789,39.400001525878906,56.599998474121094,91.5199966430664,73.0855484008789
2024-05-30,21.47239875793457,1.0801819562911987,69.48999786376953,60.95000076293945,39.6150016784668,56.68000030517578,91.2699966430664,74.15646362304688
2024-05-31,21.371374130249023,1.0835410356521606,68.38999938964844,60.470001220703125,39.654998779296875,56.93000030517578,90.69000244140625,75.5450210571289
2024-06-03,21.06829833984375,1.0853049755096436,68.93000030517578,60.849998474121094,39.8849983215332,57.2599983215332,91.36000061035156,75.3725814819336
2024-06-04,20.857065200805664,1.0907385349273682,68.6500015258789,60.880001068115234,39.61000061035156,57.31999969482422,91.16999816894531,75.95343017578125
2024-06-05,20.930538177490234,1.0881866216659546,69.87000274658203,61.720001220703125,39.709999084472656,57.58000183105469,92.2699966430664,75.8626708984375
2024-06-06,21.2060604095459,1.087453007698059,70.20999908447266,61.970001220703125,39.814998626708984,57.68000030517578,92.56999969482422,76.00787353515625
2024-06-07,20.902986526489258,1.0894432067871094,70.58000183105469,62.33000183105469,39.875,58.06999969482422,93.08999633789062,75.29090118408203
2024-06-10,21.2060604095459,1.0778882503509521,71.33999633789062,62.58000183105469,39.96500015258789,58.0,93.4800033569336,75.5450210571289
2024-06-11,21.178508758544922,1.0764262676239014,71.02999877929688,62.56999969482422,39.63999938964844,57.91999816894531,93.31999969482422,75.27275848388672
2024-06-12,21.25197982788086,1.0740330219268799,71.5,62.97999954223633,39.67499923706055,57.470001220703125,93.80999755859375,75.94434356689453
2024-06-13,21.270347595214844,1.0813149213790894,71.7699966430664,62.970001220703125,39.25,57.45000076293945,93.77999877929688,76.25291442871094
2024-06-14,21.187692642211914,1.0738831758499146,72.0199966430664,63.290000915527344,39.18000030517578,57.77000045776367,94.06999969482422,76.23474884033203
2024-06-17,21.26116371154785,1.0702168941497803,72.18000030517578,63.34000015258789,39.08000183105469,57.779998779296875,94.08999633789062,75.93527221679688
2024-06-18,21.43566131591797,1.0740677118301392,72.79000091552734,63.790000915527344,39.32500076293945,58.029998779296875,94.5999984741211,76.23474884033203
2024-06-19,,1.0742292404174805,73.04000091552734,63.849998474121094,39.255001068115234,57.939998626708984,94.7300033569336,
2024-06-20,21.481582641601562,1.0751532316207886,73.37999725341797,64.08999633789062,39.46500015258789,58.33000183105469,95.11000061035156,76.01695251464844
2024-06-21,21.307085037231445,1.0706409215927124,72.33000183105469,63.79999923706055,39.314998626708984,58.4900016784668,94.76000213623047,76.20753479003906
2024-06-24,21.481582641601562,1.0687757730484009,72.06999969482422,63.7599983215332,39.68000030517578,58.88999938964844,94.94000244140625,76.7974624633789
2024-06-25,21.27953338623047,1.0732723474502563,72.52999877929688,63.7400016784668,39.63999938964844,58.83000183105469,94.88999938964844,75.85360717773438
2024-06-26,21.316268920898438,1.0709619522094727,72.41000366210938,63.63999938964844,39.40999984741211,58.529998779296875,94.83000183105469,75.61763000488281
2024-06-27,21.426477432250977,1.068010926246643,72.44000244140625,63.52000045776367,39.314998626708984,58.4900016784668,94.83000183105469,76.35275268554688
2024-06-28,21.334636688232422,1.0708472728729248,73.0,63.529998779296875,39.60499954223633,58.56999969482422,95.18000030517578,76.9619369506836
2024-07-01,21.61016082763672,1.0735257863998413,72.43000030517578,62.9900016784668,39.6150016784668,58.34000015258789,94.6500015258789,76.2360610961914
2024-07-02,21.637712478637695,1.0737102031707764,72.5999984741211,62.97999954223633,39.57500076293945,58.209999084472656,94.80000305175781,76.59441375732422
2024-07-03,21.757104873657227,1.0748412609100342,73.02999877929688,63.16999816894531,39.73500061035156,57.970001220703125,95.08999633789062,76.52090454101562
2024-07-04,,1.0793308019638062,73.36000061035156,63.22999954223633,39.94499969482422,58.09000015258789,95.27999877929688,
2024-07-05,21.839763641357422,1.0810693502426147,73.31999969482422,63.27000045776367,39.720001220703125,57.81999969482422,95.33999633789062,76.73224639892578
2024-07-08,21.54587173461914,1.082602620124817,73.66000366210938,63.380001068115234,39.775001525878906,57.9900016784668,95.5,76.98031616210938
2024-07-09,21.398923873901367,1.0830950736999512,73.86000061035156,63.43000030517578,39.67499923706055,58.09000015258789,95.6500015258789,76.9619369506836
2024-07-10,21.398923873901367,1.0814785957336426,74.25,63.599998474121094,40.04499816894531,58.290000915527344,96.05000305175781,77.53162384033203
2024-07-11,21.47239875793457,1.083329677581787,73.4800033569336,63.40999984741211,40.21500015258789,58.619998931884766,95.87000274658203,79.75521850585938
2024-07-12,21.389741897583008,1.0872756242752075,73.66999816894531,63.849998474121094,40.42499923706055,58.869998931884766,96.31999969482422,80.36165618896484
2024-07-15,21.233612060546875,1.0885539054870605,73.69000244140625,63.7400016784668,40.3650016784668,58.790000915527344,96.33999633789062,80.90375518798828
2024-07-16,21.178508758544922,1.0901559591293335,73.79000091552734,63.90999984741211,40.619998931884766,59.150001525878906,96.4800033569336,81.89610290527344
2024-07-17,21.178508758544922,1.0902509689331055,71.75,62.97999954223633,40.744998931884766,59.380001068115234,95.48999786376953,82.45658111572266
2024-07-18,21.02237892150879,1.094020128250122,70.33999633789062,62.52000045776367,40.845001220703125,59.709999084472656,94.91000366210938,81.73072052001953
2024-07-19,20.737672805786133,1.0901559591293335,70.5999984741211,62.18000030517578,40.21500015258789,59.119998931884766,94.36000061035156,81.58369445800781
2024-07-22,20.792776107788086,1.0899182558059692,70.91000366210938,62.5,40.40999984741211,59.29999923706055,94.80000305175781,82.42904663085938
2024-07-23,20.599910736083984,1.0889805555343628,72.19000244140625,62.97999954223633,40.369998931884766,59.40999984741211,95.68000030517578,82.36470794677734
2024-07-24,20.59072494506836,1.0850694179534912,70.2699966430664,61.83000183105469,40.150001525878906,59.13999938964844,94.0199966430664,81.15185546875
2024-07-25,20.636646270751953,1.0839520692825317,69.0,61.439998626708984,39.96500015258789,59.58000183105469,93.55999755859375,80.88536834716797
2024-07-26,20.425413131713867,1.0851283073425293,69.02999877929688,61.630001068115234,40.185001373291016,59.83000183105469,93.70999908447266,82.3003921508789
2024-07-29,20.33357048034668,1.0853756666183472,69.13999938964844,61.720001220703125,40.310001373291016,60.029998779296875,93.88999938964844,82.72306823730469
2024-07-30,20.2692813873291,1.081946611404419,68.97000122070312,61.790000915527344,40.38999938964844,60.279998779296875,93.9800033569336,83.36624908447266
2024-07-31,20.737672805786133,1.0816072225570679,70.68000030517578,62.81999969482422,40.73500061035156,60.61000061035156,95.37000274658203,83.07222747802734
2024-08-01,20.489700317382812,1.082391619682312,69.62999725341797,62.5099983215332,39.79499816894531,60.40999984741211,94.44000244140625,83.90837860107422
2024-08-02,20.11315155029297,1.0787602663040161,65.0999984741211,60.18000030517578,37.880001068115234,59.220001220703125,90.61000061035156,83.8624267578125
2024-08-05,20.076417922973633,1.0910836458206177,63.459999084472656,59.02000045776367,36.970001220703125,58.470001220703125,88.61000061035156,81.4642562866211
2024-08-06,19.911104202270508,1.0950982570648193,64.77999877929688,59.630001068115234,37.03499984741211,58.810001373291016,89.37999725341797,83.07222747802734
2024-08-07,20.094785690307617,1.0926215648651123,65.70999908447266,60.2599983215332,37.83000183105469,59.529998779296875,90.63999938964844,82.5025405883789
2024-08-08,20.278467178344727,1.0928125381469727,66.05999755859375,60.36000061035156,37.834999084472656,59.529998779296875,90.66000366210938,83.31111907958984
2024-08-09,20.397859573364258,1.0915720462799072,66.75,60.68000030517578,37.80500030517578,59.529998779296875,91.01000213623047,83.697021484375
2024-08-12,20.682567596435547,1.091381311416626,66.94999694824219,60.880001068115234,37.81999969482422,59.540000915527344,91.18000030517578,83.08140563964844
2024-08-13,20.489700317382812,1.0936251878738403,68.05000305175781,61.38999938964844,38.125,59.779998779296875,92.06999969482422,83.80728912353516
2024-08-14,20.36112403869629,1.0996986627578735,68.36000061035156,61.470001220703125,38.165000915527344,59.900001525878906,92.30000305175781,84.0278091430664
2024-08-15,20.526437759399414,1.1013215780258179,,,,,,83.96349334716797
2024-08-16,20.397859573364258,1.0972732305526733,70.1500015258789,62.63999938964844,38.9900016784668,60.529998779296875,94.05000305175781,83.91755676269531
2024-08-19,20.28765106201172,1.1024993658065796,70.16000366210938,62.70000076293945,39.25,60.63999938964844,94.30000305175781,84.61585998535156
2024-08-20,20.204994201660156,1.1086474657058716,70.1500015258789,62.619998931884766,38.96500015258789,60.540000915527344,94.08000183105469,84.51480102539062
2024-08-21,20.10396957397461,1.112792730331421,70.20999908447266,62.84000015258789,39.06999969482422,60.689998626708984,94.18000030517578,84.96501922607422
2024-08-22,20.085603713989258,1.115536093711853,70.4800033569336,63.0,39.1150016784668,60.88999938964844,94.33999633789062,85.21310424804688
2024-08-23,20.44378089904785,1.111716389656067,70.3499984741211,62.81999969482422,39.39500045776367,60.810001373291016,94.37000274658203,87.08753967285156
2024-08-26,20.655014038085938,1.1187934875488281,69.93000030517578,62.880001068115234,39.42499923706055,61.08000183105469,94.30999755859375,87.05079650878906
2024-08-27,20.55398941040039,1.1164700984954834,70.02999877929688,62.97999954223633,39.51499938964844,61.11000061035156,94.3499984741211,87.17942810058594
2024-08-28,20.306018829345703,1.117793083190918,69.72000122070312,62.97999954223633,39.61000061035156,61.560001373291016,94.36000061035156,86.83946228027344
2024-08-29,20.53562355041504,1.1124955415725708,70.62999725341797,63.72999954223633,39.904998779296875,61.970001220703125,95.41999816894531,86.572998046875
2024-08-30,20.306018829345703,1.1080454587936401,70.37999725341797,63.38999938964844,39.9900016784668,61.900001525878906,95.06999969482422,87.40913391113281
2024-09-02,,1.1044842004776,71.04000091552734,63.72999954223633,40.20500183105469,62.220001220703125,95.69999694824219,
2024-09-03,19.901920318603516,1.1067456007003784,69.55000305175781,63.0099983215332,39.83000183105469,62.380001068115234,94.72000122070312,87.36319732666016
2024-09-04,19.754974365234375,1.1048868894577026,68.31999969482422,62.130001068115234,39.474998474121094,62.06999969482422,93.5999984741211,87.61128234863281
2024-09-05,19.800893783569336,1.1080454587936401,67.5999984741211,61.459999084472656,39.345001220703125,61.650001525878906,92.94999694824219,87.32644653320312
2024-09-06,19.534557342529297,1.1111111640930176,66.05000305175781,60.869998931884766,38.69499969482422,61.22999954223633,91.75,87.24374389648438
2024-09-09,19.58966064453125,1.1087212562561035,66.81999969482422,61.58000183105469,39.209999084472656,61.900001525878906,92.81999969482422,88.21772766113281
2024-09-10,19.304954528808594,1.1037527322769165,66.9800033569336,61.70000076293945,38.8849983215332,61.9900016784668,93.0,89.49490356445312
2024-09-11,19.479450225830078,1.1020983457565308,66.91000366210938,61.349998474121094,38.654998779296875,61.349998474121094,92.55999755859375,89.32032775878906
2024-09-12,19.855998992919922,1.1010911464691162,69.12999725341797,62.43000030517578,39.130001068115234,61.79999923706055,94.29000091552734,89.69705200195312
2024-09-13,19.892736434936523,1.1077877283096313,69.76000213623047,62.880001068115234,39.44499969482422,62.13999938964844,94.98999786376953,90.63427734375
2024-09-16,20.03968048095703,1.1088441610336304,69.37000274658203,62.61000061035156,39.45000076293945,62.16999816894531,94.58000183105469,90.93748474121094
2024-09-17,20.177440643310547,1.1129536628723145,69.80999755859375,63.0099983215332,39.71500015258789,62.150001525878906,95.12999725341797,90.30347442626953
2024-09-18,20.048864364624023,1.1123099327087402,69.45999908447266,62.63999938964844,39.54999923706055,61.75,94.68000030517578,90.19322967529297
2024-09-19,20.407045364379883,1.1114816665649414,71.05000305175781,63.40999984741211,40.01499938964844,61.599998474121094,95.95999908447266,90.21159362792969
2024-09-20,20.407045364379883,1.1161960363388062,70.7699966430664,62.95000076293945,39.720001220703125,61.5,95.41000366210938,89.85326385498047
2024-09-23,20.416229248046875,1.1160838603973389,71.30999755859375,63.310001373291016,39.95000076293945,61.959999084472656,96.0,90.74452209472656
2024-09-24,20.756038665771484,1.1111727952957153,71.41999816894531,63.310001373291016,40.07500076293945,61.75,96.04000091552734,90.87316131591797
2024-09-25,20.58154296875,1.1191190481185913,71.7300033569336,63.40999984741211,39.974998474121094,61.58000183105469,96.05000305175781,90.26671600341797
2024-09-26,20.397859573364258,1.1131023168563843,72.08999633789062,63.52000045776367,40.290000915527344,61.619998931884766,96.33000183105469,89.44896697998047
2024-09-27,20.498884201049805,1.117717981338501,71.68000030517578,63.75,40.53499984741211,61.88999938964844,96.62999725341797,89.56294250488281
2024-09-30,20.452964782714844,1.1169815063476562,71.41000366210938,63.58000183105469,40.21500015258789,61.709999084472656,96.38999938964844,90.26712799072266
2024-10-01,20.81114387512207,1.113660216331482,71.69000244140625,63.7599983215332,40.255001068115234,62.16999816894531,96.58000183105469,89.68338775634766
2024-10-02,20.98564338684082,1.1063904762268066,71.8499984741211,63.97999954223633,40.380001068115234,62.02000045776367,96.88999938964844,89.36836242675781
2024-10-03,21.28871726989746,1.1048502922058105,71.77999877929688,63.95000076293945,40.10499954223633,61.90999984741211,96.69999694824219,88.55296325683594
2024-10-04,21.343822479248047,1.103557825088501,72.1500015258789,64.19000244140625,40.540000915527344,62.060001373291016,97.30999755859375,88.12674713134766
2024-10-07,21.637712478637695,1.0974539518356323,72.44000244140625,64.33999633789062,40.54999923706055,61.91999816894531,97.56999969482422,87.34840393066406
2024-10-08,21.132587432861328,1.0975743532180786,72.61000061035156,64.47000122070312,40.415000915527344,62.02000045776367,97.54000091552734,87.52446746826172
2024-10-09,20.948904037475586,1.0975743532180786,73.05999755859375,64.8499984741211,40.66999816894531,62.47999954223633,98.2699966430664,87.61712646484375
2024-10-10,21.36219024658203,1.0943313837051392,73.22000122070312,65.01000213623047,40.63999938964844,62.65999984741211,98.47000122070312,86.83880615234375
2024-10-11,21.38055992126465,1.0933860540390015,73.58999633789062,65.27999877929688,40.70500183105469,62.75,98.81999969482422,87.82096862792969
2024-10-14,21.0499324798584,1.0925379991531372,74.30000305175781,65.94000244140625,40.904998779296875,63.22999954223633,99.58999633789062,88.34912109375
2024-10-15,20.645830154418945,1.0909169912338257,74.2699966430664,65.5999984741211,40.8849983215332,63.56999969482422,99.41000366210938,89.41468811035156
2024-10-16,20.59072494506836,1.0884116888046265,74.4000015258789,65.5,40.974998474121094,63.619998931884766,99.36000061035156,90.3968505859375
2024-10-17,20.61827850341797,1.0862481594085693,75.26000213623047,66.0,41.185001373291016,64.0199966430664,100.23999786376953,89.68338775634766
2024-10-18,20.50806999206543,1.0829542875289917,74.97000122070312,65.91000366210938,41.06999969482422,63.869998931884766,100.0999984741211,90.35052490234375
2024-10-21,20.572359085083008,1.0868619680404663,74.75,65.7300033569336,40.70500183105469,63.59000015258789,99.73999786376953,88.58075714111328
2024-10-22,20.930538177490234,1.0817828178405762,74.83000183105469,65.72000122070312,40.65999984741211,63.38999938964844,99.83999633789062,88.71047973632812
2024-10-23,20.81114387512207,1.079727053642273,74.6500015258789,65.5199966430664,40.525001525878906,63.290000915527344,99.51000213623047,89.35909271240234
2024-10-24,20.801959991455078,1.0780508518218994,74.44000244140625,65.33000183105469,40.459999084472656,63.31999969482422,99.41999816894531,89.55367279052734
2024-10-25,20.948904037475586,1.0824151039123535,74.4000015258789,65.5,40.525001525878906,63.060001373291016,99.75,88.71047973632812
2024-10-28,20.3886775970459,1.0796570777893066,74.33999633789062,65.43000030517578,40.66999816894531,62.9900016784668,99.68000030517578,88.98845672607422
2024-10-29,20.351940155029297,1.0816774368286133,74.36000061035156,65.51000213623047,40.60499954223633,63.0099983215332,99.77999877929688,88.34912109375
2024-10-30,20.609094619750977,1.0820636749267578,73.91000366210938,65.04000091552734,40.275001525878906,62.38999938964844,99.27999877929688,88.73827362060547
2024-10-31,20.746854782104492,1.0859178304672241,72.87999725341797,63.939998626708984,39.970001220703125,62.060001373291016,97.55000305175781,87.23723602294922
2024-11-01,20.526437759399414,1.0886130332946777,73.08000183105469,64.30000305175781,40.380001068115234,62.29999923706055,98.30000305175781,86.2735824584961
2024-11-04,20.87543296813965,1.087453007698059,72.5,63.790000915527344,40.189998626708984,61.779998779296875,97.45999908447266,87.21870422363281
2024-11-05,21.004011154174805,1.0874056816101074,72.62999725341797,63.959999084472656,40.369998931884766,61.9900016784668,97.93000030517578,88.37692260742188
2024-11-06,20.7744083404541,1.093445897102356,74.8499984741211,65.68000030517578,41.084999084472656,63.540000915527344,101.0199966430664,86.49596405029297
2024-11-07,20.98564338684082,1.073306918144226,75.20999908447266,66.12000274658203,41.29499816894531,63.54999923706055,101.66999816894531,87.53372192382812
2024-11-08,20.664199829101562,1.0795172452926636,76.27999877929688,66.63999938964844,41.1349983215332,64.33000183105469,102.36000061035156,88.84019470214844
2024-11-11,20.33357048034668,1.0714898109436035,77.05999755859375,67.08999633789062,41.59000015258789,64.87000274658203,103.47000122070312,88.39544677734375
2024-11-12,20.223363876342773,1.066439151763916,76.69000244140625,67.05000305175781,41.084999084472656,64.54000091552734,103.0999984741211,87.17237091064453
2024-11-13,20.159074783325195,1.061672568321228,77.0,67.16000366210938,41.1150016784668,64.75,103.4800033569336,87.65418243408203
2024-11-14,20.140705108642578,1.0564124584197998,76.72000122070312,67.22000122070312,41.31999969482422,64.55999755859375,103.43000030517578,86.8666000366211
2024-11-15,20.03968048095703,1.0530084371566772,75.87999725341797,66.25,41.08000183105469,63.90999984741211,102.1500015258789,86.91292572021484
2024-11-18,20.498884201049805,1.0533745288848877,75.91000366210938,66.13999938964844,41.25,64.08000183105469,102.37999725341797,87.54299926757812
2024-11-19,20.563173294067383,1.059490442276001,76.05999755859375,66.0,41.04999923706055,63.86000061035156,102.2699966430664,87.96922302246094
2024-11-20,20.55398941040039,1.0607603788375854,76.27999877929688,66.22000122070312,40.970001220703125,64.0999984741211,102.37000274658203,87.85802459716797
2024-11-21,20.700937271118164,1.0546187162399292,77.26000213623047,67.05000305175781,41.47999954223633,65.01000213623047,103.72000122070312,88.50662994384766
2024-11-22,20.719303131103516,1.0469341278076172,78.08999633789062,67.94000244140625,41.959999084472656,65.9800033569336,104.88999938964844,89.17376708984375
2024-11-25,20.425413131713867,1.0479873418807983,77.55999755859375,67.80999755859375,42.025001525878906,65.63999938964844,104.68000030517578,90.41537475585938
2024-11-26,20.425413131713867,1.0444300174713135,77.9000015258789,68.01000213623047,41.654998779296875,65.83999633789062,104.80000305175781,90.77674865722656
2024-11-27,20.315204620361328,1.0491198301315308,77.16000366210938,67.48999786376953,41.349998474121094,65.87000274658203,103.94000244140625,91.3604965209961
2024-11-28,,1.0562450885772705,77.62999725341797,67.76000213623047,41.625,65.97000122070312,104.41000366210938,
2024-11-29,20.33357048034668,1.0563008785247803,77.94999694824219,68.06999969482422,41.81999969482422,66.08999633789062,104.83999633789062,90.95280456542969
2024-12-02,20.186626434326172,1.0545074939727783,78.45999908447266,68.5999984741211,42.17499923706055,66.30000305175781,105.70999908447266,89.62779235839844
2024-12-03,20.416229248046875,1.0501223802566528,78.45999908447266,68.58999633789062,42.17499923706055,66.20999908447266,105.6500015258789,89.17376708984375
2024-12-04,20.306018829345703,1.0510826110839844,78.68000030517578,68.72000122070312,41.959999084472656,66.01000213623047,105.94000244140625,88.932861328125
2024-12-05,20.278467178344727,1.051414132118225,78.91000366210938,68.43000030517578,42.03499984741211,65.75,105.83999633789062,88.7197494506836
2024-12-06,20.122337341308594,1.058559536933899,78.77999877929688,68.54000091552734,41.959999084472656,65.62999725341797,105.9000015258789,88.59002685546875
2024-12-09,20.315204620361328,1.0565463304519653,77.97000122070312,68.25,42.02000045776367,65.22000122070312,105.55000305175781,88.84019470214844
2024-12-10,20.36112403869629,1.0555204153060913,77.8499984741211,68.41999816894531,41.92499923706055,65.2699966430664,105.73999786376953,87.55225372314453
2024-12-11,20.61827850341797,1.0532968044281006,78.54000091552734,68.81999969482422,41.8849983215332,65.16000366210938,106.37000274658203,87.34840393066406
2024-12-12,20.53562355041504,1.0506850481033325,78.25,68.5199966430664,41.869998931884766,65.08999633789062,106.1500015258789,87.20942687988281
2024-12-13,20.526437759399414,1.0474056005477905,78.19000244140625,67.98999786376953,41.584999084472656,64.87000274658203,105.5999984741211,86.9592514038086
2024-12-16,20.416229248046875,1.051005244255066,78.63999938964844,68.02999877929688,41.35499954223633,64.6500015258789,105.80000305175781,86.65348052978516
2024-12-17,20.278467178344727,1.0517348051071167,78.16999816894531,67.81999969482422,41.119998931884766,64.16999816894531,105.4800033569336,86.23652648925781
2024-12-18,20.094785690307617,1.0495051145553589,78.26000213623047,68.0199966430664,41.31999969482422,64.19999694824219,105.69999694824219,82.678466796875
2024-12-19,20.094785690307617,1.0350252389907837,77.16000366210938,67.01000213623047,40.6150016784668,63.7400016784668,103.98999786376953,81.39977264404297
2024-12-20,20.223363876342773,1.0364949703216553,77.45999908447266,66.91000366210938,40.70000076293945,63.849998474121094,104.19999694824219,82.77113342285156
2024-12-23,20.238842010498047,1.0433076620101929,77.36000061035156,66.75,40.70000076293945,63.5099983215332,104.01000213623047,83.09481811523438
2024-12-24,20.354934692382812,1.0405826568603516,,,,,,83.64678955078125
2024-12-25,,1.0402579307556152,,,,,,
2024-12-26,20.296886444091797,1.0399551391601562,,,,,,83.87132263183594
2024-12-27,20.393630981445312,1.0423181056976318,77.73999786376953,67.08000183105469,41.29999923706055,63.939998626708984,104.5,83.02932739257812
2024-12-30,20.57744598388672,1.0429377555847168,77.33000183105469,66.7300033569336,41.064998626708984,63.650001525878906,103.93000030517578,82.61770629882812
2024-12-31,20.683862686157227,1.040615200996399,,,,,,83.33806610107422
2025-01-02,20.887025833129883,1.0351860523223877,78.5199966430664,67.61000061035156,41.724998474121094,64.62999725341797,105.30000305175781,82.59899139404297
2025-01-03,20.780607223510742,1.0268205404281616,78.4800033569336,67.37000274658203,41.540000915527344,64.41000366210938,105.12000274658203,83.68421173095703
2025-01-06,20.819305419921875,1.0305347442626953,78.73999786376953,67.68000030517578,41.93000030517578,63.77000045776367,105.79000091552734,82.60833740234375
2025-01-07,20.91604995727539,1.0386372804641724,78.13999938964844,67.44000244140625,41.814998626708984,63.869998931884766,105.0199966430664,81.8224868774414
2025-01-08,20.877351760864258,1.034554123878479,78.27999877929688,67.44999694824219,41.56999969482422,64.04000091552734,105.08000183105469,82.03766632080078
2025-01-09,,1.0314701795578003,78.4000015258789,67.51000213623047,41.525001525878906,64.08999633789062,105.1500015258789,
2025-01-10,21.438467025756836,1.0297601222991943,77.61000061035156,66.9800033569336,41.2400016784668,63.83000183105469,104.12000274658203,80.03559112548828
2025-01-13,21.5932559967041,1.0244431495666504,77.25,66.72000122070312,41.25,63.970001220703125,103.98999786376953,81.01791381835938
2025-01-14,21.583581924438477,1.0265253782272339,77.23999786376953,66.44999694824219,41.28499984741211,63.810001373291016,103.83000183105469,81.75699615478516
2025-01-15,21.931861877441406,1.0306835174560547,78.69999694824219,67.56999969482422,41.92499923706055,64.31999969482422,105.44999694824219,82.22476196289062
2025-01-16,21.83511734008789,1.0295268297195435,79.1500015258789,67.81999969482422,41.89500045776367,64.51000213623047,105.7699966430664,83.92745208740234
2025-01-17,21.738372802734375,1.0301949977874756,79.77999877929688,68.19999694824219,42.2599983215332,64.94000244140625,106.70999908447266,83.87132263183594
2025-01-20,,1.0277386903762817,79.44999694824219,67.6500015258789,42.209999084472656,64.31999969482422,106.16000366210938,
2025-01-21,21.631956100463867,1.0420682430267334,79.55999755859375,67.70999908447266,42.349998474121094,64.62999725341797,106.26000213623047,85.44303894042969
2025-01-22,21.612606048583984,1.0405935049057007,80.37999725341797,68.38999938964844,42.244998931884766,64.5,107.18000030517578,83.95551300048828
2025-01-23,21.53521156311035,1.0410159826278687,80.7300033569336,68.41000366210938,42.474998474121094,64.51000213623047,107.33000183105469,84.5729751586914
2025-01-24,21.544885635375977,1.041601538658142,80.43000030517578,68.08999633789062,42.34000015258789,64.19000244140625,106.8499984741211,84.86298370361328
2025-01-27,21.21595573425293,1.0467586517333984,78.11000061035156,67.27999877929688,42.290000915527344,64.80000305175781,105.12000274658203,85.9949951171875
2025-01-28,21.235305786132812,1.0445064306259155,79.11000061035156,68.08999633789062,42.43000030517578,65.36000061035156,106.4800033569336,84.95654296875
2025-01-29,21.274002075195312,1.0429050922393799,79.69999694824219,68.33000183105469,42.66999816894531,65.76000213623047,106.79000091552734,83.83390045166016
2025-01-30,21.293350219726562,1.0425245761871338,80.55999755859375,68.6500015258789,42.92499923706055,66.12999725341797,107.08000183105469,84.90042114257812
2025-01-31,21.25465202331543,1.0397279262542725,81.55000305175781,69.1500015258789,43.09000015258789,66.31999969482422,108.19000244140625,84.71330261230469
2025-02-03,21.419116973876953,1.024779200553894,80.87999725341797,68.70999908447266,42.869998931884766,66.75,107.25,84.53556060791016
2025-02-04,21.47716522216797,1.0327378511428833,81.05000305175781,68.54000091552734,42.814998626708984,66.45999908447266,107.22000122070312,84.60104370117188
2025-02-05,21.34172248840332,1.0372798442840576,81.37999725341797,68.2699966430664,42.94499969482422,66.48999786376953,106.9000015258789,85.78917694091797
2025-02-06,21.351396560668945,1.0400848388671875,82.58000183105469,69.0999984741211,43.369998931884766,67.0,108.13999938964844,86.00435638427734
2025-02-07,21.36107063293457,1.0385725498199463,82.76000213623047,68.7699966430664,43.220001220703125,66.95999908447266,107.93000030517578,85.72368621826172
2025-02-10,21.670652389526367,1.0311616659164429,83.08999633789062,69.27999877929688,43.41999816894531,67.23999786376953,108.5199966430664,85.68626403808594
2025-02-11,21.83511734008789,1.0301525592803955,82.8499984741211,69.1500015258789,43.525001525878906,67.12000274658203,108.2699966430664,86.06048583984375
2025-02-12,21.5932559967041,1.0364949703216553,82.54000091552734,68.66000366210938,43.310001373291016,66.93000030517578,107.55999755859375,85.26526641845703
2025-02-13,21.699676513671875,1.039198637008667,82.87999725341797,69.05000305175781,43.67499923706055,67.01000213623047,108.11000061035156,86.11662292480469
2025-02-14,21.7093505859375,1.0461673736572266,82.8499984741211,68.76000213623047,43.654998779296875,66.5999984741211,107.87999725341797,85.72368621826172
2025-02-17,,1.0489217042922974,83.4000015258789,69.05999755859375,43.959999084472656,66.69999694824219,108.4000015258789,
2025-02-18,22.02860450744629,1.048536777496338,83.3499984741211,69.0199966430664,44.16999816894531,66.73999786376953,108.4800033569336,86.10726928710938
2025-02-19,22.20274543762207,1.044833779335022,83.63999938964844,69.31999969482422,44.15999984741211,67.04000091552734,108.83000183105469,86.17276000976562
2025-02-20,22.231767654418945,1.0421009063720703,82.04000091552734,68.9000015258789,43.974998474121094,66.70999908447266,107.76000213623047,86.58438873291016
2025-02-21,21.92218589782715,1.0500562191009521,82.19999694824219,68.94999694824219,44.060001373291016,67.04000091552734,107.8499984741211,85.7330551147461
2025-02-24,21.844791412353516,1.0474823713302612,80.72000122070312,68.41999816894531,43.88999938964844,67.16999816894531,106.63999938964844,86.06983947753906
2025-02-25,21.60293197631836,1.0461344718933105,79.12999725341797,67.58000183105469,43.90999984741211,67.37000274658203,105.02999877929688,87.12700653076172
2025-02-26,21.419116973876953,1.0524100065231323,80.73999786376953,68.2699966430664,44.28499984741211,67.33000183105469,106.38999938964844,86.76213836669922
2025-02-27,21.44814109802246,1.0488777160644531,80.9800033569336,68.41000366210938,44.39500045776367,67.9000015258789,106.5999984741211,87.10829162597656
2025-02-28,21.283676147460938,1.039511799812317,79.97000122070312,67.62000274658203,44.04999923706055,67.70999908447266,105.43000030517578,87.8473892211914
2025-03-03,21.148235321044922,1.0413846969604492,80.30999755859375,67.88999938964844,44.404998779296875,68.2300033569336,105.73999786376953,88.25900268554688
2025-03-04,21.21595573425293,1.0485037565231323,77.0,66.04000091552734,42.994998931884766,67.48999786376953,102.25,87.23927307128906
2025-03-05,21.157909393310547,1.062699317932129,75.97000122070312,64.93000030517578,42.8849983215332,65.7300033569336,100.73999786376953,88.21222686767578
2025-03-06,21.051490783691406,1.0794938802719116,75.93000030517578,65.0199966430664,43.21500015258789,65.58999633789062,101.05999755859375,85.94822692871094
2025-03-07,21.235305786132812,1.0787951946258545,73.66999816894531,63.91999816894531,42.98500061035156,65.5999984741211,99.16999816894531,86.4627685546875
2025-03-10,21.099863052368164,1.086059331893921,72.9000015258789,63.7599983215332,42.94499969482422,66.08999633789062,98.47000122070312,85.63013458251953
2025-03-11,21.21595573425293,1.0839403867721558,71.83000183105469,62.15999984741211,41.875,64.41000366210938,96.41000366210938,84.62911987304688
2025-03-12,21.21595573425293,1.0914170742034912,72.9000015258789,62.47999954223633,42.14500045776367,64.20999908447266,97.4000015258789,84.3671646118164
2025-03-13,21.138561248779297,1.0886249542236328,72.18000030517578,61.939998626708984,42.20500183105469,64.37000274658203,96.73999786376953,82.70188903808594
2025-03-14,21.25465202331543,1.085564136505127,73.13999938964844,62.5099983215332,42.584999084472656,64.48999786376953,97.80000305175781,84.35780334472656
2025-03-17,21.399770736694336,1.0881274938583374,73.66000366210938,62.790000915527344,43.060001373291016,65.05999755859375,98.23999786376953,85.79853820800781
2025-03-18,21.351396560668945,1.091917634010315,73.20999908447266,62.459999084472656,43.20000076293945,64.94000244140625,97.87000274658203,85.3494873046875
2025-03-19,21.48683738708496,1.093948245048523,74.04000091552734,63.09000015258789,43.415000915527344,65.2699966430664,98.86000061035156,85.45237731933594
2025-03-20,21.525535583496094,1.0911908149719238,74.51000213623047,63.36000061035156,43.310001373291016,65.31999969482422,99.19000244140625,85.39625549316406
2025-03-21,21.399770736694336,1.0856702327728271,74.33999633789062,63.06999969482422,43.189998626708984,65.36000061035156,98.97000122070312,84.45135498046875
2025-03-24,21.47716522216797,1.0835762023925781,75.87999725341797,64.04000091552734,43.45000076293945,65.63999938964844,100.69999694824219,85.75175476074219
2025-03-25,21.506187438964844,1.0803569555282593,76.0,64.05999755859375,43.64500045776367,65.52999877929688,100.83000183105469,84.78960418701172
2025-03-26,21.47716522216797,1.0787487030029297,75.36000061035156,63.939998626708984,43.51499938964844,65.73999786376953,100.33999633789062,85.12039947509766
2025-03-27,21.53521156311035,1.0742061138153076,74.76000213623047,63.779998779296875,43.334999084472656,66.08999633789062,99.97000122070312,84.90301513671875
2025-03-28,21.467491149902344,1.080100178718567,73.16000366210938,62.56999969482422,42.560001373291016,65.72000122070312,97.83000183105469,84.78960418701172
2025-03-31,21.767396926879883,1.082391619682312,72.72000122070312,62.15999984741211,42.26499938964844,65.91999816894531,97.11000061035156,85.5740737915039
2025-04-01,21.777070999145508,1.0818880796432495,73.81999969482422,63.0099983215332,42.54499816894531,66.37999725341797,98.44000244140625,85.61187744140625
2025-04-02,21.912511825561523,1.0795987844467163,74.11000061035156,62.91999816894531,42.29999923706055,66.01000213623047,98.33999633789062,86.1317138671875
2025-04-03,21.032142639160156,1.090869426727295,70.30999755859375,60.0099983215332,40.435001373291016,64.80000305175781,93.5199966430664,83.1922836303711
2025-04-04,20.267866134643555,1.1043744087219238,66.26000213623047,57.70000076293945,38.39500045776367,63.09000015258789,89.05000305175781,79.58180236816406
2025-04-07,19.948610305786133,1.098454475402832,64.72000122070312,55.849998474121094,37.165000915527344,60.7599983215332,86.58000183105469,77.4930191040039
2025-04-08,19.50358772277832,1.0915361642837524,67.3499984741211,57.56999969482422,38.29499816894531,62.04999923706055,89.5199966430664,75.41368865966797
2025-04-09,20.20981788635254,1.0980443954467773,64.02999877929688,55.040000915527344,36.529998779296875,59.459999084472656,85.29000091552734,79.9126205444336
2025-04-10,19.958282470703125,1.0952062606811523,67.0,57.150001525878906,37.69499969482422,61.15999984741211,88.68000030517578,78.08847045898438
2025-04-11,20.248516082763672,1.1257838010787964,66.16000366210938,56.529998779296875,37.35499954223633,60.560001373291016,87.79000091552734,79.04307556152344
2025-04-14,20.258190155029297,1.1343141794204712,67.98999786376953,58.04999923706055,38.39500045776367,62.119998931884766,90.33999633789062,80.6781997680664
2025-04-15,20.20981788635254,1.1339668035507202,69.12999725341797,58.61000061035156,39.13999938964844,62.689998626708984,91.16999816894531,80.9239273071289
2025-04-16,20.46135139465332,1.1292672157287598,68.23999786376953,57.88999938964844,38.96500015258789,62.58000183105469,90.12999725341797,80.86720275878906
2025-04-17,20.674190521240234,1.1396790742874146,67.87999725341797,57.13999938964844,38.82500076293945,62.119998931884766,89.26000213623047,82.07701110839844
2025-04-21,20.500049591064453,,,,,,,80.36627960205078
2025-04-22,20.59679412841797,1.1512778997421265,67.18000030517578,56.70000076293945,38.935001373291016,61.650001525878906,88.5199966430664,81.92578887939453
2025-04-23,20.44200325012207,1.1351252794265747,69.6500015258789,58.220001220703125,39.86000061035156,62.5,91.25,82.07701110839844
2025-04-24,20.625816345214844,1.132733702659607,70.2699966430664,58.560001373291016,39.939998626708984,62.45000076293945,91.91999816894531,82.37946319580078
2025-04-25,20.65484046936035,1.1371906995773315,70.66999816894531,58.7400016784668,40.025001525878906,61.86000061035156,92.41000366210938,82.23768615722656
2025-04-28,20.538747787475586,1.1343141794204712,70.81999969482422,58.84000015258789,40.349998474121094,62.400001525878906,92.58000183105469,82.74806213378906
2025-04-29,20.277538299560547,1.1409143209457397,71.2699966430664,59.25,40.560001373291016,62.619998931884766,93.05999755859375,83.1922836303711
2025-04-30,19.900236129760742,1.1389262676239014,71.62999725341797,59.43000030517578,40.584999084472656,63.29999923706055,93.33999633789062,83.48529052734375
2025-05-01,19.996980667114258,1.1324899196624756,,,,,,83.7593765258789
2025-05-02,20.08405113220215,1.1296498775482178,73.76000213623047,60.83000183105469,41.01499938964844,63.68000030517578,95.62000274658203,84.78960418701172
2025-05-05,19.967958450317383,1.1323232650756836,73.79000091552734,60.90999984741211,41.20500183105469,63.93000030517578,95.73999786376953,84.6005630493164
2025-05-06,20.267866134643555,1.1313369274139404,73.38999938964844,60.58000183105469,41.150001525878906,63.900001525878906,95.30000305175781,83.94841003417969
2025-05-07,20.01633071899414,1.1342755556106567,73.23999786376953,60.29999923706055,41.029998779296875,63.97999954223633,94.81999969482422,84.04291534423828
2025-05-08,20.277538299560547,1.1306205987930298,74.4800033569336,61.189998626708984,41.55500030517578,64.11000061035156,96.37000274658203,83.71212768554688
2025-05-09,20.432329177856445,1.122422695159912,74.19999694824219,60.95000076293945,41.654998779296875,63.900001525878906,96.30999755859375,84.2697525024414
2025-05-12,20.567771911621094,1.12296462059021,76.38999938964844,62.779998779296875,42.70000076293945,64.3499984741211,99.47000122070312,84.68562316894531
2025-05-13,20.887025833129883,1.1095577478408813,77.31999969482422,63.25,42.68000030517578,63.900001525878906,100.0999984741211,83.608154296875
2025-05-14,20.780607223510742,1.1185556650161743,77.01000213623047,62.970001220703125,42.30500030517578,63.13999938964844,99.81999969482422,82.7858657836914
2025-05-15,20.57744598388672,1.1181930303573608,77.37000274658203,63.36000061035156,42.61000061035156,64.06999969482422,100.22000122070312,84.2981185913086
2025-05-16,20.500049591064453,1.1192693710327148,77.88999938964844,63.72999954223633,42.89500045776367,64.7699966430664,100.94999694824219,85.34723663330078
2025-05-19,20.471027374267578,1.1187559366226196,77.45999908447266,63.459999084472656,42.779998779296875,64.68000030517578,100.33000183105469,85.36614990234375
2025-05-20,20.732234954833984,1.1233429908752441,77.5999984741211,63.560001373291016,43.084999084472656,64.8499984741211,100.5999984741211,84.86520385742188
2025-05-21,20.70321273803711,1.1287955045700073,77.02999877929688,63.02000045776367,42.84000015258789,64.29000091552734,99.80999755859375,82.60629272460938
2025-05-22,20.59679412841797,1.133118748664856,76.36000061035156,62.279998779296875,42.494998931884766,63.97999954223633,99.0,82.22822570800781
2025-05-23,20.712886810302734,1.1281843185424805,75.69000244140625,61.61000061035156,42.05500030517578,63.689998626708984,97.94999694824219,82.31329345703125
2025-05-26,,1.1372811794281006,76.43000030517578,62.11000061035156,42.47999954223633,64.02999877929688,98.88999938964844,
2025-05-27,20.529071807861328,1.1388484239578247,77.01000213623047,62.529998779296875,42.71500015258789,64.25,99.6500015258789,83.74992370605469
2025-05-28,20.46135139465332,1.1337097883224487,77.13999938964844,62.63999938964844,42.540000915527344,64.12000274658203,99.7699966430664,83.66486358642578
2025-05-29,20.354934692382812,1.123368263244629,76.80999755859375,62.279998779296875,42.32500076293945,63.599998474121094,99.30999755859375,84.42098236083984
2025-05-30,20.20014190673828,1.1378376483917236,77.04000091552734,62.40999984741211,42.41999816894531,64.0199966430664,99.2699966430664,84.42098236083984
2025-06-02,20.625816345214844,1.1353315114974976,77.1500015258789,61.970001220703125,42.189998626708984,63.709999084472656,98.80000305175781,84.5344009399414
2025-06-03,20.76125717163086,1.1453442573547363,77.69000244140625,62.66999816894531,42.57500076293945,63.959999084472656,100.05999755859375,84.36427307128906
2025-06-04,20.683862686157227,1.1384464502334595,77.77999877929688,62.93000030517578,42.51499938964844,63.900001525878906,100.05000305175781,84.6005630493164
2025-06-05,20.780607223510742,1.1422044038772583,77.87999725341797,62.93000030517578,42.52000045776367,63.560001373291016,100.16999816894531,84.5344009399414
2025-06-06,20.945072174072266,1.1453834772109985,77.83999633789062,63.22999954223633,42.85499954223633,63.880001068115234,100.48999786376953,84.9408187866211
2025-06-09,20.964420318603516,1.1407841444015503,77.30999755859375,63.09000015258789,42.915000915527344,63.5,100.44999694824219,85.0542221069336
2025-06-10,20.91604995727539,1.1428048610687256,76.61000061035156,63.20000076293945,43.005001068115234,63.45000076293945,100.51000213623047,85.78201293945312
2025-06-11,21.25465202331543,1.143746018409729,76.91000366210938,63.130001068115234,42.90999984741211,63.119998931884766,100.43000030517578,85.31888580322266
2025-06-12,21.25465202331543,1.1509333848953247,76.37000274658203,62.5099983215332,42.595001220703125,62.83000183105469,99.58999633789062,85.73474884033203
2025-06-13,21.912511825561523,1.1600254774093628,76.2300033569336,62.08000183105469,42.439998626708984,62.970001220703125,99.22000122070312,84.90301513671875
2025-06-16,21.8641414642334,1.1556684970855713,76.66999816894531,62.220001220703125,42.625,62.68000030517578,99.5999984741211,84.96917724609375
2025-06-17,22.328510284423828,1.1551345586776733,76.36000061035156,62.099998474121094,42.415000915527344,62.529998779296875,99.37999725341797,84.66673278808594
2025-06-18,22.38655662536621,1.1482638120651245,76.41999816894531,61.869998931884766,42.474998474121094,62.45000076293945,99.33000183105469,84.959716796875
2025-06-19,,1.1477497816085815,75.88999938964844,61.36000061035156,42.22999954223633,62.34000015258789,98.56999969482422,
2025-06-20,22.50265121459961,1.1512778997421265,76.18000030517578,61.31999969482422,42.22999954223633,62.40999984741211,98.83000183105469,84.90301513671875
2025-06-23,21.670652389526367,1.1500862836837769,76.12999725341797,61.380001068115234,42.01499938964844,62.34000015258789,98.6500015258789,86.17896270751953
2025-06-24,21.148235321044922,1.1599044799804688,76.9000015258789,61.84000015258789,42.43000030517578,62.380001068115234,99.56999969482422,86.40579986572266
2025-06-25,21.119211196899414,1.161224365234375,76.68000030517578,61.880001068115234,42.19499969482422,61.95000076293945,99.45999908447266,84.32646942138672
2025-06-26,21.196605682373047,1.1683744192123413,76.76000213623047,61.689998626708984,42.310001373291016,61.63999938964844,99.5199966430664,84.24819946289062
2025-06-27,21.090187072753906,1.1692214012145996,77.16999816894531,62.279998779296875,42.775001525878906,62.02000045776367,100.37000274658203,84.45819091796875
2025-06-30,21.099863052368164,1.1727453470230103,77.25,62.13999938964844,42.619998931884766,62.060001373291016,100.1500015258789,85.0022201538086
2025-07-01,21.21595573425293,1.178717017173767,76.41999816894531,62.36000061035156,42.70000076293945,62.400001525878906,100.0,85.62259674072266
2025-07-02,21.564233779907227,1.180553913116455,75.91999816894531,62.27000045776367,42.814998626708984,61.810001373291016,100.2300033569336,85.82302856445312
2025-07-03,21.5545597076416,1.18002450466156,76.86000061035156,62.86000061035156,43.17499923706055,62.209999084472656,101.2300033569336,85.91847229003906
2025-07-04,,1.1771491765975952,76.51000213623047,62.4900016784668,42.83000183105469,62.02000045776367,100.56999969482422,
2025-07-07,21.53521156311035,1.178078293800354,77.06999969482422,62.619998931884766,42.755001068115234,62.27000045776367,100.87999725341797,85.18354797363281
2025-07-08,21.60293197631836,1.1736538410186768,76.7300033569336,62.709999084472656,43.01499938964844,62.130001068115234,100.87999725341797,85.05948638916016
2025-07-09,21.564233779907227,1.1724566221237183,77.11000061035156,62.849998474121094,43.1150016784668,62.04999923706055,101.22000122070312,85.12628936767578
2025-07-10,21.496511459350586,1.17311692237854,77.02999877929688,63.36000061035156,43.41999816894531,62.279998779296875,101.95999908447266,85.66077423095703
2025-07-11,21.777070999145508,1.1702749729156494,76.5,62.880001068115234,42.89500045776367,61.66999816894531,101.31999969482422,85.67031860351562
2025-07-14,21.5932559967041,1.1682106256484985,77.16999816894531,62.90999984741211,42.869998931884766,61.91999816894531,101.45999908447266,86.22389221191406
2025-07-15,21.5545597076416,1.1666297912597656,77.16999816894531,63.189998626708984,42.83000183105469,61.790000915527344,102.05999755859375,84.95449829101562
2025-07-16,21.583581924438477,1.1607391834259033,76.75,62.470001220703125,42.2599983215332,61.47999954223633,100.58999633789062,85.7562255859375
2025-07-17,21.757720947265625,1.1635754108428955,77.83000183105469,63.380001068115234,42.89500045776367,62.18000030517578,102.5199966430664,85.66077423095703
2025-07-18,21.796419143676758,1.161548137664795,77.56999969482422,63.06999969482422,42.75,62.0099983215332,102.22000122070312,85.84212493896484
2025-07-21,21.748046875,1.1630746126174927,77.58999633789062,63.040000915527344,42.904998779296875,61.83000183105469,102.33000183105469,86.19526672363281
2025-07-22,21.7093505859375,1.1694538593292236,76.7300033569336,62.7400016784668,42.810001373291016,61.83000183105469,101.62999725341797,87.67463684082031
2025-07-23,21.651302337646484,1.1739156246185303,77.19999694824219,63.16999816894531,43.63999938964844,62.08000183105469,102.5199966430664,87.84644317626953
2025-07-24,21.670652389526367,1.1774264574050903,77.37999725341797,63.279998779296875,43.595001220703125,62.150001525878906,102.73999786376953,87.54102325439453
2025-07-25,21.44814109802246,1.1756131649017334,77.58999633789062,63.459999084472656,43.345001220703125,62.150001525878906,102.94999694824219,87.5505599975586
2025-07-28,21.670652389526367,1.1756821870803833,77.86000061035156,64.0,43.505001068115234,62.369998931884766,103.81999969482422,86.14753723144531
2025-07-29,21.951210021972656,1.1596757173538208,78.44000244140625,64.0999984741211,43.73500061035156,62.810001373291016,104.25,87.5314712524414
2025-07-30,21.9028377532959,1.1550945043563843,78.9800033569336,64.2699966430664,43.869998931884766,62.959999084472656,104.70999908447266,86.29070281982422
2025-07-31,21.719024658203125,1.1429355144500732,79.25,64.30999755859375,43.63999938964844,62.849998474121094,104.93000030517578,85.07857513427734
2025-08-01,21.370746612548828,1.142374038696289,77.61000061035156,62.52000045776367,42.744998931884766,62.13999938964844,101.8499984741211,84.86859130859375
2025-08-04,21.293350219726562,1.158668041229248,78.56999969482422,63.33000183105469,43.209999084472656,62.5099983215332,103.01000213623047,85.73712921142578
2025-08-05,21.10953712463379,1.1584129333496094,78.45999908447266,63.150001525878906,43.275001525878906,62.5,102.77999877929688,86.12845611572266
2025-08-06,21.06116485595703,1.1579166650772095,78.87999725341797,63.209999084472656,43.38999938964844,62.33000183105469,103.04000091552734,85.4603500366211
2025-08-07,21.12888526916504,1.1663167476654053,78.91000366210938,63.13999938964844,43.525001525878906,62.04999923706055,103.26000213623047,85.70849609375
2025-08-08,21.12888526916504,1.1676650047302246,79.0199966430664,63.27000045776367,44.084999084472656,62.18000030517578,103.56999969482422,85.0022201538086
2025-08-11,21.157909393310547,1.1647952795028687,79.51000213623047,63.619998931884766,44.345001220703125,62.4900016784668,104.18000030517578,84.43909454345703
2025-08-12,21.07084083557129,1.1618449687957764,79.29000091552734,63.650001525878906,44.67499923706055,62.15999984741211,104.19999694824219,84.91632080078125
2025-08-13,21.04181671142578,1.1677058935165405,79.02999877929688,63.849998474121094,44.779998779296875,62.31999969482422,104.33999633789062,85.70849609375
2025-08-14,21.12888526916504,1.171289324760437,79.55999755859375,64.2300033569336,44.94499969482422,62.54999923706055,104.83999633789062,85.09766387939453
2025-08-15,21.06116485595703,1.1651345491409302,,,,,,85.58441925048828
2025-08-18,21.080514907836914,1.1706587076187134,79.33999633789062,64.11000061035156,45.18000030517578,62.75,104.75,84.85906219482422
2025-08-19,20.91604995727539,1.1668338775634766,79.06999969482422,64.16000366210938,45.45500183105469,63.08000183105469,104.7300033569336,86.31934356689453
2025-08-20,21.148235321044922,1.164252758026123,78.91999816894531,63.95000076293945,45.28499984741211,63.529998779296875,104.1500015258789,86.56748962402344
2025-08-21,21.274002075195312,1.165175199508667,79.31999969482422,64.1500015258789,45.310001373291016,63.650001525878906,104.55000305175781,86.30979919433594
2025-08-22,21.36107063293457,1.16130530834198,79.31999969482422,64.43000030517578,45.75,63.33000183105469,105.0999984741211,87.98006439208984
2025-08-25,21.467491149902344,1.1709601879119873,78.9000015258789,64.41000366210938,45.52000045776367,62.86000061035156,105.04000091552734,87.47421264648438
2025-08-26,21.30302619934082,1.1618449687957764,78.91000366210938,64.27999877929688,45.30500030517578,62.66999816894531,104.80999755859375,87.24515533447266
2025-08-27,21.32237434387207,1.1639411449432373,79.26000213623047,64.77999877929688,45.400001525878906,63.08000183105469,105.58999633789062,87.78917694091797
2025-08-28,21.457815170288086,1.1647952795028687,79.11000061035156,64.41000366210938,45.369998931884766,62.650001525878906,105.36000061035156,87.56010437011719
2025-08-29,21.48683738708496,1.1681560277938843,78.37999725341797,64.08000183105469,45.1150016784668,62.56999969482422,104.5999984741211,88.0373306274414
2025-09-01,,1.1691803932189941,78.66000366210938,64.19000244140625,45.290000915527344,62.900001525878906,104.86000061035156,
2025-09-02,21.83511734008789,1.1715912818908691,77.95999908447266,63.4900016784668,44.85499954223633,62.75,103.70999908447266,86.57704162597656
2025-09-03,21.641630172729492,1.163602590560913,78.22000122070312,63.95000076293945,44.880001068115234,62.599998474121094,104.4000015258789,86.62476348876953
2025-09-04,21.48683738708496,1.16604483127594,78.86000061035156,64.5999984741211,45.3650016784668,63.040000915527344,105.26000213623047,87.27377319335938
2025-09-05,21.312700271606445,1.1656913757324219,78.16000366210938,63.959999084472656,45.290000915527344,62.540000915527344,104.55000305175781,88.25685119628906
2025-09-08,21.457815170288086,1.1713168621063232,79.33999633789062,64.19999694824219,45.57500076293945,62.43000030517578,105.19000244140625,87.74144744873047
2025-09-09,21.51586151123047,1.1769136190414429,79.41000366210938,64.20999908447266,45.61000061035156,62.599998474121094,105.22000122070312,87.54102325439453
2025-09-10,21.66097640991211,1.1702749729156494,81.05000305175781,64.20999908447266,45.66999816894531,62.380001068115234,105.79000091552734,87.39785766601562
2025-09-11,21.496511459350586,1.1703435182571411,81.31999969482422,64.7300033569336,46.209999084472656,62.93000030517578,106.47000122070312,88.99176788330078
2025-09-12,21.62228012084961,1.1734747886657715,81.19999694824219,64.69999694824219,45.994998931884766,62.810001373291016,106.51000213623047,88.58135986328125
2025-09-15,21.815767288208008,1.1726491451263428,81.2699966430664,64.68000030517578,46.0,62.36000061035156,106.62999725341797,88.43819427490234
2025-09-16,22.038280487060547,1.1763737201690674,80.2300033569336,64.23999786376953,45.599998474121094,61.66999816894531,105.76000213623047,87.97052001953125
2025-09-17,21.806095123291016,1.1871408224105835,79.91999816894531,64.30000305175781,45.79999923706055,61.88999938964844,105.68000030517578,87.85599517822266
2025-09-18,21.7093505859375,1.1826341152191162,80.87999725341797,65.13999938964844,46.349998474121094,62.08000183105469,106.87000274658203,88.04686737060547
2025-09-19,21.53521156311035,1.1791062355041504,81.0199966430664,65.05999755859375,46.189998626708984,62.060001373291016,106.93000030517578,87.47421264648438
2025-09-22,21.53521156311035,1.1736950874328613,81.12000274658203,65.27999877929688,46.13999938964844,61.83000183105469,107.19000244140625,87.49329376220703
2025-09-23,21.757720947265625,1.1801080703735352,81.19999694824219,65.36000061035156,46.369998931884766,61.810001373291016,107.27999877929688,87.97052001953125
2025-09-24,21.9028377532959,1.1814465522766113,81.33000183105469,65.26000213623047,46.33000183105469,62.15999984741211,107.08000183105469,87.1052474975586
2025-09-25,22.057626724243164,1.1744670867919922,81.04000091552734,65.13999938964844,46.30500030517578,62.119998931884766,106.97000122070312,86.84508514404297
2025-09-26,22.067302703857422,1.166275978088379,81.26000213623047,65.26000213623047,46.54999923706055,62.33000183105469,107.08000183105469,87.70265197753906
2025-09-29,21.88348960876465,1.170823097229004,81.56999969482422,65.4800033569336,46.435001373291016,62.33000183105469,107.37000274658203,87.73155975341797
2025-09-30,21.796419143676758,1.1731443405151367,81.66999816894531,65.55999755859375,46.380001068115234,62.47999954223633,107.2300033569336,88.08806610107422
2025-10-01,21.757720947265625,1.1735849380493164,82.01000213623047,66.06999969482422,46.89500045776367,62.75,108.04000091552734,88.22296905517578
2025-10-02,21.612606048583984,1.1734058856964111,81.93000030517578,66.45999908447266,46.959999084472656,62.599998474121094,108.41000366210938,87.76045989990234
2025-10-03,21.680326461791992,1.1725116968154907,81.94999694824219,66.66999816894531,47.4900016784668,62.849998474121094,108.87000274658203,88.08806610107422
2025-10-06,21.9028377532959,1.171248197555542,81.94999694824219,66.93000030517578,47.630001068115234,62.77000045776367,109.23999786376953,87.25941467285156
2025-10-07,21.989906311035156,1.171028733253479,81.75,66.87999725341797,47.345001220703125,63.02000045776367,109.06999969482422,86.94144439697266
2025-10-08,22.018930435180664,1.1654603481292725,82.8499984741211,67.36000061035156,47.665000915527344,63.29999923706055,110.01000213623047,86.48857116699219
2025-10-09,21.815767288208008,1.1631964445114136,82.94999694824219,67.23999786376953,47.5099983215332,63.43000030517578,110.06999969482422,86.01643371582031
2025-10-10,21.351396560668945,1.156644344329834,81.69999694824219,66.01000213623047,46.375,62.849998474121094,107.91999816894531,84.91798400878906
2025-10-13,21.62228012084961,1.160240888595581,82.31999969482422,66.31999969482422,46.77000045776367,62.900001525878906,108.76000213623047,85.45757293701172
2025-10-14,21.380420684814453,1.1566845178604126,82.19999694824219,66.01000213623047,46.689998626708984,62.939998626708984,108.22000122070312,86.33440399169922
2025-10-15,21.457815170288086,1.1602274179458618,82.55999755859375,66.41000366210938,47.099998474121094,63.220001220703125,108.91999816894531,87.58702850341797
2025-10-16,21.419116973876953,1.1646324396133423,82.30000305175781,66.1500015258789,47.27000045776367,62.59000015258789,108.83000183105469,87.2786865234375
2025-10-17,21.399770736694336,1.1699601411819458,80.77999877929688,65.69999694824219,46.95000076293945,62.529998779296875,107.69000244140625,87.8471908569336
2025-10-20,21.612606048583984,1.165745735168457,82.08000183105469,66.76000213623047,47.6349983215332,62.939998626708984,109.51000213623047,88.73365020751953
2025-10-21,21.390094757080078,1.164442539215088,81.87999725341797,67.16000366210938,47.80500030517578,63.29999923706055,109.94000244140625,88.4831314086914
2025-10-22,21.728696823120117,1.160038948059082,80.9000015258789,66.80000305175781,47.564998626708984,63.5099983215332,109.30999755859375,88.85891723632812
2025-10-23,22.096324920654297,1.1608469486236572,81.7300033569336,67.0199966430664,47.709999084472656,63.06999969482422,109.77999877929688,88.80110931396484
2025-10-24,22.106000900268555,1.1618045568466187,,,,,,89.06127166748047
2025-10-27,22.057626724243164,1.1631693840026855,82.75,67.76000213623047,48.52000045776367,62.90999984741211,111.36000061035156,89.31178283691406
2025-10-28,21.85446548461914,1.165175199508667,82.88999938964844,67.70999908447266,48.67499923706055,62.83000183105469,111.55999755859375,87.55812072753906
2025-10-29,21.970558166503906,1.1657865047454834,83.2300033569336,67.81999969482422,48.81999969482422,61.9900016784668,111.7699966430664,85.30340576171875
2025-10-30,21.98023223876953,1.1603351831436157,83.41000366210938,68.0199966430664,48.8650016784668,62.439998626708984,111.93000030517578,85.70809936523438
2025-10-31,22.13502311706543,1.157246708869934,83.30999755859375,67.58000183105469,48.76499938964844,62.220001220703125,111.81999969482422,85.92971801757812
2025-11-03,22.299488067626953,1.1528042554855347,83.33999633789062,67.52999877929688,48.935001373291016,61.86000061035156,111.94999694824219,85.80445861816406
2025-11-04,22.144697189331055,1.1519144773483276,82.93000030517578,67.41000366210938,48.69499969482422,62.119998931884766,111.54000091552734,85.94898223876953
2025-11-05,22.076976776123047,1.1485539674758911,83.01000213623047,67.58000183105469,48.9900016784668,62.400001525878906,111.75,86.02606201171875
2025-11-06,22.106000900268555,1.1496764421463013,81.97000122070312,66.66000366210938,48.7400016784668,61.90999984741211,110.22000122070312,85.61173248291016
2025-11-07,22.15437126159668,1.1549211740493774,80.73999786376953,65.80999755859375,48.31999969482422,62.040000915527344,108.7300033569336,86.94144439697266
2025-11-10,22.39623260498047,1.1543878316879272,82.94000244140625,66.97000122070312,49.095001220703125,62.189998626708984,110.93000030517578,86.89325714111328
2025-11-11,22.54134750366211,1.1557220220565796,82.83000183105469,67.30000305175781,49.310001373291016,62.7599983215332,111.33999633789062,87.86646270751953
2025-11-12,22.289813995361328,1.1587486267089844,83.33999633789062,67.66000366210938,49.959999084472656,63.119998931884766,111.95999908447266,87.21124267578125
2025-11-13,22.173721313476562,1.159218668937683,81.98999786376953,67.05999755859375,49.599998474121094,63.06999969482422,110.5199966430664,86.14168548583984
2025-11-14,22.222091674804688,1.1631964445114136,81.75,66.94000244140625,49.57500076293945,62.9900016784668,110.2300033569336,86.32476043701172
2025-11-17,22.193069458007812,1.1615345478057861,81.51000213623047,66.6500015258789,49.14500045776367,63.02000045776367,109.7699966430664,85.61173248291016
2025-11-18,22.376882553100586,1.159057378768921,80.5,65.87999725341797,48.09000015258789,62.709999084472656,108.29000091552734,85.9586181640625
2025-11-19,22.15437126159668,1.1581177711486816,80.47000122070312,66.16999816894531,48.14500045776367,62.529998779296875,108.58000183105469,85.28412628173828
2025-11-20,21.94153594970703,1.154068112373352,81.13999938964844,66.70999908447266,48.10499954223633,62.65999984741211,109.26000213623047,84.9276123046875
2025-11-21,21.796419143676758,1.1534557342529297,79.25,66.27999877929688,48.05500030517578,63.18000030517578,108.12999725341797,86.30550384521484
2025-11-24,21.9028377532959,1.1507612466812134,80.44999694824219,66.83999633789062,48.70000076293945,63.130001068115234,109.55000305175781,86.53675079345703
2025-11-25,21.786745071411133,1.1520073413848877,80.25,66.98999786376953,49.005001068115234,63.29999923706055,109.79000091552734,87.33650207519531
2025-11-26,22.018930435180664,1.156483769416809,82.11000061035156,67.79000091552734,49.540000915527344,63.47999954223633,111.08999633789062,87.72191619873047
2025-11-27,,1.1602139472961426,82.16000366210938,67.69999694824219,49.46500015258789,63.38999938964844,111.01000213623047,
2025-11-28,22.309162139892578,1.1599851846694946,82.5199966430664,67.87999725341797,49.82500076293945,63.540000915527344,111.43000030517578,88.010986328125
2025-12-01,22.367210388183594,1.1601465940475464,81.77999877929688,67.76000213623047,49.689998626708984,63.15999984741211,111.0,86.99925994873047
2025-12-02,22.270465850830078,1.1607661247253418,81.9800033569336,67.72000122070312,49.83000183105469,62.790000915527344,111.04000091552734,86.69091796875
2025-12-03,22.376882553100586,1.1627906560897827,81.91000366210938,67.81999969482422,49.900001525878906,62.56999969482422,111.02999877929688,86.91253662109375
2025-12-04,22.4349308013916,1.1666841506958008,82.72000122070312,67.95999908447266,50.13999938964844,62.599998474121094,111.30999755859375,86.7005615234375
2025-12-05,22.570371627807617,1.1642799377441406,82.81999969482422,68.2699966430664,50.29999923706055,62.650001525878906,111.69999694824219,86.60419464111328
2025-12-08,22.289813995361328,1.164022445678711,83.55000305175781,67.97000122070312,50.290000915527344,62.36000061035156,111.51000213623047,85.93934631347656
2025-12-09,22.24144172668457,1.1641442775726318,83.94999694824219,67.91000366210938,50.47999954223633,62.2599983215332,111.62000274658203,85.61173248291016
2025-12-10,22.376882553100586,1.1628313064575195,83.81999969482422,67.7699966430664,50.58000183105469,62.060001373291016,111.37000274658203,85.92007446289062
2025-12-11,22.357534408569336,1.1701242923736572,83.08999633789062,67.68000030517578,50.779998779296875,62.09000015258789,110.95999908447266,86.29586029052734
2025-12-12,22.173721313476562,1.1739431619644165,81.8499984741211,67.61000061035156,50.52000045776367,62.119998931884766,110.33999633789062,86.18987274169922
2025-12-15,22.067302703857422,1.1737639904022217,82.04000091552734,67.66999816894531,50.68000030517578,62.2400016784668,110.4800033569336,86.45967102050781
2025-12-16,21.844791412353516,1.1754610538482666,81.08000183105469,67.16000366210938,50.29999923706055,61.959999084472656,109.73999786376953,85.82371520996094
2025-12-17,22.106000900268555,1.1749500036239624,80.1500015258789,66.97000122070312,50.08000183105469,62.099998474121094,109.25,86.14168548583984
2025-12-18,21.951210021972656,1.1742326021194458,81.58000183105469,67.66000366210938,50.61000061035156,62.439998626708984,110.43000030517578,85.6888198852539
2025-12-19,22.106000900268555,1.1725666522979736,82.7300033569336,67.87999725341797,50.93000030517578,62.470001220703125,110.94999694824219,85.36121368408203
2025-12-22,22.389999389648438,1.1708093881607056,83.18000030517578,68.01000213623047,50.869998931884766,62.27000045776367,111.18000030517578,85.79975128173828
2025-12-23,22.639999389648438,1.1765950918197632,83.45999908447266,68.11000061035156,50.90999984741211,62.34000015258789,111.4000015258789,85.74140167236328
2025-12-24,22.6299991607666,1.179551362991333,,,,,,86.30536651611328
2025-12-26,22.700000762939453,1.1785364151000977,,,,,,86.40259552001953
2025-12-29,22.489999771118164,1.1772738695144653,83.20999908447266,68.18000030517578,51.119998931884766,62.650001525878906,111.54000091552734,86.57762145996094
2025-12-30,22.639999389648438,1.1772878170013428,83.55000305175781,68.33999633789062,51.38999938964844,62.650001525878906,111.80999755859375,86.75264739990234
2025-12-31,22.360000610351562,1.1747292280197144,,,,,,86.04283142089844
2026-01-02,22.389999389648438,1.175046682357788,83.4000015258789,68.05999755859375,51.65999984741211,62.13999938964844,111.3499984741211,86.0719985961914
2026-01-05,22.809999465942383,1.1704667806625366,84.97000122070312,69.20999908447266,52.13999938964844,62.2400016784668,112.70999908447266,86.26647186279297
2026-01-06,22.799999237060547,1.1714951992034912,85.23999786376953,69.51000213623047,52.599998474121094,62.29999923706055,113.12000274658203,86.89849090576172
2026-01-07,22.59000015258789,1.1688251495361328,85.62999725341797,69.66000366210938,52.54999923706055,62.61000061035156,113.45999908447266,86.05255126953125
2026-01-08,22.8799991607666,1.1676785945892334,84.72000122070312,69.63999938964844,52.470001220703125,62.970001220703125,113.27999877929688,86.8207015991211
2026-01-09,22.899999618530273,1.1657865047454834,85.87000274658203,70.30000305175781,53.09000015258789,63.13999938964844,114.19999694824219,86.99573516845703
2026-01-12,23.190000534057617,1.1623716354370117,86.05000305175781,70.16000366210938,53.06999969482422,63.060001373291016,114.18000030517578,87.1124038696289
2026-01-13,23.3700008392334,1.1666978597640991,86.73999786376953,70.01000213623047,53.150001525878906,62.86000061035156,114.31999969482422,87.59857940673828
2026-01-14,23.389999389648438,1.164252758026123,85.63999938964844,69.8499984741211,53.36000061035156,63.02000045776367,113.68000030517578,88.35701751708984
2026-01-15,23.200000762939453,1.1646324396133423,87.27999877929688,70.68000030517578,53.880001068115234,63.5,114.94999694824219,88.96959686279297
2026-01-16,23.15999984741211,1.1609008312225342,87.18000030517578,70.66000366210938,53.689998626708984,63.22999954223633,114.77999877929688,90.0586166381836
2026-01-19,,1.162493348121643,86.05999755859375,69.66999816894531,53.150001525878906,62.849998474121094,113.12000274658203,
2026-01-20,23.479999542236328,1.1639139652252197,85.47000122070312,69.12000274658203,52.810001373291016,62.29999923706055,112.16000366210938,88.38618469238281
2026-01-21,23.75,1.1727865934371948,85.44000244140625,69.29000091552734,53.40999984741211,62.31999969482422,112.2699966430664,88.7362289428711
2026-01-22,23.739999771118164,1.1672970056533813,85.33000183105469,69.66999816894531,53.869998931884766,62.45000076293945,113.0199966430664,87.86111450195312
2026-01-23,24.18000030517578,1.1754610538482666,85.05999755859375,69.6500015258789,53.290000915527344,62.38999938964844,112.76000213623047,88.03614044189453
2026-01-26,24.290000915527344,1.1858457326889038,84.88999938964844,69.41999816894531,53.040000915527344,62.33000183105469,112.33999633789062,87.9194564819336
2026-01-27,24.6200008392334,1.1876484155654907,85.45999908447266,69.44999694824219,53.220001220703125,61.84000015258789,112.19999694824219,87.89028930664062
2026-01-28,24.940000534057617,1.2017642259597778,85.66000366210938,69.41000366210938,53.61000061035156,62.0,112.30999755859375,86.98600769042969
2026-01-29,25.299999237060547,1.1977769136428833,84.37000274658203,69.12999725341797,53.52000045776367,61.7400016784668,111.41000366210938,88.2014389038086
2026-01-30,24.43000030517578,1.19657301902771,84.7300033569336,69.37999725341797,54.11000061035156,61.95000076293945,112.19000244140625,88.28895568847656
2026-02-02,23.540000915527344,1.1849182844161987,85.48999786376953,70.19999694824219,54.869998931884766,62.93000030517578,113.44000244140625,87.37494659423828
2026-02-03,24.149999618530273,1.1798714399337769,85.31999969482422,69.7699966430664,55.189998626708984,62.81999969482422,112.94999694824219,87.18047332763672
2026-02-04,24.190000534057617,1.1816140413284302,83.22000122070312,69.80999755859375,55.439998626708984,63.349998474121094,112.69999694824219,88.43479919433594
2026-02-05,23.760000228881836,1.180163860321045,82.23999786376953,69.26000213623047,54.86000061035156,63.70000076293945,111.5199966430664,88.30839538574219
2026-02-06,24.010000228881836,1.177786946296692,84.0,69.91999816894531,55.709999084472656,63.560001373291016,112.62999725341797,89.69884490966797
2026-02-09,24.25,1.182578206062317,85.83000183105469,70.02999877929688,55.790000915527344,63.43000030517578,113.23999786376953,90.07806396484375
2026-02-10,24.139999389648438,1.1904053688049316,85.62999725341797,70.06999969482422,55.9900016784668,63.52000045776367,113.44000244140625,91.28376770019531
2026-02-11,24.3700008392334,1.1889617443084717,85.44000244140625,70.23999786376953,56.540000915527344,63.720001220703125,113.44999694824219,90.77815246582031
2026-02-12,23.799999237060547,1.1876062154769897,84.06999969482422,69.61000061035156,56.02000045776367,63.95000076293945,112.37999725341797,90.67119598388672
2026-02-13,23.8799991607666,1.1868449449539185,84.05000305175781,69.73999786376953,56.060001373291016,63.91999816894531,112.27999877929688,91.97412872314453
2026-02-16,,1.1867464780807495,84.04000091552734,69.62000274658203,55.779998779296875,64.29000091552734,112.04000091552734,
2026-02-17,23.59000015258789,1.1849884986877441,84.4800033569336,69.87000274658203,56.04999923706055,64.04000091552734,112.27999877929688,92.8492431640625
2026-02-18,24.209999084472656,1.185185194015503,86.0,70.54000091552734,56.58000183105469,63.970001220703125,113.5199966430664,91.76022338867188
2026-02-19,24.43000030517578,1.1788839101791382,85.63999938964844,70.30000305175781,56.439998626708984,64.2699966430664,113.43000030517578,91.56574249267578
2026-02-20,24.600000381469727,1.1769136190414429,86.30999755859375,70.5999984741211,56.459999084472656,64.27999877929688,113.70999908447266,92.25611114501953
2026-02-23,24.75,1.1834739446640015,85.2699966430664,70.22000122070312,56.20000076293945,64.37999725341797,112.91999816894531,92.26583862304688
2026-02-24,24.719999313354492,1.1793843507766724,85.41999816894531,70.58000183105469,56.36000061035156,64.48999786376953,113.4000015258789,92.49920654296875
2026-02-25,24.75,1.1775233745574951,86.75,71.08000183105469,56.7599983215332,64.44999694824219,114.22000122070312,92.24639892578125
2026-02-26,24.760000228881836,1.181516408920288,86.29000091552734,70.83999633789062,56.619998931884766,64.69999694824219,114.04000091552734,92.87841796875
2026-02-27,25.100000381469727,1.1803030967712402,85.5999984741211,70.73999786376953,56.63999938964844,65.12999725341797,113.58000183105469,93.04371643066406
2026-03-02,25.809999465942383,1.1759449243545532,85.54000091552734,70.94999694824219,56.2400016784668,65.58000183105469,113.88999938964844,93.2770767211914
2026-03-03,25.90999984741211,1.1697274446487427,83.29000091552734,70.26000213623047,54.68000030517578,65.19000244140625,112.62000274658203,92.78118133544922
2026-03-04,26.139999389648438,1.161224365234375,84.6500015258789,70.91999816894531,55.58000183105469,65.41999816894531,113.87000274658203,92.89785766601562
2026-03-05,26.520000457763672,1.1635618209838867,83.41999816894531,70.30000305175781,54.95000076293945,65.18000030517578,113.25,91.96441650390625
2026-03-06,27.510000228881836,1.1608065366744995,,,,,,90.96289825439453
2026-03-09,27.139999389648438,1.152325987815857,81.9000015258789,69.1500015258789,53.720001220703125,65.01000213623047,111.5199966430664,91.16709899902344
2026-03-10,27.600000381469727,1.1617234945297241,84.38999938964844,70.0,55.11000061035156,65.0,113.01000213623047,91.03096008300781
2026-03-11,28.1299991607666,1.1611299514770508,84.01000213623047,69.72000122070312,54.88999938964844,64.58000183105469,112.61000061035156,90.0877914428711
2026-03-12,28.860000610351562,1.1543211936950684,83.06999969482422,69.38999938964844,54.439998626708984,64.95999908447266,112.02999877929688,89.46549224853516
2026-03-13,28.709999084472656,1.1521666049957275,82.7300033569336,69.25,54.65999984741211,65.27999877929688,111.88999938964844,89.61134338378906
2026-03-16,28.309999465942383,1.1435105800628662,83.44000244140625,69.37999725341797,55.060001373291016,65.25,112.16000366210938,90.36004638671875
2026-03-17,28.760000228881836,1.1499539613723755,83.68000030517578,69.4800033569336,55.369998931884766,65.25,112.41000366210938,90.75870513916016
2026-03-18,29.270000457763672,1.153948187828064,83.94000244140625,68.94000244140625,55.349998474121094,64.55999755859375,111.69999694824219,89.4168701171875
2026-03-19,28.84000015258789,1.1464471817016602,82.08000183105469,67.88999938964844,54.279998779296875,63.84000015258789,109.8499984741211,89.05709075927734
2026-03-20,28.940000534057617,1.157755732536316,80.8499984741211,67.30999755859375,53.560001373291016,63.220001220703125,108.73999786376953,86.29564666748047
2026-03-23,27.75,1.1560158729553223,81.38999938964844,67.68000030517578,53.40999984741211,63.099998474121094,109.1500015258789,86.96656036376953
2026-03-24,28.239999771118164,1.1607122421264648,81.54000091552734,67.7699966430664,53.84000015258789,63.209999084472656,109.25,86.39264678955078
2026-03-25,28.170000076293945,1.16146719455719,82.80999755859375,68.20999908447266,54.540000915527344,63.290000915527344,110.1500015258789,86.32384490966797
2026-03-26,28.440000534057617,1.1561496257781982,80.80999755859375,67.44000244140625,54.06999969482422,63.400001525878906,108.98999786376953,86.20591735839844
2026-03-27,29.100000381469727,1.1535090208053589,79.66999816894531,66.58000183105469,53.52000045776367,63.02000045776367,107.5,85.49834442138672
2026-03-30,29.260000228881836,1.149200677871704,79.38999938964844,66.94999694824219,53.58000183105469,63.779998779296875,108.2300033569336,85.82264709472656
2026-03-31,28.950000762939453,1.1460003852844238,79.4800033569336,66.93000030517578,53.29999923706055,63.45000076293945,108.12000274658203,87.16899871826172
2026-04-01,28.68000030517578,1.1574207544326782,83.11000061035156,68.19000244140625,55.0,63.529998779296875,110.33999633789062,87.48347473144531
2026-04-02,29.329999923706055,1.159057378768921,82.79000091552734,68.22000122070312,54.849998474121094,64.01000213623047,110.37999725341797,88.67259979248047
2026-04-03,,1.1541746854782104,,,,,,
2026-04-06,29.479999542236328,1.150999665260315,,,,,,88.80034637451172
2026-04-07,29.3700008392334,1.1541212797164917,82.58999633789062,67.66999816894531,54.65999984741211,63.63999938964844,109.73999786376953,88.9281005859375
2026-04-08,28.559999465942383,1.1686612367630005,86.52999877929688,69.44000244140625,56.439998626708984,63.689998626708984,112.54000091552734,90.52997589111328
2026-04-09,28.709999084472656,1.16593599319458,87.06999969482422,69.66999816894531,56.38999938964844,63.63999938964844,112.69999694824219,91.17858123779297
2026-04-10,28.5,1.1691256761550903,88.13999938964844,69.80000305175781,56.5,62.91999816894531,112.98999786376953,91.37512969970703
2026-04-13,28.959999084472656,1.1675150394439697,87.7300033569336,69.69999694824219,56.2599983215332,62.720001220703125,112.95999908447266,91.71908569335938
2026-04-14,28.84000015258789,1.176885962486267,89.05999755859375,70.37000274658203,56.65999984741211,62.70000076293945,114.16000366210938,92.5937271118164
2026-04-15,28.889999389648438,1.179940938949585,88.87000274658203,70.29000091552734,56.650001525878906,62.70000076293945,114.6500015258789,92.66251373291016
2026-04-16,29.110000610351562,1.1809163093566895,89.23999786376953,70.77999877929688,57.18000030517578,63.11000061035156,115.31999969482422,93.51750183105469
2026-04-17,28.290000915527344,1.1782727241516113,90.41000366210938,71.5,57.88999938964844,63.25,116.68000030517578,95.01126861572266
2026-04-20,28.670000076293945,1.1741223335266113,89.91999816894531,71.44000244140625,57.63999938964844,63.43000030517578,116.20999908447266,95.35521697998047
2026-04-21,29.209999084472656,1.1784392595291138,89.41999816894531,71.30999755859375,57.470001220703125,63.040000915527344,116.0999984741211,93.66490936279297
2026-04-22,29.510000228881836,1.174425721168518,90.19000244140625,71.5999984741211,57.650001525878906,62.880001068115234,116.55999755859375,92.88854217529297
2026-04-23,29.889999389648438,1.1706037521362305,91.19000244140625,71.83999633789062,58.09000015258789,63.04999923706055,116.9800033569336,93.84180450439453
2026-04-24,29.860000610351562,1.16838800907135,91.30000305175781,71.7699966430664,58.18000030517578,62.63999938964844,116.75,93.65509033203125
2026-04-27,30.09000015258789,1.1706448793411255,91.05000305175781,71.56999969482422,58.40999984741211,62.560001373291016,116.62000274658203,93.14405822753906
2026-04-28,30.34000015258789,1.1723467111587524,89.77999877929688,71.26000213623047,58.15999984741211,62.689998626708984,116.2699966430664,93.99903869628906
2026-04-29,31.079999923706055,1.171783447265625,90.52999877929688,71.2300033569336,58.95000076293945,62.470001220703125,116.33999633789062,93.26199340820312
2026-04-30,31.100000381469727,1.168470025062561,91.95999908447266,71.55000305175781,59.810001373291016,62.790000915527344,117.06999969482422,94.66730499267578
2026-05-01,30.809999465942383,1.172910451889038,,,,,,94.40196228027344
2026-05-04,31.329999923706055,1.1726628541946411,92.19000244140625,71.37999725341797,60.31999969482422,62.88999938964844,117.44999694824219,93.81232452392578
2026-05-05,31.200000762939453,1.1691941022872925,94.13999938964844,71.76000213623047,61.61000061035156,62.7400016784668,118.20999908447266,94.10713958740234
2026-05-06,30.209999084472656,1.1715774536132812,95.83999633789062,72.58000183105469,62.52000045776367,62.59000015258789,119.58000183105469,95.4141845703125
2026-05-07,30.25,1.1747430562973022,94.91000366210938,72.5199966430664,62.43000030517578,62.400001525878906,119.62999725341797,94.72626495361328
2026-05-08,30.299999237060547,1.1731581687927246,95.7300033569336,72.41999816894531,63.20000076293945,62.27000045776367,119.51000213623047,94.95230102539062
2026-05-11,31.059999465942383,1.176885962486267,97.5999984741211,72.41000366210938,64.54000091552734,62.060001373291016,119.94000244140625,95.02108764648438
2026-05-12,31.690000534057617,1.177994966506958,96.1500015258789,72.11000061035156,63.38999938964844,62.459999084472656,119.18000030517578,95.02108764648438
2026-05-13,31.3700008392334,1.1735436916351318,98.30999755859375,72.5999984741211,64.75,62.34000015258789,120.43000030517578,94.23490142822266
2026-05-14,31.149999618530273,1.1716049909591675,98.97000122070312,73.58000183105469,65.54000091552734,63.279998779296875,121.98999786376953,93.67473602294922
2026-05-15,31.190000534057617,1.166208028793335,97.27999877929688,73.27999877929688,64.2699966430664,63.369998931884766,121.02999877929688,92.28907775878906
2026-05-18,31.3799991607666,1.161440134048462,95.93000030517578,72.94000244140625,63.650001525878906,63.650001525878906,120.38999938964844,93.3700942993164
2026-05-19,31.610000610351562,1.1655147075653076,94.93000030517578,73.11000061035156,63.4900016784668,64.5199966430664,120.30000305175781,93.63542175292969
2026-05-20,30.8799991607666,1.1607122421264648,96.88999938964844,73.58999633789062,64.76000213623047,64.22000122070312,121.3499984741211,94.82453918457031
2026-05-21,30.700000762939453,1.1625338792800903,97.58999633789062,73.73999786376953,65.05000305175781,64.18000030517578,121.51000213623047,95.00143432617188
2026-05-22,30.540000915527344,1.1621150970458984,98.95999908447266,74.5,66.55999755859375,64.45999908447266,122.81999969482422,95.0997085571289
2026-05-25,,1.164225697517395,100.05999755859375,74.95999908447266,67.5,64.68000030517578,123.54000091552734,
2026-05-26,30.030000686645508,1.1637378931045532,100.5999984741211,74.52999877929688,68.16999816894531,64.04000091552734,123.12999725341797,95.54194641113281
2026-05-27,29.489999771118164,1.1636837720870972,100.12000274658203,74.37000274658203,68.01000213623047,63.90999984741211,122.86000061035156,95.24711608886719
2026-05-28,29.719999313354492,1.1617909669876099,100.44000244140625,74.3499984741211,68.51000213623047,63.68000030517578,123.16000366210938,94.88350677490234
2026-05-29,29.479999542236328,1.1652837991714478,99.69999694824219,74.22000122070312,68.88999938964844,63.5099983215332,123.43000030517578,94.04817199707031
2026-06-01,29.989999771118164,1.164890170097351,100.13999938964844,74.06999969482422,69.37999725341797,63.77000045776367,123.76000213623047,92.4659652709961
2026-06-02,30.1200008392334,1.1635483503341675,101.94999694824219,74.2699966430664,69.94000244140625,63.61000061035156,124.2699966430664,92.88854217529297
2026-06-03,30.290000915527344,1.1622096300125122,103.29000091552734,74.2300033569336,70.02999877929688,63.75,123.9000015258789,92.78044891357422
2026-06-04,29.8799991607666,1.160941243171692,102.36000061035156,74.80999755859375,69.4800033569336,63.70000076293945,123.91000366210938,94.44126892089844
2026-06-05,29.229999542236328,1.1612648963928223,100.51000213623047,74.66999816894531,68.36000061035156,64.51000213623047,123.33999633789062,95.11936950683594
2026-06-08,29.469999313354492,1.1522595882415771,100.66999816894531,74.45999908447266,68.41999816894531,63.9900016784668,122.66999816894531,93.82215118408203
2026-06-09,29.06999969482422,1.1528440713882446,98.38999938964844,73.80000305175781,67.16000366210938,63.709999084472656,120.87999725341797,95.98417663574219
2026-06-10,29.170000076293945,1.1535356044769287,97.9800033569336,74.01000213623047,66.93000030517578,64.18000030517578,120.7300033569336,95.99400329589844
2026-06-11,28.850000381469727,1.1535621881484985,99.87999725341797,74.36000061035156,67.18000030517578,64.30999755859375,120.88999938964844,95.92520904541016
2026-06-12,28.549999237060547,1.157594919204712,103.16000366210938,75.2699966430664,69.12000274658203,64.29000091552734,122.81999969482422,96.80967712402344
2026-06-15,28.219999313354492,1.1603081226348877,105.02999877929688,75.88999938964844,70.02999877929688,64.11000061035156,124.26000213623047,96.131591796875
2026-06-16,27.899999618530273,1.1594202518463135,104.52999877929688,75.7699966430664,69.58999633789062,63.97999954223633,124.11000061035156,96.36743927001953
2026-06-17,27.709999084472656,1.1609952449798584,105.54000091552734,75.81999969482422,69.5999984741211,63.849998474121094,124.16999816894531,93.9597396850586
2026-06-18,27.6299991607666,1.150734782218933,107.3499984741211,75.83000183105469,70.06999969482422,63.439998626708984,124.66999816894531,93.91059112548828
2026-06-19,,1.1458560228347778,107.47000122070312,75.76000213623047,70.18000030517578,63.52000045776367,124.81999969482422,
2026-06-22,27.40999984741211,1.1462763547897339,108.83000183105469,75.94000244140625,71.12000274658203,63.56999969482422,125.04000091552734,94.92281341552734
2026-06-23,27.1200008392334,1.1427135467529297,105.81999969482422,75.30000305175781,69.58000183105469,64.05999755859375,123.91999816894531,96.1708984375
2026-06-24,26.450000762939453,1.1379542350769043,105.69000244140625,75.87000274658203,69.33000183105469,64.69999694824219,124.7300033569336,96.17585754394531
2026-06-25,26.93000030517578,1.1354217529296875,107.48999786376953,75.66000366210938,70.73999786376953,64.54000091552734,124.08000183105469,96.35430908203125
2026-06-26,26.56999969482422,1.1361699104309082,105.76000213623047,75.5999984741211,70.37000274658203,64.8499984741211,123.7300033569336,97.82157897949219
2026-06-29,26.559999465942383,1.1385631561279297,105.58999633789062,76.13999938964844,68.91999816894531,64.69999694824219,123.87999725341797,97.3060531616211
2026-06-30,26.65999984741211,1.1422044038772583,108.66999816894531,76.9000015258789,69.52999877929688,64.7300033569336,125.08999633789062,95.60083770751953
2026-07-01,26.450000762939453,1.1413310766220093,106.58000183105469,77.31999969482422,69.12999725341797,65.19999694824219,125.88999938964844,95.98748779296875
2026-07-02,26.56999969482422,1.13779878616333,103.56999969482422,76.9000015258789,68.36000061035156,65.56999969482422,125.2300033569336,97.17716217041016
2026-07-03,,1.1422696113586426,104.69000244140625,77.38999938964844,69.1500015258789,65.62999725341797,125.72000122070312,
2026-07-06,27.0,1.1437721252441406,104.77999877929688,77.16999816894531,69.05000305175781,65.62999725341797,126.33999633789062,96.40386962890625
2026-07-07,27.350000381469727,1.144177794456482,100.62999725341797,76.66000366210938,67.83999633789062,66.20999908447266,125.4000015258789,97.55390167236328
2026-07-08,27.799999237060547,1.140380859375,100.55999755859375,76.2699966430664,67.3499984741211,65.93000030517578,124.4800033569336,95.96765899658203
2026-07-09,27.579999923706055,1.1422044038772583,103.8499984741211,76.87999725341797,68.91000366210938,65.63999938964844,125.72000122070312,96.25516510009766
2026-07-10,27.520000457763672,1.1433405876159668,103.13999938964844,77.19999694824219,68.98999786376953,65.66999816894531,126.16000366210938,96.48318481445312
2026-07-13,28.329999923706055,1.1404459476470947,102.33000183105469,77.45999908447266,68.58999633789062,66.0999984741211,126.33000183105469,96.98880767822266
2026-07-14,28.6299991607666,1.1384334564208984,103.13999938964844,77.18000030517578,68.94999694824219,65.69999694824219,126.08999633789062,96.73104095458984
2026-07-15,28.790000915527344,1.1424654722213745,101.05000305175781,77.52999877929688,67.87000274658203,65.26000213623047,126.29000091552734,97.01854705810547
2026-07-16,28.459999084472656,1.1470258235931396,99.73999786376953,77.83999633789062,67.37000274658203,65.55000305175781,126.2699966430664,99.20954132080078
2026-07-17,28.979999542236328,1.1444659233093262,98.18000030517578,76.91999816894531,67.12000274658203,65.98999786376953,124.86000061035156,99.15996551513672
2026-07-20,29.139999389648438,1.142765760421753,99.41000366210938,76.9800033569336,67.47000122070312,65.70999908447266,125.25,98.62461853027344
2026-07-21,29.56999969482422,1.1418131589889526,101.94000244140625,77.19999694824219,68.5999984741211,65.4800033569336,125.73999786376953,98.66426849365234
2026-07-22,29.860000610351562,1.140380859375,102.70999908447266,77.16000366210938,69.20999908447266,65.62000274658203,126.0199966430664,98.16856384277344
2026-07-23,30.309999465942383,1.1411746740341187,102.1500015258789,76.51000213623047,68.73999786376953,65.58999633789062,124.44999694824219,97.8414077758789
2026-07-24,30.100000381469727,1.137682318687439,101.25,77.0999984741211,68.7699966430664,66.20999908447266,125.27999877929688,99.94317626953125
2026-07-27,29.010000228881836,1.1394972801208496,98.02999877929688,76.77999877929688,68.36000061035156,66.80000305175781,124.77999877929688,99.67549896240234
2026-07-28,28.600000381469727,1.1369450092315674,96.05999755859375,77.20999908447266,68.33000183105469,67.72000122070312,125.16999816894531,100.08197021484375
2026-07-29,29.420000076293945,1.1386538743972778,94.83000183105469,76.77999877929688,67.93000030517578,67.8499984741211,124.31999969482422,99.79447174072266
2026-07-30,29.31999969482422,1.1467232704162598,97.11000061035156,76.2300033569336,68.08000183105469,66.22000122070312,123.69000244140625,98.63452911376953
2026-07-31,29.450000762939453,1.1523525714874268,98.0999984741211,76.29000091552734,67.81999969482422,66.30000305175781,124.2300033569336,98.09916687011719
2026-08-03,28.8799991607666,1.154401183128357,97.88999938964844,77.27999877929688,68.13999938964844,66.54000091552734,126.11000061035156,98.2181396484375
2026-08-04,28.309999465942383,1.150734782218933,100.73999786376953,78.16999816894531,69.4800033569336,66.66000366210938,127.80000305175781,98.06942749023438
2026-08-05,28.479999542236328,1.153242826461792,100.97000122070312,78.41999816894531,69.5,66.73999786376953,128.25999450683594,98.06942749023438
2026-08-06,28.860000610351562,1.1557353734970093,100.5999984741211,78.3499984741211,69.66000366210938,67.0999984741211,128.08999633789062,97.1969985961914
2026-08-07,28.90999984741211,1.1524720191955566,100.16000366210938,78.51000213623047,69.54000091552734,67.52999877929688,128.6699981689453,97.5836410522461
2026-08-10,29.93000030517578,1.155641794204712,100.0999984741211,78.6500015258789,69.63999938964844,67.6500015258789,128.75,96.27499389648438
2026-08-11,29.969999313354492,1.1546411514282227,100.31999969482422,78.70999908447266,69.48999786376953,67.62999725341797,128.72000122070312,95.55126953125
2026-08-12,30.110000610351562,1.1543744802474976,102.25,78.55999755859375,70.2300033569336,67.52999877929688,128.8000030517578,96.47327423095703
2026-08-13,29.780000686645508,1.1530035734176636,103.11000061035156,78.87000274658203,70.98999786376953,67.6500015258789,129.3800048828125,97.73235321044922
2026-08-14,30.0,1.1535356044769287,102.22000122070312,78.58000183105469,70.73999786376953,67.5199966430664,128.86000061035156,97.9802017211914
2026-08-17,30.559999465942383,1.1573940515518188,104.2300033569336,78.30999755859375,71.29000091552734,67.16000366210938,128.7100067138672,97.13751220703125
2026-08-18,30.479999542236328,1.1582788228988647,100.9000015258789,77.80000305175781,69.88999938964844,67.27999877929688,127.44000244140625,96.78060913085938
2026-08-19,30.760000228881836,1.1579434871673584,99.7699966430664,77.77999877929688,69.5999984741211,67.27999877929688,126.98999786376953,97.76209259033203
2026-08-20,31.110000610351562,1.1673787832260132,99.30999755859375,77.25,69.66000366210938,67.06999969482422,126.18000030517578,97.75218200683594
2026-08-21,31.260000228881836,1.1687841415405273,99.7300033569336,77.41000366210938,70.25,67.2300033569336,126.5,97.65303802490234
2026-08-24,30.940000534057617,1.1681560277938843,98.23999786376953,77.44999694824219,69.47000122070312,67.31999969482422,126.2300033569336,98.24787902832031
2026-08-25,30.43000030517578,1.1668338775634766,99.33000183105469,77.69999694824219,69.75,67.41000366210938,126.52999877929688,98.39659118652344
2026-08-26,30.5,1.1674741506576538,99.44999694824219,77.73999786376953,70.06999969482422,67.44000244140625,126.68000030517578,97.76209259033203
2026-08-27,30.860000610351562,1.1654876470565796,98.98999786376953,77.79000091552734,69.80000305175781,67.44999694824219,127.1500015258789,96.81034851074219
2026-08-28,30.790000915527344,1.1656370162963867,99.31999969482422,78.37000274658203,70.51000213623047,67.75,128.2100067138672,96.40386962890625
2026-08-31,31.299999237060547,1.1588962078094482,98.16999816894531,77.38999938964844,70.18000030517578,67.44000244140625,126.77999877929688,95.61075592041016
2026-09-01,31.93000030517578,1.1617640256881714,98.05000305175781,77.16000366210938,70.5199966430664,67.56999969482422,126.58000183105469,95.47196197509766
2026-09-02,31.93000030517578,1.1595547199249268,98.04000091552734,77.26000213623047,70.48999786376953,67.55000305175781,126.81999969482422,94.95642852783203
2026-09-03,31.959999084472656,1.1585336923599243,98.95999908447266,77.70999908447266,71.12999725341797,67.81999969482422,127.83999633789062,95.82886505126953
2026-09-04,31.899999618530273,1.1628313064575195,99.9000015258789,77.4800033569336,71.62000274658203,67.43000030517578,127.44000244140625,95.1943588256836
2026-09-07,,1.1613997220993042,100.80000305175781,77.3499984741211,71.9000015258789,67.06999969482422,127.33000183105469,
2026-09-08,32.400001525878906,1.1627637147903442,101.4800033569336,77.0199966430664,71.62000274658203,66.80000305175781,127.16999816894531,95.10514068603516
2026-09-09,32.849998474121094,1.1627366542816162,100.97000122070312,76.33999633789062,71.2300033569336,66.33000183105469,126.02999877929688,94.1236572265625
2026-09-10,33.619998931884766,1.1633858680725098,99.76000213623047,76.05000305175781,70.58999633789062,66.25,125.41999816894531,93.31070709228516
2026-09-11,33.15999984741211,1.1609952449798584,100.69000244140625,76.66000366210938,71.33000183105469,66.62000274658203,126.63999938964844,93.98485565185547
2026-09-14,33.150001525878906,1.1593934297561646,98.87000274658203,76.75,70.91000366210938,67.37000274658203,126.43000030517578,93.5188980102539
2026-09-15,33.68000030517578,1.154854416847229,98.62000274658203,76.41999816894531,70.83000183105469,67.08000183105469,125.80000305175781,93.2908706665039
2026-09-16,33.15999984741211,1.153761863708496,99.66000366210938,76.66000366210938,70.95999908447266,67.11000061035156,126.44999694824219,92.67620849609375
2026-09-17,33.04999923706055,1.1469862461090088,100.97000122070312,76.98999786376953,71.83000183105469,67.22000122070312,127.41000366210938,93.00336456298828
2026-09-18,32.93000030517578,1.1476049423217773,101.08000183105469,77.06999969482422,71.06999969482422,66.83999633789062,127.05000305175781,92.11111450195312
2026-09-21,32.58000183105469,1.1479737758636475,103.54000091552734,77.83999633789062,71.9800033569336,67.04000091552734,128.60000610351562,93.00336456298828
2026-09-22,32.439998626708984,1.1464602947235107,104.05999755859375,78.4800033569336,72.29000091552734,67.06999969482422,129.3800048828125,92.81500244140625
2026-09-23,32.880001068115234,1.1447935104370117,104.12000274658203,78.44000244140625,72.3499984741211,67.12000274658203,129.1199951171875,91.44999694824219
2026-09-24,33.18000030517578,1.138187289237976,103.43000030517578,78.13999938964844,71.56999969482422,66.9800033569336,128.3800048828125,91.16999816894531
2026-09-25,32.619998931884766,1.1374752521514893,104.51000213623047,78.44999694824219,72.20999908447266,66.83000183105469,128.9199981689453,90.98999786376953
2026-09-28,32.4900016784668,1.13779878616333,103.47000122070312,78.37999725341797,71.44000244140625,66.7300033569336,128.57000732421875,90.58999633789062
2026-09-29,32.0,1.137268304824829,104.37000274658203,78.75,71.47000122070312,66.58000183105469,128.69000244140625,90.52999877929688
2026-09-30,32.31999969482422,1.134082555770874,104.83999633789062,78.94000244140625,71.75,66.7300033569336,129.13999938964844,89.62999725341797
2026-10-01,32.75,1.1327208280563354,105.06999969482422,79.04000091552734,71.19999694824219,67.0999984741211,128.80999755859375,89.16999816894531
2026-10-02,32.540000915527344,1.124985933303833,106.55999755859375,79.72000122070312,71.91000366210938,67.20999908447266,130.0399932861328,89.5
2026-10-05,32.474998474121094,1.120824933052063,107.23999786376953,80.33999633789062,72.16000366210938,67.73999786376953,131.17999267578125,89.51000213623047
